 2     2  1834   TRP 391  , 2     2  1813   TRP 370  ,1.0,100100.0
 3     3  2682   TRP 517  , 3     3  2650   TYR 485  ,1.0,100100.0
 1     1  1238   TRP 517  , 1     1  1206   TYR 485  ,1.0,100100.0
 0     0   125   PHE 126  , 0     0    86   PHE 87   ,1.0,100100.0
 3     3  2594   PHE 429  , 3     3  2535   TRP 370  ,0.999000999000999,100000.0
 0     0   332   ARG 333  , 0     0   260   PHE 261  ,0.998001998001998,99900.0
 3     3  2291   PHE 126  , 3     3  2252   PHE 87   ,0.998001998001998,99900.0
 0     0   390   TRP 391  , 0     0   369   TRP 370  ,0.997002997002997,99800.0
 1     1   847   PHE 126  , 1     1   808   PHE 87   ,0.995004995004995,99600.0
 2     2  1776   ARG 333  , 2     2  1704   PHE 261  ,0.994005994005994,99500.0
 2     2  1569   PHE 126  , 2     2  1530   PHE 87   ,0.994005994005994,99500.0
 0     0   335   ARG 336  , 0     0   260   PHE 261  ,0.993006993006993,99400.0
 2     2  1872   PHE 429  , 2     2  1813   TRP 370  ,0.991008991008991,99200.0
 2     2  1779   ARG 336  , 2     2  1704   PHE 261  ,0.99000999000999,99100.0
 1     1  1150   PHE 429  , 1     1  1091   TRP 370  ,0.989010989010989,99000.0
 0     0   428   PHE 429  , 0     0   369   TRP 370  ,0.989010989010989,99000.0
 0     0   332   ARG 333  , 0     0   329   ARG 330  ,0.981018981018981,98200.0
 0     0   370   TYR 371  , 0     0   240   PHE 241  ,0.981018981018981,98200.0
 2     2  1911   PHE 468  , 2     2  1907   TYR 464  ,0.981018981018981,98200.0
 0     0   656   TYR 657  , 0     0   655   PHE 656  ,0.978021978021978,97900.0
 2     2  1734   TYR 291  , 2     2  1712   PHE 269  ,0.977022977022977,97800.0
 2     2  2100   TYR 657  , 2     2  2099   PHE 656  ,0.971028971028971,97200.0
 2     2  1866   TYR 423  , 2     2  1680   TYR 237  ,0.9600399600399601,96100.0
 1     1  1242   ARG 521  , 1     1  1238   TRP 517  ,0.9590409590409591,96000.0
 3     3  2748   HIS 583  , 2     2  2007   ARG 564  ,0.958041958041958,95900.0
 1     1  1276   PHE 555  , 1     1  1270   PHE 549  ,0.957042957042957,95800.0
 0     0   663   PHE 664  , 0     0   621   TRP 622  ,0.9560439560439561,95700.0
 2     2  2107   PHE 664  , 2     2  2065   TRP 622  ,0.955044955044955,95600.0
 0     0   422   TYR 423  , 0     0   236   TYR 237  ,0.9430569430569431,94400.0
 1     1  1092   TYR 371  , 1     1   962   PHE 241  ,0.942057942057942,94300.0
 0     0   467   PHE 468  , 0     0   463   TYR 464  ,0.936063936063936,93700.0
 3     3  2578   TRP 413  , 3     3  2570   PHE 405  ,0.916083916083916,91700.0
 1     1  1134   TRP 413  , 1     1  1124   TYR 403  ,0.9140859140859141,91500.0
 0     0   592   PHE 593  , 0     0   551   HIS 552  ,0.9090909090909091,91000.0
 1     1   790   PHE 69   , 1     1   776   TYR 55   ,0.9080919080919081,90900.0
 1     1  1267   ARG 546  , 1     1  1264   HIS 543  ,0.9070929070929071,90800.0
 3     3  2509   TYR 344  , 3     3  2387   TRP 222  ,0.9040959040959041,90500.0
 3     3  2295   PHE 130  , 3     3  2214   PHE 49   ,0.9020979020979021,90300.0
 3     3  2344   HIS 179  , 3     3  2301   PHE 136  ,0.9010989010989011,90200.0
 3     3  2729   ARG 564  , 0     0   582   HIS 583  ,0.8881118881118881,88900.0
 3     3  2234   PHE 69   , 3     3  2220   TYR 55   ,0.8861138861138861,88700.0
 1     1   851   PHE 130  , 1     1   770   PHE 49   ,0.8801198801198801,88100.0
 2     2  1512   PHE 69   , 2     2  1498   TYR 55   ,0.8791208791208791,88000.0
 0     0    68   PHE 69   , 0     0    54   TYR 55   ,0.8731268731268731,87400.0
 2     2  1856   TRP 413  , 2     2  1848   PHE 405  ,0.8631368631368631,86400.0
 2     2  1776   ARG 333  , 2     2  1773   ARG 330  ,0.8631368631368631,86400.0
 0     0   554   PHE 555  , 0     0   548   PHE 549  ,0.8631368631368631,86400.0
 2     2  1573   PHE 130  , 2     2  1492   PHE 49   ,0.8611388611388612,86200.0
 0     0   212   TYR 213  , 0     0   211   HIS 212  ,0.8591408591408591,86000.0
 1     1  1054   ARG 333  , 1     1   982   PHE 261  ,0.8561438561438561,85700.0
 1     1  1385   PHE 664  , 1     1  1276   PHE 555  ,0.8471528471528471,84800.0
 2     2  1866   TYR 423  , 2     2  1684   PHE 241  ,0.8461538461538461,84700.0
 1     1  1378   TYR 657  , 1     1  1377   PHE 656  ,0.8231768231768232,82400.0
 3     3  2501   ARG 336  , 3     3  2426   PHE 261  ,0.8191808191808192,82000.0
 1     1   919   TYR 198  , 1     1   738   PHE 17   ,0.8181818181818182,81900.0
 1     1  1291   PHE 570  , 1     1  1270   PHE 549  ,0.8171828171828172,81800.0
 0     0    56   ARG 57   , 0     0    43   TYR 44   ,0.8161838161838162,81700.0
 3     3  2588   TYR 423  , 3     3  2402   TYR 237  ,0.8041958041958042,80500.0
 3     3  2720   PHE 555  , 3     3  2714   PHE 549  ,0.8001998001998002,80100.0
 0     0   182   ARG 183  , 0     0   135   PHE 136  ,0.7972027972027972,79800.0
 3     3  2536   TYR 371  , 3     3  2406   PHE 241  ,0.7932067932067932,79400.0
 2     2  1766   PHE 323  , 2     2  1749   TYR 306  ,0.7932067932067932,79400.0
 1     1  1368   ARG 647  , 1     1  1342   PHE 621  ,0.7852147852147852,78600.0
 2     2  1739   PHE 296  , 2     2  1712   PHE 269  ,0.7652347652347652,76600.0
 0     0    86   PHE 87   , 0     0    39   TRP 40   ,0.7602397602397603,76100.0
 3     3  2252   PHE 87   , 3     3  2205   TRP 40   ,0.7602397602397603,76100.0
 2     2  1814   TYR 371  , 2     2  1684   PHE 241  ,0.7582417582417582,75900.0
 2     2  1911   PHE 468  , 1     1  1189   PHE 468  ,0.7492507492507493,75000.0
 1     1  1220   TYR 499  , 1     1  1216   PHE 495  ,0.7472527472527473,74800.0
 3     3  2512   TYR 347  , 0     0   485   HIS 486  ,0.7462537462537463,74700.0
 2     2  1569   PHE 126  , 2     2  1483   TRP 40   ,0.7452547452547452,74600.0
 2     2  2036   PHE 593  , 2     2  1995   HIS 552  ,0.7372627372627373,73800.0
 3     3  2291   PHE 126  , 3     3  2205   TRP 40   ,0.7192807192807192,72000.0
 1     1   808   PHE 87   , 1     1   761   TRP 40   ,0.7162837162837162,71700.0
 3     3  2758   PHE 593  , 3     3  2717   HIS 552  ,0.7032967032967034,70400.0
 2     2  1530   PHE 87   , 2     2  1483   TRP 40   ,0.7032967032967034,70400.0
 0     0   290   TYR 291  , 0     0   268   PHE 269  ,0.7012987012987013,70200.0
 1     1   847   PHE 126  , 1     1   761   TRP 40   ,0.7002997002997003,70100.0
 1     1  1304   HIS 583  , 0     0   563   ARG 564  ,0.6983016983016983,69900.0
 1     1   825   ARG 104  , 1     1   821   TYR 100  ,0.6973026973026973,69800.0
 1     1   778   ARG 57   , 1     1   765   TYR 44   ,0.6763236763236763,67700.0
 1     1  1144   TYR 423  , 1     1  1085   HIS 364  ,0.6753246753246753,67600.0
 2     2  2090   ARG 647  , 2     2  2064   PHE 621  ,0.6733266733266733,67400.0
 1     1  1057   ARG 336  , 1     1   982   PHE 261  ,0.6733266733266733,67400.0
 1     1  1189   PHE 468  , 1     1  1185   TYR 464  ,0.6733266733266733,67400.0
 0     0   125   PHE 126  , 0     0    39   TRP 40   ,0.6723276723276723,67300.0
 1     1   962   PHE 241  , 1     1   958   TYR 237  ,0.6563436563436563,65700.0
 3     3  2882   PHE 717  , 3     3  2861   ARG 696  ,0.6533466533466533,65400.0
 2     2  1960   TRP 517  , 2     2  1928   TYR 485  ,0.6503496503496503,65099.99999999999
 1     1  1295   HIS 574  , 0     0     7   ARG 8    ,0.6503496503496503,65099.99999999999
 2     2  1500   ARG 57   , 2     2  1487   TYR 44   ,0.6443556443556444,64500.00000000001
 2     2  1573   PHE 130  , 2     2  1552   PHE 109  ,0.6443556443556444,64500.00000000001
 3     3  2269   ARG 104  , 3     3  2265   TYR 100  ,0.6323676323676324,63300.0
 3     3  2735   PHE 570  , 3     3  2714   PHE 549  ,0.6303696303696303,63100.0
 3     3  2504   ARG 339  , 3     3  2460   TRP 295  ,0.6283716283716284,62900.00000000001
 1     1  1314   PHE 593  , 1     1  1273   HIS 552  ,0.6283716283716284,62900.00000000001
 0     0   103   ARG 104  , 0     0    99   TYR 100  ,0.6233766233766234,62400.0
 3     3  2711   ARG 546  , 3     3  2708   HIS 543  ,0.6213786213786214,62200.00000000001
 0     0   646   ARG 647  , 0     0   620   PHE 621  ,0.6073926073926074,60800.0
 2     2  1998   PHE 555  , 2     2  1992   PHE 549  ,0.6063936063936064,60700.0
 3     3  2829   PHE 664  , 3     3  2720   PHE 555  ,0.6063936063936064,60700.0
 3     3  2222   ARG 57   , 3     3  2209   TYR 44   ,0.6053946053946054,60600.00000000001
 3     3  2588   TYR 423  , 3     3  2406   PHE 241  ,0.6033966033966034,60400.0
 0     0   343   TYR 344  , 0     0   342   HIS 343  ,0.6023976023976024,60300.0
 2     2  1693   TRP 250  , 2     2  1687   ARG 244  ,0.5974025974025974,59800.0
 0     0   516   TRP 517  , 0     0   484   TYR 485  ,0.5924075924075924,59300.0
 0     0   665   ARG 666  , 0     0   661   HIS 662  ,0.5874125874125874,58800.0
 3     3  2378   TYR 213  , 3     3  2377   HIS 212  ,0.5814185814185814,58199.99999999999
 3     3  2822   TYR 657  , 3     3  2821   PHE 656  ,0.5764235764235764,57700.0
 1     1  1124   TYR 403  , 1     1  1100   PHE 379  ,0.5744255744255744,57500.0
 3     3  2651   HIS 486  , 2     2  1790   TYR 347  ,0.5684315684315684,56899.99999999999
 0     0   129   PHE 130  , 0     0    48   PHE 49   ,0.5604395604395604,56100.0
 0     0   295   PHE 296  , 0     0   268   PHE 269  ,0.5584415584415584,55900.0
 2     2  2109   ARG 666  , 2     2  2105   HIS 662  ,0.5494505494505495,55000.00000000001
 3     3  2498   ARG 333  , 3     3  2426   PHE 261  ,0.5444555444555444,54500.0
 2     2  1782   ARG 339  , 2     2  1738   TRP 295  ,0.5234765234765235,52400.00000000001
 3     3  2633   PHE 468  , 1     1  1189   PHE 468  ,0.5154845154845155,51600.0
 1     1  1065   TYR 344  , 1     1  1064   HIS 343  ,0.5134865134865135,51400.00000000001
 1     1   902   HIS 181  , 1     1   900   HIS 179  ,0.5134865134865135,51400.00000000001
 2     2  1547   ARG 104  , 2     2  1543   TYR 100  ,0.5134865134865135,51400.00000000001
 1     1  1112   TRP 391  , 1     1  1091   TRP 370  ,0.5064935064935064,50699.99999999999
 3     3  2633   PHE 468  , 0     0   467   PHE 468  ,0.5064935064935064,50699.99999999999
 1     1  1064   HIS 343  , 1     1   728   ARG 7    ,0.5034965034965035,50400.00000000001
 3     3  2829   PHE 664  , 3     3  2787   TRP 622  ,0.5014985014985015,50200.0
 0     0   249   TRP 250  , 0     0   229   TYR 230  ,0.5004995004995005,50100.00000000001
 3     3  2664   TYR 499  , 3     3  2660   PHE 495  ,0.5004995004995005,50100.00000000001
 1     1   933   HIS 212  , 1     1   728   ARG 7    ,0.4935064935064935,49400.0
 3     3  2883   ARG 718  , 3     3  2879   PHE 714  ,0.4905094905094905,49100.0
 1     1  1134   TRP 413  , 1     1  1100   PHE 379  ,0.48951048951048953,49000.0
 3     3  2435   HIS 270  , 3     3  2434   PHE 269  ,0.47952047952047955,48000.0
 2     2  2013   PHE 570  , 2     2  1992   PHE 549  ,0.4785214785214785,47900.0
 0     0   621   TRP 622  , 0     0   620   PHE 621  ,0.4745254745254745,47500.0
 0     0   422   TYR 423  , 0     0   240   PHE 241  ,0.47352647352647353,47400.0
 3     3  2509   TYR 344  , 3     3  2508   HIS 343  ,0.45854145854145856,45900.0
 2     2  1929   HIS 486  , 2     2  1928   TYR 485  ,0.45854145854145856,45900.0
 2     2  1964   ARG 521  , 2     2  1928   TYR 485  ,0.45554445554445555,45600.0
 2     2  1782   ARG 339  , 2     2  1779   ARG 336  ,0.45454545454545453,45500.0
 0     0   402   TYR 403  , 0     0   378   PHE 379  ,0.45054945054945056,45100.0
 3     3  2556   TRP 391  , 3     3  2535   TRP 370  ,0.44655344655344653,44700.0
 1     1  1387   ARG 666  , 1     1  1383   HIS 662  ,0.44655344655344653,44700.0
 3     3  2508   HIS 343  , 3     3  2387   TRP 222  ,0.43756243756243757,43800.0
 0     0   343   TYR 344  , 0     0   221   TRP 222  ,0.42957042957042957,43000.0
 1     1  1385   PHE 664  , 1     1  1381   PHE 660  ,0.42857142857142855,42900.0
 0     0   182   ARG 183  , 0     0   178   HIS 179  ,0.4175824175824176,41800.0
 2     2  1942   TYR 499  , 2     2  1938   PHE 495  ,0.4115884115884116,41200.0
 1     1  1144   TYR 423  , 1     1   958   TYR 237  ,0.4115884115884116,41200.0
 0     0   545   ARG 546  , 0     0   542   HIS 543  ,0.4115884115884116,41200.0
 3     3  2453   ARG 288  , 3     3  2434   PHE 269  ,0.4005994005994006,40100.0
 1     1  1012   TYR 291  , 1     1   990   PHE 269  ,0.3996003996003996,40000.0
 2     2  1911   PHE 468  , 1     1  1185   TYR 464  ,0.3966033966033966,39700.0
 0     0   240   PHE 241  , 0     0   236   TYR 237  ,0.3966033966033966,39700.0
 0     0   412   TRP 413  , 0     0   404   PHE 405  ,0.38961038961038963,39000.0
 2     2  1787   TYR 344  , 2     2  1786   HIS 343  ,0.3856143856143856,38600.0
 1     1  1207   HIS 486  , 0     0   346   TYR 347  ,0.38161838161838163,38200.0
 2     2  1786   HIS 343  , 2     2  1665   TRP 222  ,0.37462537462537465,37500.0
 2     2  2086   HIS 643  , 2     2  2013   PHE 570  ,0.37362637362637363,37400.0
 0     0   663   PHE 664  , 0     0   554   PHE 555  ,0.36563436563436563,36600.0
 0     0   178   HIS 179  , 0     0   135   PHE 136  ,0.36363636363636365,36400.0
 1     1  1189   PHE 468  , 0     0   467   PHE 468  ,0.3626373626373626,36300.0
 3     3  2686   ARG 521  , 3     3  2682   TRP 517  ,0.36063936063936064,36100.0
 2     2  1782   ARG 339  , 2     2  1734   TYR 291  ,0.35764235764235763,35800.0
 4     4  2908   PHE 1021 , 4     4  2888   ARG 1001 ,0.35664335664335667,35700.0
 3     3  2831   ARG 666  , 3     3  2827   HIS 662  ,0.35564435564435565,35600.0
 2     2  1927   ARG 484  , 1     1  1205   ARG 484  ,0.35064935064935066,35100.0
 3     3  2651   HIS 486  , 3     3  2650   TYR 485  ,0.34965034965034963,35000.0
 2     2  2107   PHE 664  , 2     2  1998   PHE 555  ,0.34565434565434566,34600.0
 1     1  1060   ARG 339  , 1     1   994   PHE 273  ,0.34565434565434566,34600.0
 0     0   498   TYR 499  , 0     0   494   PHE 495  ,0.34565434565434566,34600.0
 1     1   851   PHE 130  , 1     1   830   PHE 109  ,0.33666333666333664,33700.0
 3     3  2495   ARG 330  , 3     3  2471   TYR 306  ,0.3356643356643357,33600.0
 1     1  1433   ARG 712  , 1     1  1429   HIS 708  ,0.31868131868131866,31899.999999999996
 3     3  2406   PHE 241  , 3     3  2402   TYR 237  ,0.3086913086913087,30900.0
 2     2  1922   TYR 479  , 2     2  1918   PHE 475  ,0.30569430569430567,30599.999999999996
 0     0   569   PHE 570  , 0     0   548   PHE 549  ,0.2997002997002997,30000.0
 3     3  2882   PHE 717  , 3     3  2879   PHE 714  ,0.2977022977022977,29800.000000000004
 3     3  2879   PHE 714  , 3     3  2858   ARG 693  ,0.2957042957042957,29599.999999999996
 3     3  2295   PHE 130  , 3     3  2274   PHE 109  ,0.2947052947052947,29500.0
 1     1  1009   ARG 288  , 1     1   990   PHE 269  ,0.2917082917082917,29200.0
 1     1  1437   ARG 716  , 1     1  1433   ARG 712  ,0.2907092907092907,29099.999999999996
 2     2  2161   ARG 718  , 2     2  2157   PHE 714  ,0.2887112887112887,28900.0
 0     0   485   HIS 486  , 0     0   484   TYR 485  ,0.28771228771228774,28800.000000000004
 0     0   129   PHE 130  , 0     0   108   PHE 109  ,0.2867132867132867,28700.0
 3     3  2249   ARG 84   , 3     3  2205   TRP 40   ,0.2867132867132867,28700.0
 4     4  2923   PHE 1036 , 4     4  2914   ARG 1027 ,0.2777222777222777,27799.999999999996
 0     0   197   TYR 198  , 0     0    16   PHE 17   ,0.27672327672327673,27700.0
 2     2  2159   ARG 716  , 2     2  2136   ARG 693  ,0.2727272727272727,27299.999999999996
 3     3  2363   TYR 198  , 3     3  2182   PHE 17   ,0.2727272727272727,27299.999999999996
 1     1  1144   TYR 423  , 1     1   962   PHE 241  ,0.2597402597402597,25999.999999999996
 3     3  2504   ARG 339  , 3     3  2456   TYR 291  ,0.2597402597402597,25999.999999999996
 2     2  1656   TYR 213  , 2     2  1655   HIS 212  ,0.2517482517482518,25200.000000000004
 0     0   269   HIS 270  , 0     0   207   HIS 208  ,0.24775224775224775,24800.0
 1     1  1065   TYR 344  , 1     1   943   TRP 222  ,0.24675324675324675,24700.0
 2     2  1693   TRP 250  , 2     2  1680   TYR 237  ,0.24675324675324675,24700.0
 1     1   934   TYR 213  , 1     1   933   HIS 212  ,0.24575424575424576,24600.0
 3     3  2682   TRP 517  , 2     2  1450   ARG 7    ,0.24275724275724275,24300.0
 1     1  1314   PHE 593  , 1     1  1276   PHE 555  ,0.24275724275724275,24300.0
 2     2  2157   PHE 714  , 2     2  2154   ARG 711  ,0.23376623376623376,23400.0
 0     0   679   PHE 680  , 0     0   676   ARG 677  ,0.23276723276723277,23300.0
 3     3  2629   TYR 464  , 3     3  2524   PHE 359  ,0.23176823176823177,23200.0
 2     2  1622   HIS 179  , 2     2  1579   PHE 136  ,0.23076923076923078,23100.0
 2     2  1599   ARG 156  , 2     2  1591   TRP 148  ,0.22977022977022976,23000.0
 1     1  1433   ARG 712  , 1     1  1409   ARG 688  ,0.22877122877122877,22900.0
 1     1  1173   PHE 452  , 1     1  1091   TRP 370  ,0.22377622377622378,22400.0
 1     1  1439   ARG 718  , 1     1  1435   PHE 714  ,0.22377622377622378,22400.0
 3     3  2877   ARG 712  , 3     3  2873   HIS 708  ,0.2217782217782218,22200.0
 3     3  2508   HIS 343  , 3     3  2173   ARG 8    ,0.21178821178821178,21200.0
 3     3  2456   TYR 291  , 3     3  2434   PHE 269  ,0.2087912087912088,20900.0
 2     2  1989   ARG 546  , 2     2  1986   HIS 543  ,0.20679320679320679,20700.0
 2     2  1882   PHE 439  , 2     2  1871   TYR 428  ,0.1998001998001998,20000.0
 2     2  2103   PHE 660  , 2     2  1998   PHE 555  ,0.19880119880119881,19900.0
 1     1   934   TYR 213  , 1     1   728   ARG 7    ,0.19080919080919082,19100.0
 0     0   516   TRP 517  , 0     0   483   ARG 484  ,0.19080919080919082,19100.0
 0     0   150   PHE 151  , 0     0   147   TRP 148  ,0.1878121878121878,18800.0
 0     0   295   PHE 296  , 0     0   290   TYR 291  ,0.18181818181818182,18200.0
 1     1  1385   PHE 664  , 1     1  1343   TRP 622  ,0.18081918081918083,18100.0
 4     4  2901   PHE 1014 , 4     4  2898   TYR 1011 ,0.1798201798201798,18000.0
 1     1  1207   HIS 486  , 1     1  1206   TYR 485  ,0.1798201798201798,18000.0
 3     3  2876   ARG 711  , 3     3  2846   ARG 681  ,0.17182817182817184,17200.0
 3     3  2321   ARG 156  , 3     3  2313   TRP 148  ,0.16983016983016982,17000.0
 1     1  1054   ARG 333  , 1     1  1051   ARG 330  ,0.16683316683316685,16700.0
 2     2  2026   HIS 583  , 1     1  1285   ARG 564  ,0.16683316683316685,16700.0
 3     3  2758   PHE 593  , 3     3  2720   PHE 555  ,0.16483516483516483,16500.0
 0     0   711   ARG 712  , 0     0   707   HIS 708  ,0.16283716283716285,16300.000000000002
 3     3  2604   PHE 439  , 2     2  1872   PHE 429  ,0.15984015984015984,16000.0
 1     1  1276   PHE 555  , 1     1  1273   HIS 552  ,0.15384615384615385,15400.0
 0     0   592   PHE 593  , 0     0   554   PHE 555  ,0.15184815184815184,15200.0
 3     3  2249   ARG 84   , 3     3  2236   TYR 71   ,0.15184815184815184,15200.0
 2     2  2155   ARG 712  , 2     2  2151   HIS 708  ,0.14885114885114886,14900.000000000002
 3     3  2617   PHE 452  , 3     3  2535   TRP 370  ,0.14885114885114886,14900.000000000002
 1     1   877   ARG 156  , 1     1   874   ARG 153  ,0.14885114885114886,14900.000000000002
 2     2  1786   HIS 343  , 2     2  1450   ARG 7    ,0.14585414585414586,14600.0
 3     3  2739   HIS 574  , 3     3  2677   TYR 512  ,0.14585414585414586,14600.0
 2     2  1739   PHE 296  , 2     2  1734   TYR 291  ,0.14385614385614387,14400.000000000002
 2     2  1527   ARG 84   , 2     2  1483   TRP 40   ,0.14185814185814186,14200.0
 1     1  1060   ARG 339  , 1     1  1016   TRP 295  ,0.13986013986013987,14000.000000000002
 0     0   269   HIS 270  , 0     0   268   PHE 269  ,0.13986013986013987,14000.000000000002
 2     2  1960   TRP 517  , 2     2  1927   ARG 484  ,0.13686313686313686,13700.0
 3     3  2461   PHE 296  , 3     3  2434   PHE 269  ,0.13486513486513488,13500.000000000002
 3     3  2876   ARG 711  , 3     3  2873   HIS 708  ,0.12287712287712288,12300.0
 2     2  1787   TYR 344  , 2     2  1665   TRP 222  ,0.12087912087912088,12100.0
 0     0   642   HIS 643  , 0     0   569   PHE 570  ,0.11588411588411589,11600.0
 2     2  2161   ARG 718  , 2     2  2160   PHE 717  ,0.11488511488511488,11500.0
 0     0   663   PHE 664  , 0     0   659   PHE 660  ,0.11488511488511488,11500.0
 3     3  2318   ARG 153  , 3     3  2313   TRP 148  ,0.1108891108891109,11100.0
 1     1  1432   ARG 711  , 1     1  1429   HIS 708  ,0.1108891108891109,11100.0
 0     0   665   ARG 666  , 0     0   555   ARG 556  ,0.1088911088911089,10900.0
 3     3  2876   ARG 711  , 3     3  2858   ARG 693  ,0.10789210789210789,10800.0
 1     1   904   ARG 183  , 1     1   857   PHE 136  ,0.1068931068931069,10700.0
 3     3  2883   ARG 718  , 3     3  2853   ARG 688  ,0.10589410589410589,10600.0
 3     3  2544   PHE 379  , 3     3  2541   TYR 376  ,0.10589410589410589,10600.0
 0     0    83   ARG 84   , 0     0    39   TRP 40   ,0.1048951048951049,10500.0
 3     3  2879   PHE 714  , 3     3  2876   ARG 711  ,0.1038961038961039,10400.0
