 1     1  1238   TRP 517  , 1     1  1206   TYR 485  ,1.0,100100.0
 2     2  1779   ARG 336  , 2     2  1704   PHE 261  ,1.0,100100.0
 2     2  1834   TRP 391  , 2     2  1813   TRP 370  ,0.999000999000999,100000.0
 3     3  2556   TRP 391  , 3     3  2535   TRP 370  ,0.999000999000999,100000.0
 3     3  2682   TRP 517  , 3     3  2650   TYR 485  ,0.999000999000999,100000.0
 2     2  1782   ARG 339  , 2     2  1716   PHE 273  ,0.999000999000999,100000.0
 3     3  2633   PHE 468  , 3     3  2629   TYR 464  ,0.998001998001998,99900.0
 1     1  1054   ARG 333  , 1     1   982   PHE 261  ,0.997002997002997,99800.0
 2     2  1872   PHE 429  , 2     2  1813   TRP 370  ,0.997002997002997,99800.0
 1     1  1189   PHE 468  , 1     1  1185   TYR 464  ,0.994005994005994,99500.0
 2     2  1960   TRP 517  , 2     2  1928   TYR 485  ,0.993006993006993,99400.0
 2     2  1911   PHE 468  , 2     2  1907   TYR 464  ,0.988011988011988,98900.0
 3     3  2588   TYR 423  , 3     3  2402   TYR 237  ,0.987012987012987,98800.0
 0     0   332   ARG 333  , 0     0   260   PHE 261  ,0.9820179820179821,98300.0
 1     1   847   PHE 126  , 1     1   808   PHE 87   ,0.981018981018981,98200.0
 2     2  1882   PHE 439  , 1     1  1150   PHE 429  ,0.98001998001998,98100.0
 0     0   390   TRP 391  , 0     0   369   TRP 370  ,0.98001998001998,98100.0
 0     0   428   PHE 429  , 0     0   369   TRP 370  ,0.9790209790209791,98000.0
 3     3  2594   PHE 429  , 3     3  2535   TRP 370  ,0.978021978021978,97900.0
 2     2  1569   PHE 126  , 2     2  1530   PHE 87   ,0.978021978021978,97900.0
 0     0   335   ARG 336  , 0     0   260   PHE 261  ,0.975024975024975,97600.0
 1     1  1368   ARG 647  , 1     1  1342   PHE 621  ,0.967032967032967,96800.0
 3     3  2604   PHE 439  , 2     2  1872   PHE 429  ,0.965034965034965,96600.0
 3     3  2536   TYR 371  , 3     3  2406   PHE 241  ,0.962037962037962,96300.0
 1     1  1276   PHE 555  , 1     1  1270   PHE 549  ,0.962037962037962,96300.0
 2     2  2065   TRP 622  , 2     2  2064   PHE 621  ,0.961038961038961,96200.0
 3     3  2504   ARG 339  , 3     3  2460   TRP 295  ,0.9600399600399601,96100.0
 0     0   422   TYR 423  , 0     0   236   TYR 237  ,0.9590409590409591,96000.0
 0     0   125   PHE 126  , 0     0    86   PHE 87   ,0.957042957042957,95800.0
 0     0    68   PHE 69   , 0     0    54   TYR 55   ,0.949050949050949,95000.0
 2     2  2026   HIS 583  , 1     1  1285   ARG 564  ,0.9440559440559441,94500.0
 1     1   790   PHE 69   , 1     1   776   TYR 55   ,0.9440559440559441,94500.0
 3     3  2578   TRP 413  , 3     3  2570   PHE 405  ,0.9430569430569431,94400.0
 3     3  2291   PHE 126  , 3     3  2252   PHE 87   ,0.9400599400599401,94100.0
 2     2  1964   ARG 521  , 2     2  1960   TRP 517  ,0.938061938061938,93900.0
 0     0   554   PHE 555  , 0     0   548   PHE 549  ,0.938061938061938,93900.0
 1     1  1112   TRP 391  , 1     1  1091   TRP 370  ,0.9370629370629371,93800.0
 0     0   592   PHE 593  , 0     0   551   HIS 552  ,0.9310689310689311,93200.0
 3     3  2822   TYR 657  , 3     3  2821   PHE 656  ,0.9280719280719281,92900.0
 2     2  1856   TRP 413  , 2     2  1848   PHE 405  ,0.9200799200799201,92100.0
 3     3  2729   ARG 564  , 0     0   582   HIS 583  ,0.919080919080919,92000.0
 2     2  1512   PHE 69   , 2     2  1498   TYR 55   ,0.919080919080919,92000.0
 0     0   621   TRP 622  , 0     0   620   PHE 621  ,0.9180819180819181,91900.0
 0     0   129   PHE 130  , 0     0    48   PHE 49   ,0.9070929070929071,90800.0
 1     1  1304   HIS 583  , 0     0   563   ARG 564  ,0.9050949050949051,90600.0
 1     1  1242   ARG 521  , 1     1  1238   TRP 517  ,0.9010989010989011,90200.0
 1     1  1385   PHE 664  , 1     1  1343   TRP 622  ,0.8941058941058941,89500.0
 2     2  1734   TYR 291  , 2     2  1712   PHE 269  ,0.8901098901098901,89100.0
 0     0   656   TYR 657  , 0     0   655   PHE 656  ,0.8881118881118881,88900.0
 2     2  1866   TYR 423  , 2     2  1684   PHE 241  ,0.8861138861138861,88700.0
 2     2  1866   TYR 423  , 2     2  1680   TYR 237  ,0.8831168831168831,88400.0
 3     3  2720   PHE 555  , 3     3  2714   PHE 549  ,0.8791208791208791,88000.0
 1     1  1054   ARG 333  , 1     1  1051   ARG 330  ,0.8521478521478522,85300.0
 1     1  1314   PHE 593  , 1     1  1273   HIS 552  ,0.8491508491508492,85000.0
 1     1  1150   PHE 429  , 1     1  1091   TRP 370  ,0.8381618381618382,83900.0
 2     2  1573   PHE 130  , 2     2  1492   PHE 49   ,0.8301698301698301,83100.0
 3     3  2456   TYR 291  , 3     3  2434   PHE 269  ,0.8271728271728271,82800.0
 2     2  1814   TYR 371  , 2     2  1684   PHE 241  ,0.8261738261738262,82700.0
 1     1  1378   TYR 657  , 1     1  1377   PHE 656  ,0.8261738261738262,82700.0
 0     0   370   TYR 371  , 0     0   240   PHE 241  ,0.8221778221778222,82300.0
 2     2  1500   ARG 57   , 2     2  1487   TYR 44   ,0.8171828171828172,81800.0
 1     1  1189   PHE 468  , 0     0   467   PHE 468  ,0.8151848151848152,81600.0
 2     2  1547   ARG 104  , 2     2  1543   TYR 100  ,0.8141858141858141,81500.0
 1     1  1134   TRP 413  , 1     1  1100   PHE 379  ,0.8031968031968032,80400.0
 3     3  2812   ARG 647  , 3     3  2786   PHE 621  ,0.7992007992007992,80000.0
 1     1  1016   TRP 295  , 1     1  1012   TYR 291  ,0.7962037962037962,79700.0
 1     1  1057   ARG 336  , 1     1   982   PHE 261  ,0.7892107892107892,79000.0
 0     0   197   TYR 198  , 0     0    16   PHE 17   ,0.7862137862137862,78700.0
 1     1   851   PHE 130  , 1     1   770   PHE 49   ,0.7852147852147852,78600.0
 0     0   485   HIS 486  , 0     0   484   TYR 485  ,0.7792207792207793,78000.0
 1     1  1242   ARG 521  , 0     0     6   ARG 7    ,0.7742257742257742,77500.0
 2     2  1713   HIS 270  , 2     2  1712   PHE 269  ,0.7662337662337663,76700.0
 3     3  2588   TYR 423  , 3     3  2406   PHE 241  ,0.7582417582417582,75900.0
 1     1  1220   TYR 499  , 1     1  1216   PHE 495  ,0.7552447552447552,75600.0
 2     2  1569   PHE 126  , 2     2  1483   TRP 40   ,0.7502497502497503,75100.0
 3     3  2829   PHE 664  , 3     3  2787   TRP 622  ,0.7422577422577422,74300.0
 1     1  1144   TYR 423  , 1     1   958   TYR 237  ,0.7402597402597403,74100.0
 3     3  2758   PHE 593  , 3     3  2717   HIS 552  ,0.7362637362637363,73700.0
 3     3  2252   PHE 87   , 3     3  2205   TRP 40   ,0.7312687312687313,73200.0
 1     1   847   PHE 126  , 1     1   761   TRP 40   ,0.7212787212787213,72200.0
 3     3  2651   HIS 486  , 3     3  2650   TYR 485  ,0.7212787212787213,72200.0
 1     1   808   PHE 87   , 1     1   761   TRP 40   ,0.7202797202797203,72100.0
 0     0   422   TYR 423  , 0     0   240   PHE 241  ,0.7172827172827173,71800.0
 2     2  1738   TRP 295  , 2     2  1734   TYR 291  ,0.7172827172827173,71800.0
 1     1  1092   TYR 371  , 1     1   962   PHE 241  ,0.7142857142857143,71500.0
 2     2  2036   PHE 593  , 2     2  1995   HIS 552  ,0.7132867132867133,71400.0
 1     1   962   PHE 241  , 1     1   958   TYR 237  ,0.7112887112887113,71200.0
 0     0   125   PHE 126  , 0     0    39   TRP 40   ,0.7112887112887113,71200.0
 1     1  1207   HIS 486  , 1     1  1206   TYR 485  ,0.6883116883116883,68900.0
 0     0   295   PHE 296  , 0     0   268   PHE 269  ,0.6863136863136863,68700.0
 0     0    86   PHE 87   , 0     0    39   TRP 40   ,0.6803196803196803,68100.0
 1     1   904   ARG 183  , 1     1   857   PHE 136  ,0.6653346653346653,66600.0
 3     3  2633   PHE 468  , 2     2  1911   PHE 468  ,0.6653346653346653,66600.0
 0     0   412   TRP 413  , 0     0   404   PHE 405  ,0.6653346653346653,66600.0
 2     2  1989   ARG 546  , 2     2  1986   HIS 543  ,0.6603396603396603,66100.0
 3     3  2509   TYR 344  , 3     3  2508   HIS 343  ,0.6553446553446554,65600.0
 1     1  1060   ARG 339  , 1     1   994   PHE 273  ,0.6523476523476524,65300.0
 0     0   498   TYR 499  , 0     0   494   PHE 495  ,0.6433566433566433,64400.0
 3     3  2234   PHE 69   , 3     3  2220   TYR 55   ,0.6413586413586414,64200.00000000001
 2     2  1911   PHE 468  , 0     0   467   PHE 468  ,0.6393606393606394,64000.0
 1     1  1134   TRP 413  , 1     1  1126   PHE 405  ,0.6283716283716284,62900.00000000001
 3     3  2498   ARG 333  , 3     3  2495   ARG 330  ,0.6233766233766234,62400.0
 2     2  1782   ARG 339  , 2     2  1655   HIS 212  ,0.6213786213786214,62200.00000000001
 0     0    56   ARG 57   , 0     0    43   TYR 44   ,0.6213786213786214,62200.00000000001
 2     2  1998   PHE 555  , 2     2  1992   PHE 549  ,0.6203796203796204,62100.0
 2     2  1787   TYR 344  , 2     2  1786   HIS 343  ,0.6193806193806194,62000.0
 0     0   290   TYR 291  , 0     0   268   PHE 269  ,0.6123876123876124,61300.0
 4     4  2914   ARG 1027 , 2     2  1836   TYR 393  ,0.6083916083916084,60900.00000000001
 3     3  2344   HIS 179  , 3     3  2301   PHE 136  ,0.6013986013986014,60199.99999999999
 3     3  2664   TYR 499  , 3     3  2660   PHE 495  ,0.5944055944055944,59500.0
 2     2  1530   PHE 87   , 2     2  1483   TRP 40   ,0.5924075924075924,59300.0
 0     0   463   TYR 464  , 0     0   358   PHE 359  ,0.5794205794205795,58000.0
 0     0   103   ARG 104  , 0     0    99   TYR 100  ,0.5744255744255744,57500.0
 3     3  2295   PHE 130  , 3     3  2274   PHE 109  ,0.5714285714285714,57200.0
 1     1   919   TYR 198  , 1     1   738   PHE 17   ,0.5484515484515484,54900.0
 2     2  1641   TYR 198  , 2     2  1460   PHE 17   ,0.5454545454545454,54599.99999999999
 3     3  2295   PHE 130  , 3     3  2214   PHE 49   ,0.5424575424575424,54299.99999999999
 2     2  1942   TYR 499  , 2     2  1938   PHE 495  ,0.5354645354645354,53600.0
 1     1   825   ARG 104  , 1     1   821   TYR 100  ,0.5344655344655345,53500.0
 0     0   665   ARG 666  , 0     0   661   HIS 662  ,0.5304695304695305,53100.0
 2     2  1911   PHE 468  , 1     1  1189   PHE 468  ,0.5274725274725275,52800.0
 2     2  1786   HIS 343  , 2     2  1655   HIS 212  ,0.5224775224775224,52299.99999999999
 3     3  2509   TYR 344  , 3     3  2387   TRP 222  ,0.5164835164835165,51700.00000000001
 0     0   592   PHE 593  , 0     0   569   PHE 570  ,0.5124875124875125,51300.0
 3     3  2498   ARG 333  , 3     3  2426   PHE 261  ,0.5084915084915085,50900.0
 3     3  2831   ARG 666  , 3     3  2827   HIS 662  ,0.5064935064935064,50699.99999999999
 3     3  2758   PHE 593  , 3     3  2720   PHE 555  ,0.4965034965034965,49700.0
 1     1  1207   HIS 486  , 0     0   346   TYR 347  ,0.48951048951048953,49000.0
 3     3  2633   PHE 468  , 2     2  1907   TYR 464  ,0.4755244755244755,47600.0
 1     1  1150   PHE 429  , 1     1  1112   TRP 391  ,0.4745254745254745,47500.0
 0     0   342   HIS 343  , 0     0     6   ARG 7    ,0.47152847152847155,47200.0
 2     2  1573   PHE 130  , 2     2  1552   PHE 109  ,0.46853146853146854,46900.0
 2     2  1713   HIS 270  , 2     2  1651   HIS 208  ,0.46653346653346656,46700.0
 2     2  1622   HIS 179  , 2     2  1579   PHE 136  ,0.44955044955044954,45000.0
 3     3  2291   PHE 126  , 3     3  2205   TRP 40   ,0.44455544455544455,44500.0
 2     2  1656   TYR 213  , 2     2  1655   HIS 212  ,0.43956043956043955,44000.0
 3     3  2222   ARG 57   , 3     3  2209   TYR 44   ,0.42157842157842157,42200.0
 0     0   295   PHE 296  , 0     0   290   TYR 291  ,0.4155844155844156,41600.0
 0     0   129   PHE 130  , 0     0   108   PHE 109  ,0.41358641358641357,41400.0
 3     3  2748   HIS 583  , 2     2  2007   ARG 564  ,0.4085914085914086,40900.0
 2     2  2036   PHE 593  , 2     2  1998   PHE 555  ,0.36663336663336665,36700.0
 3     3  2617   PHE 452  , 3     3  2535   TRP 370  ,0.36663336663336665,36700.0
 2     2  1922   TYR 479  , 2     2  1918   PHE 475  ,0.36663336663336665,36700.0
 3     3  2269   ARG 104  , 3     3  2265   TYR 100  ,0.3646353646353646,36500.0
 3     3  2508   HIS 343  , 3     3  2173   ARG 8    ,0.3626373626373626,36300.0
 1     1  1017   PHE 296  , 1     1   990   PHE 269  ,0.35664335664335667,35700.0
 3     3  2378   TYR 213  , 3     3  2377   HIS 212  ,0.35564435564435565,35600.0
 3     3  2461   PHE 296  , 3     3  2434   PHE 269  ,0.35564435564435565,35600.0
 0     0    83   ARG 84   , 0     0    39   TRP 40   ,0.34965034965034963,35000.0
 2     2  2107   PHE 664  , 2     2  2065   TRP 622  ,0.34865134865134867,34900.0
 3     3  2508   HIS 343  , 3     3  2172   ARG 7    ,0.34565434565434566,34600.0
 1     1  1314   PHE 593  , 1     1  1276   PHE 555  ,0.34265734265734266,34300.0
 0     0   646   ARG 647  , 0     0   620   PHE 621  ,0.33666333666333664,33700.0
 2     2  2123   PHE 680  , 2     2  2120   ARG 677  ,0.3336663336663337,33400.0
 0     0   717   ARG 718  , 0     0   713   PHE 714  ,0.3306693306693307,33100.0
 0     0   332   ARG 333  , 0     0   329   ARG 330  ,0.3306693306693307,33100.0
 3     3  2651   HIS 486  , 2     2  1790   TYR 347  ,0.32967032967032966,33000.0
 3     3  2461   PHE 296  , 3     3  2456   TYR 291  ,0.32867132867132864,32900.0
 2     2  2036   PHE 593  , 2     2  2013   PHE 570  ,0.3256743256743257,32600.000000000004
 2     2  2109   ARG 666  , 2     2  2105   HIS 662  ,0.3206793206793207,32100.000000000004
 2     2  2090   ARG 647  , 2     2  2064   PHE 621  ,0.3176823176823177,31800.0
 1     1  1437   ARG 716  , 1     1  1433   ARG 712  ,0.31368631368631367,31399.999999999996
 0     0   343   TYR 344  , 0     0   221   TRP 222  ,0.2967032967032967,29700.0
 1     1  1134   TRP 413  , 1     1  1124   TYR 403  ,0.2897102897102897,29000.0
 2     2  1776   ARG 333  , 2     2  1704   PHE 261  ,0.2827172827172827,28299.999999999996
 0     0   592   PHE 593  , 0     0   554   PHE 555  ,0.27672327672327673,27700.0
 3     3  2504   ARG 339  , 3     3  2456   TYR 291  ,0.26873126873126874,26900.0
 1     1  1364   HIS 643  , 1     1  1291   PHE 570  ,0.26573426573426573,26600.0
 0     0   178   HIS 179  , 0     0   135   PHE 136  ,0.25374625374625376,25400.0
 1     1  1387   ARG 666  , 1     1  1383   HIS 662  ,0.25274725274725274,25300.0
 1     1   778   ARG 57   , 1     1   777   HIS 56   ,0.25074925074925075,25100.0
 2     2  2107   PHE 664  , 2     2  1998   PHE 555  ,0.24675324675324675,24700.0
 0     0   182   ARG 183  , 0     0   135   PHE 136  ,0.24675324675324675,24700.0
 0     0   710   ARG 711  , 0     0   707   HIS 708  ,0.24475524475524477,24500.0
 1     1  1200   TYR 479  , 1     1  1196   PHE 475  ,0.24375624375624375,24400.0
 0     0   663   PHE 664  , 0     0   554   PHE 555  ,0.24375624375624375,24400.0
 3     3  2883   ARG 718  , 3     3  2879   PHE 714  ,0.24175824175824176,24200.0
 2     2  2155   ARG 712  , 2     2  2124   ARG 681  ,0.23276723276723277,23300.0
 1     1   778   ARG 57   , 1     1   765   TYR 44   ,0.22677322677322678,22700.0
 2     2  2013   PHE 570  , 2     2  1992   PHE 549  ,0.22677322677322678,22700.0
 1     1   805   ARG 84   , 1     1   761   TRP 40   ,0.22577422577422576,22600.0
 3     3  2222   ARG 57   , 3     3  2221   HIS 56   ,0.22477522477522477,22500.0
 0     0   335   ARG 336  , 0     0   332   ARG 333  ,0.21678321678321677,21700.0
 3     3  2348   ARG 183  , 3     3  2344   HIS 179  ,0.21578421578421578,21600.0
 3     3  2629   TYR 464  , 0     0   463   TYR 464  ,0.21478521478521478,21500.0
 2     2  2159   ARG 716  , 2     2  2120   ARG 677  ,0.21478521478521478,21500.0
 1     1   900   HIS 179  , 1     1   857   PHE 136  ,0.2097902097902098,21000.0
 3     3  2501   ARG 336  , 3     3  2426   PHE 261  ,0.2077922077922078,20800.0
 1     1   851   PHE 130  , 1     1   830   PHE 109  ,0.2007992007992008,20100.0
 1     1  1009   ARG 288  , 1     1   991   HIS 270  ,0.19480519480519481,19500.0
 0     0   212   TYR 213  , 0     0   211   HIS 212  ,0.19480519480519481,19500.0
 2     2  2151   HIS 708  , 2     2  2124   ARG 681  ,0.19480519480519481,19500.0
 1     1   751   PHE 30   , 1     1   745   ARG 24   ,0.1928071928071928,19300.0
 2     2  2154   ARG 711  , 2     2  2151   HIS 708  ,0.1928071928071928,19300.0
 3     3  2877   ARG 712  , 3     3  2873   HIS 708  ,0.1918081918081918,19200.0
 1     1   991   HIS 270  , 1     1   929   HIS 208  ,0.1878121878121878,18800.0
 1     1  1012   TYR 291  , 1     1   990   PHE 269  ,0.18681318681318682,18700.0
 1     1  1064   HIS 343  , 1     1   943   TRP 222  ,0.18581418581418582,18600.0
 1     1  1433   ARG 712  , 1     1  1429   HIS 708  ,0.1848151848151848,18500.0
 1     1   934   TYR 213  , 1     1   933   HIS 212  ,0.18081918081918083,18100.0
 1     1  1291   PHE 570  , 1     1  1270   PHE 549  ,0.17782217782217782,17800.0
 3     3  2714   PHE 549  , 3     3  2711   ARG 546  ,0.17582417582417584,17600.0
 2     2  1998   PHE 555  , 2     2  1995   HIS 552  ,0.17482517482517482,17500.0
 3     3  2735   PHE 570  , 3     3  2714   PHE 549  ,0.17382617382617382,17400.0
 4     4  2898   TYR 1011 , 1     1  1114   TYR 393  ,0.17082917082917082,17100.0
 2     2  2161   ARG 718  , 2     2  2157   PHE 714  ,0.16983016983016982,17000.0
 3     3  2249   ARG 84   , 3     3  2205   TRP 40   ,0.16883116883116883,16900.0
 0     0   182   ARG 183  , 0     0   178   HIS 179  ,0.16883116883116883,16900.0
 2     2  1500   ARG 57   , 2     2  1499   HIS 56   ,0.16783216783216784,16800.0
 3     3  2316   PHE 151  , 3     3  2313   TRP 148  ,0.16583416583416583,16600.0
 1     1  1385   PHE 664  , 1     1  1276   PHE 555  ,0.16483516483516483,16500.0
 3     3  2453   ARG 288  , 3     3  2435   HIS 270  ,0.16483516483516483,16500.0
 1     1  1439   ARG 718  , 1     1  1435   PHE 714  ,0.16283716283716285,16300.000000000002
 2     2  1942   TYR 499  , 0     0     7   ARG 8    ,0.15984015984015984,16000.0
 0     0   240   PHE 241  , 0     0   236   TYR 237  ,0.15884115884115885,15900.0
 2     2  2086   HIS 643  , 2     2  2013   PHE 570  ,0.15784215784215785,15800.000000000002
 0     0   642   HIS 643  , 0     0   569   PHE 570  ,0.14985014985014986,15000.0
 3     3  2787   TRP 622  , 3     3  2786   PHE 621  ,0.14785214785214784,14799.999999999998
 3     3  2363   TYR 198  , 3     3  2182   PHE 17   ,0.14585414585414586,14600.0
 0     0   711   ARG 712  , 0     0   707   HIS 708  ,0.14485514485514486,14500.0
 0     0   287   ARG 288  , 0     0   268   PHE 269  ,0.14385614385614387,14400.000000000002
 1     1  1124   TYR 403  , 1     1  1100   PHE 379  ,0.14285714285714285,14300.0
 3     3  2438   PHE 273  , 3     3  2377   HIS 212  ,0.14285714285714285,14300.0
 0     0   715   ARG 716  , 0     0   711   ARG 712  ,0.14285714285714285,14300.0
 2     2  2100   TYR 657  , 2     2  2099   PHE 656  ,0.13886113886113885,13899.999999999998
 3     3  2882   PHE 717  , 3     3  2881   ARG 716  ,0.13586413586413587,13600.0
 3     3  2876   ARG 711  , 3     3  2873   HIS 708  ,0.12487512487512488,12500.0
 3     3  2720   PHE 555  , 3     3  2717   HIS 552  ,0.12387612387612387,12400.0
 0     0   150   PHE 151  , 0     0   147   TRP 148  ,0.12187812187812187,12200.0
 3     3  2568   TYR 403  , 3     3  2558   TYR 393  ,0.12187812187812187,12200.0
 2     2  1786   HIS 343  , 2     2  1656   TYR 213  ,0.12087912087912088,12100.0
 3     3  2829   PHE 664  , 3     3  2720   PHE 555  ,0.12087912087912088,12100.0
 0     0   294   TRP 295  , 0     0   290   TYR 291  ,0.11888111888111888,11900.0
 2     2  2155   ARG 712  , 2     2  2151   HIS 708  ,0.11688311688311688,11700.0
 3     3  2682   TRP 517  , 3     3  2649   ARG 484  ,0.11688311688311688,11700.0
 1     1  1314   PHE 593  , 1     1  1291   PHE 570  ,0.11388611388611389,11400.0
 0     0   569   PHE 570  , 0     0   548   PHE 549  ,0.11288711288711288,11300.0
 2     2  2160   PHE 717  , 2     2  2157   PHE 714  ,0.11188811188811189,11200.0
 0     0   412   TRP 413  , 0     0   386   ARG 387  ,0.10989010989010989,11000.0
 1     1   941   TRP 220  , 1     1   937   PHE 216  ,0.1068931068931069,10700.0
 1     1  1267   ARG 546  , 1     1  1264   HIS 543  ,0.10589410589410589,10600.0
 1     1  1432   ARG 711  , 1     1  1429   HIS 708  ,0.1048951048951049,10500.0
 1     1  1057   ARG 336  , 1     1  1012   TYR 291  ,0.1038961038961039,10400.0
 3     3  2512   TYR 347  , 3     3  2509   TYR 344  ,0.1028971028971029,10300.0
