 2     2  1779   ARG 336  , 2     2  1707   ASP 264  ,1.0,100100.0
 0     0   220   ASP 221  , 0     0   216   LYS 217  ,1.0,100100.0
 3     3  2780   ASP 615  , 2     2  1500   ARG 57   ,1.0,100100.0
 0     0   338   ARG 339  , 0     0   220   ASP 221  ,1.0,100100.0
 0     0   338   ARG 339  , 0     0   263   ASP 264  ,1.0,100100.0
 0     0   335   ARG 336  , 0     0   263   ASP 264  ,1.0,100100.0
 1     1  1061   LYS 340  , 1     1   942   ASP 221  ,1.0,100100.0
 3     3  2840   ARG 675  , 3     3  2784   ASP 619  ,1.0,100100.0
 1     1  1057   ARG 336  , 1     1  1020   ASP 299  ,1.0,100100.0
 3     3  2501   ARG 336  , 3     3  2429   ASP 264  ,1.0,100100.0
 3     3  2498   ARG 333  , 3     3  2423   ASP 258  ,1.0,100100.0
 3     3  2495   ARG 330  , 3     3  2423   ASP 258  ,1.0,100100.0
 2     2  1773   ARG 330  , 2     2  1697   ASP 254  ,1.0,100100.0
 1     1  1057   ARG 336  , 1     1   985   ASP 264  ,1.0,100100.0
 1     1  1063   ASP 342  , 1     1   729   ARG 8    ,1.0,100100.0
 1     1  1054   ARG 333  , 1     1   979   ASP 258  ,1.0,100100.0
 3     3  2386   ASP 221  , 3     3  2382   LYS 217  ,1.0,100100.0
 2     2  1779   ARG 336  , 2     2  1742   ASP 299  ,1.0,100100.0
 1     1  1051   ARG 330  , 1     1   979   ASP 258  ,1.0,100100.0
 2     2  1773   ARG 330  , 2     2  1701   ASP 258  ,1.0,100100.0
 2     2  1783   LYS 340  , 2     2  1664   ASP 221  ,1.0,100100.0
 1     1   942   ASP 221  , 1     1   938   LYS 217  ,1.0,100100.0
 1     1  1356   ARG 635  , 1     1  1321   GLU 600  ,1.0,100100.0
 2     2  1776   ARG 333  , 2     2  1701   ASP 258  ,1.0,100100.0
 3     3  2166   MET 1    , 1     1  1215   ASP 494  ,1.0,100100.0
 1     1   985   ASP 264  , 1     1   938   LYS 217  ,0.999000999000999,100000.0
 2     2  2120   ARG 677  , 2     2  2047   ASP 604  ,0.999000999000999,100000.0
 1     1  1215   ASP 494  , 0     0   520   ARG 521  ,0.999000999000999,100000.0
 3     3  2495   ARG 330  , 3     3  2472   ASP 307  ,0.998001998001998,99900.0
 2     2  2118   ARG 675  , 2     2  2062   ASP 619  ,0.997002997002997,99800.0
 0     0   674   ARG 675  , 0     0   618   ASP 619  ,0.997002997002997,99800.0
 1     1  1285   ARG 564  , 1     1  1256   ASP 535  ,0.997002997002997,99800.0
 2     2  2007   ARG 564  , 2     2  1978   ASP 535  ,0.993006993006993,99400.0
 3     3  2501   ARG 336  , 3     3  2464   ASP 299  ,0.99000999000999,99100.0
 3     3  2744   ASP 579  , 3     3  2673   ARG 508  ,0.99000999000999,99100.0
 3     3  2504   ARG 339  , 3     3  2464   ASP 299  ,0.989010989010989,99000.0
 2     2  2058   ASP 615  , 1     1   778   ARG 57   ,0.986013986013986,98700.0
 2     2  1629   GLU 186  , 2     2  1626   ARG 183  ,0.984015984015984,98500.0
 3     3  2222   ARG 57   , 0     0   614   ASP 615  ,0.983016983016983,98400.0
 1     1  1406   ASP 685  , 1     1  1402   ARG 681  ,0.981018981018981,98200.0
 0     0   578   ASP 579  , 0     0   507   ARG 508  ,0.98001998001998,98100.0
 0     0   136   LYS 137  , 0     0    95   GLU 96   ,0.9790209790209791,98000.0
 1     1  1336   ASP 615  , 0     0    56   ARG 57   ,0.9760239760239761,97700.0
 1     1  1048   LYS 327  , 1     1  1028   ASP 307  ,0.9760239760239761,97700.0
 3     3  2659   ASP 494  , 2     2  1964   ARG 521  ,0.9760239760239761,97700.0
 3     3  2840   ARG 675  , 3     3  2789   GLU 624  ,0.975024975024975,97600.0
 3     3  2492   LYS 327  , 3     3  2472   ASP 307  ,0.975024975024975,97600.0
 1     1  1229   ARG 508  , 0     0   534   ASP 535  ,0.971028971028971,97200.0
 2     2  1545   LYS 102  , 2     2  1502   GLU 59   ,0.971028971028971,97200.0
 1     1  1414   ARG 693  , 0     0    87   GLU 88   ,0.97002997002997,97100.0
 1     1  1417   ARG 696  , 0     0    80   GLU 81   ,0.968031968031968,96900.0
 0     0   101   LYS 102  , 0     0    58   GLU 59   ,0.965034965034965,96600.0
 1     1  1060   ARG 339  , 1     1   942   ASP 221  ,0.964035964035964,96500.0
 0     0   676   ARG 677  , 0     0   603   ASP 604  ,0.9630369630369631,96400.0
 2     2  1636   ASP 193  , 2     2  1467   ARG 24   ,0.9590409590409591,96000.0
 2     2  1841   ASP 398  , 1     1  1171   LYS 450  ,0.9590409590409591,96000.0
 2     2  2022   ASP 579  , 2     2  1951   ARG 508  ,0.958041958041958,95900.0
 3     3  2686   ARG 521  , 0     0   493   ASP 494  ,0.958041958041958,95900.0
 0     0   688   GLU 689  , 0     0   680   ARG 681  ,0.954045954045954,95500.0
 3     3  2511   GLU 346  , 3     3  2172   ARG 7    ,0.954045954045954,95500.0
 0     0   341   ASP 342  , 0     0     6   ARG 7    ,0.954045954045954,95500.0
 2     2  1527   ARG 84   , 2     2  1524   GLU 81   ,0.9470529470529471,94800.0
 3     3  2302   LYS 137  , 3     3  2261   GLU 96   ,0.9430569430569431,94400.0
 1     1  1396   ARG 675  , 1     1  1340   ASP 619  ,0.938061938061938,93900.0
 3     3  2492   LYS 327  , 3     3  2419   ASP 254  ,0.935064935064935,93600.0
 0     0   335   ARG 336  , 0     0   298   ASP 299  ,0.935064935064935,93600.0
 2     2  1580   LYS 137  , 2     2  1539   GLU 96   ,0.9340659340659341,93500.0
 3     3  2507   ASP 342  , 3     3  2173   ARG 8    ,0.9280719280719281,92900.0
 0     0   684   ASP 685  , 0     0   680   ARG 681  ,0.9250749250749251,92600.0
 3     3  2345   LYS 180  , 3     3  2261   GLU 96   ,0.9210789210789211,92200.0
 3     3  2854   GLU 689  , 3     3  2846   ARG 681  ,0.9180819180819181,91900.0
 2     2  1664   ASP 221  , 2     2  1660   LYS 217  ,0.916083916083916,91700.0
 1     1  1410   GLU 689  , 1     1  1402   ARG 681  ,0.916083916083916,91700.0
 1     1   858   LYS 137  , 1     1   817   GLU 96   ,0.913086913086913,91400.0
 1     1   823   LYS 102  , 1     1   780   GLU 59   ,0.913086913086913,91400.0
 0     0   315   ASP 316  , 0     0   243   ARG 244  ,0.9120879120879121,91300.0
 1     1  1432   ARG 711  , 1     1  1428   ASP 707  ,0.9090909090909091,91000.0
 2     2  1531   GLU 88   , 2     2  1527   ARG 84   ,0.9070929070929071,90800.0
 2     2  1951   ARG 508  , 1     1  1256   ASP 535  ,0.8991008991008991,90000.0
 3     3  2308   ASP 143  , 3     3  2266   LYS 101  ,0.8981018981018981,89900.0
 2     2  1525   LYS 82   , 2     2  1521   ASP 78   ,0.8951048951048951,89600.0
 1     1  1398   ARG 677  , 1     1  1325   ASP 604  ,0.8951048951048951,89600.0
 3     3  2358   ASP 193  , 3     3  2189   ARG 24   ,0.8941058941058941,89500.0
 2     2  2078   ARG 635  , 2     2  2043   GLU 600  ,0.8921078921078921,89300.0
 1     1  1208   GLU 487  , 0     0   483   ARG 484  ,0.8901098901098901,89100.0
 2     2  2154   ARG 711  , 2     2  2150   ASP 707  ,0.8821178821178821,88300.0
 1     1  1038   GLU 317  , 1     1   965   ARG 244  ,0.8781218781218781,87900.0
 3     3  2652   GLU 487  , 2     2  1927   ARG 484  ,0.8761238761238761,87700.0
 0     0   411   LYS 412  , 0     0   374   ASP 375  ,0.8761238761238761,87700.0
 3     3  2853   ARG 688  , 3     3  2850   ASP 685  ,0.8761238761238761,87700.0
 3     3  2552   ARG 387  , 3     3  2542   GLU 377  ,0.8761238761238761,87700.0
 2     2  1770   LYS 327  , 2     2  1750   ASP 307  ,0.8751248751248751,87600.0
 0     0   326   LYS 327  , 0     0   306   ASP 307  ,0.8661338661338661,86700.0
 3     3  2318   ARG 153  , 3     3  2306   GLU 141  ,0.8621378621378621,86300.0
 0     0   710   ARG 711  , 0     0   706   ASP 707  ,0.8611388611388612,86200.0
 1     1   914   ASP 193  , 1     1   745   ARG 24   ,0.8591408591408591,86000.0
 3     3  2729   ARG 564  , 0     0   585   GLU 586  ,0.8491508491508492,85000.0
 0     0   646   ARG 647  , 0     0   618   ASP 619  ,0.8461538461538461,84700.0
 4     4  2923   LYS 1036 , 3     3  2563   ASP 398  ,0.8301698301698301,83100.0
 3     3  2351   GLU 186  , 3     3  2348   ARG 183  ,0.8231768231768232,82400.0
 1     1  1051   ARG 330  , 1     1   975   ASP 254  ,0.8221778221778222,82300.0
 0     0   326   LYS 327  , 0     0   316   GLU 317  ,0.8211788211788211,82200.0
 3     3  2249   ARG 84   , 3     3  2246   GLU 81   ,0.8111888111888111,81200.0
 1     1   803   LYS 82   , 1     1   799   ASP 78   ,0.8091908091908092,81000.0
 0     0   634   ARG 635  , 0     0   599   GLU 600  ,0.8061938061938062,80700.0
 3     3  2341   GLU 176  , 3     3  2302   LYS 137  ,0.8051948051948052,80600.0
 2     2  2159   ARG 716  , 2     2  2047   ASP 604  ,0.7982017982017982,79900.0
 2     2  2136   ARG 693  , 2     2  2133   GLU 690  ,0.7972027972027972,79800.0
 1     1  1285   ARG 564  , 1     1  1260   ASP 539  ,0.7962037962037962,79700.0
 1     1  1307   GLU 586  , 0     0   533   LYS 534  ,0.7942057942057942,79500.0
 0     0    81   LYS 82   , 0     0    77   ASP 78   ,0.7902097902097902,79100.0
 1     1  1409   ARG 688  , 1     1  1406   ASP 685  ,0.7862137862137862,78700.0
 2     2  2090   ARG 647  , 2     2  2062   ASP 619  ,0.7862137862137862,78700.0
 0     0   152   ARG 153  , 0     0   140   GLU 141  ,0.7782217782217782,77900.0
 3     3  2482   GLU 317  , 3     3  2409   ARG 244  ,0.7732267732267732,77400.0
 1     1  1402   ARG 681  , 0     0    38   ASP 39   ,0.7652347652347652,76600.0
 2     2  2029   GLU 586  , 1     1  1285   ARG 564  ,0.7652347652347652,76600.0
 2     2  1930   GLU 487  , 1     1  1205   ARG 484  ,0.7652347652347652,76600.0
 3     3  2850   ASP 685  , 3     3  2846   ARG 681  ,0.7512487512487512,75200.0
 2     2  1770   LYS 327  , 2     2  1697   ASP 254  ,0.7502497502497503,75100.0
 3     3  2800   ARG 635  , 3     3  2765   GLU 600  ,0.7472527472527473,74800.0
 2     2  2165   GLU 722  , 1     1  1387   ARG 666  ,0.7452547452547452,74600.0
 3     3  2345   LYS 180  , 3     3  2341   GLU 176  ,0.7332667332667333,73400.0
 4     4  2923   LYS 1036 , 4     4  2921   ASP 1034 ,0.7312687312687313,73200.0
 1     1   744   ARG 23   , 1     1   740   GLU 19   ,0.7302697302697303,73100.0
 1     1  1396   ARG 675  , 1     1  1345   GLU 624  ,0.7052947052947053,70600.0
 1     1  1362   ASP 641  , 1     1  1268   LYS 547  ,0.7012987012987013,70200.0
 3     3  2778   LYS 613  , 3     3  2716   GLU 551  ,0.6963036963036963,69700.0
 3     3  2700   ASP 535  , 0     0   507   ARG 508  ,0.6953046953046953,69600.0
 1     1  1307   GLU 586  , 0     0   563   ARG 564  ,0.6933066933066933,69400.0
 1     1  1108   ARG 387  , 1     1  1101   ASP 380  ,0.6923076923076923,69300.0
 1     1  1300   ASP 579  , 1     1  1229   ARG 508  ,0.6903096903096904,69100.0
 3     3  2858   ARG 693  , 3     3  2855   GLU 690  ,0.6873126873126874,68800.0
 2     2  1647   LYS 204  , 2     2  1644   GLU 201  ,0.6843156843156843,68500.0
 2     2  1466   ARG 23   , 2     2  1462   GLU 19   ,0.6833166833166833,68400.0
 2     2  1967   ASP 524  , 2     2  1927   ARG 484  ,0.6703296703296703,67100.0
 2     2  2089   LYS 646  , 2     2  2032   ASP 589  ,0.6623376623376623,66300.0
 0     0   698   GLU 699  , 0     0   695   ARG 696  ,0.6623376623376623,66300.0
 3     3  2857   GLU 692  , 3     3  2853   ARG 688  ,0.6493506493506493,65000.0
 3     3  2348   ARG 183  , 3     3  2192   ASP 27   ,0.6483516483516484,64900.0
 1     1  1414   ARG 693  , 1     1  1411   GLU 690  ,0.6413586413586414,64200.00000000001
 3     3  2267   LYS 102  , 3     3  2224   GLU 59   ,0.6413586413586414,64200.00000000001
 2     2  1954   ASP 511  , 1     1   728   ARG 7    ,0.6383616383616384,63900.0
 0     0    83   ARG 84   , 0     0    38   ASP 39   ,0.6353646353646354,63600.0
 0     0   687   ARG 688  , 0     0   684   ASP 685  ,0.6353646353646354,63600.0
 2     2  2007   ARG 564  , 2     2  1982   ASP 539  ,0.6263736263736264,62700.0
 3     3  2369   LYS 204  , 3     3  2366   GLU 201  ,0.6163836163836164,61700.0
 3     3  2858   ARG 693  , 3     3  2854   GLU 689  ,0.6013986013986014,60199.99999999999
 0     0   612   LYS 613  , 0     0   550   GLU 551  ,0.5944055944055944,59500.0
 0     0   192   ASP 193  , 0     0    23   ARG 24   ,0.5884115884115884,58899.99999999999
 2     2  1830   ARG 387  , 2     2  1820   GLU 377  ,0.5854145854145855,58600.00000000001
 0     0   198   LYS 199  , 0     0   118   GLU 119  ,0.5804195804195804,58100.0
 2     2  1596   ARG 153  , 2     2  1585   ASP 142  ,0.5784215784215784,57899.99999999999
 0     0   645   LYS 646  , 0     0   588   ASP 589  ,0.5744255744255744,57500.0
 1     1  1108   ARG 387  , 1     1  1102   GLU 381  ,0.5724275724275725,57300.00000000001
 3     3  2247   LYS 82   , 3     3  2243   ASP 78   ,0.5684315684315684,56899.99999999999
 1     1  1334   LYS 613  , 1     1  1272   GLU 551  ,0.5664335664335665,56700.0
 3     3  2505   LYS 340  , 3     3  2386   ASP 221  ,0.5664335664335665,56700.0
 3     3  2315   LYS 150  , 3     3  2307   ASP 142  ,0.5564435564435565,55700.0
 2     2  2165   GLU 722  , 1     1  1277   ARG 556  ,0.5484515484515484,54900.0
 2     2  2118   ARG 675  , 2     2  2067   GLU 624  ,0.5444555444555444,54500.0
 2     2  2131   ARG 688  , 2     2  2128   ASP 685  ,0.5424575424575424,54299.99999999999
 3     3  2841   LYS 676  , 3     3  2789   GLU 624  ,0.5414585414585414,54200.0
 3     3  2842   ARG 677  , 3     3  2769   ASP 604  ,0.5404595404595405,54100.0
 2     2  2132   GLU 689  , 2     2  2124   ARG 681  ,0.5384615384615384,53900.0
 3     3  2253   GLU 88   , 3     3  2249   ARG 84   ,0.5344655344655345,53500.0
 1     1  1411   GLU 690  , 0     0    83   ARG 84   ,0.5334665334665335,53400.0
 0     0   152   ARG 153  , 0     0   142   ASP 143  ,0.5254745254745254,52600.0
 1     1   864   ASP 143  , 1     1   825   ARG 104  ,0.5244755244755245,52500.0
 0     0   145   LYS 146  , 0     0   141   ASP 142  ,0.5244755244755245,52500.0
 3     3  2729   ARG 564  , 3     3  2700   ASP 535  ,0.5234765234765235,52400.00000000001
 3     3  2751   GLU 586  , 2     2  1977   LYS 534  ,0.5224775224775224,52299.99999999999
 2     2  2056   LYS 613  , 2     2  1994   GLU 551  ,0.5194805194805194,51999.99999999999
 1     1  1048   LYS 327  , 1     1   975   ASP 254  ,0.5184815184815185,51900.0
 0     0   203   LYS 204  , 0     0   200   GLU 201  ,0.5184815184815185,51900.0
 0     0   692   ARG 693  , 0     0   689   GLU 690  ,0.5154845154845155,51600.0
 4     4  2891   ASP 1004 , 4     4  2888   ARG 1001 ,0.5144855144855145,51500.0
 1     1   871   LYS 150  , 1     1   863   ASP 142  ,0.5084915084915085,50900.0
 1     1  1133   LYS 412  , 1     1  1103   ASP 382  ,0.5024975024975025,50300.0
 2     2  2155   ARG 712  , 2     2  2132   GLU 689  ,0.48451548451548454,48500.0
 1     1  1417   ARG 696  , 1     1  1413   GLU 692  ,0.4835164835164835,48400.0
 3     3  2321   ARG 156  , 3     3  2192   ASP 27   ,0.4825174825174825,48300.0
 1     1  1108   ARG 387  , 1     1  1098   GLU 377  ,0.4825174825174825,48300.0
 2     2  2135   GLU 692  , 2     2  2131   ARG 688  ,0.4825174825174825,48300.0
 2     2  2155   ARG 712  , 2     2  2128   ASP 685  ,0.47052947052947053,47100.0
 3     3  2673   ARG 508  , 2     2  1978   ASP 535  ,0.46053946053946054,46100.0
 1     1   825   ARG 104  , 1     1   794   GLU 73   ,0.4595404595404595,46000.0
 2     2  1950   GLU 507  , 2     2  1946   LYS 503  ,0.44255744255744256,44300.0
 0     0   332   ARG 333  , 0     0   257   ASP 258  ,0.43956043956043955,44000.0
 1     1   901   LYS 180  , 1     1   817   GLU 96   ,0.43756243756243757,43800.0
 3     3  2495   ARG 330  , 3     3  2419   ASP 254  ,0.43456543456543456,43500.0
 1     1   901   LYS 180  , 1     1   897   GLU 176  ,0.43356643356643354,43400.0
 0     0   692   ARG 693  , 0     0   688   GLU 689  ,0.4255744255744256,42600.0
 3     3  2579   GLU 414  , 3     3  2407   LYS 242  ,0.4205794205794206,42100.0
 1     1   907   GLU 186  , 1     1   745   ARG 24   ,0.4205794205794206,42100.0
 0     0   691   GLU 692  , 0     0   687   ARG 688  ,0.4195804195804196,42000.0
 3     3  2552   ARG 387  , 3     3  2546   GLU 381  ,0.4125874125874126,41300.0
 2     2  1623   LYS 180  , 2     2  1539   GLU 96   ,0.4095904095904096,41000.0
 0     0   182   ARG 183  , 0     0    26   ASP 27   ,0.3996003996003996,40000.0
 2     2  1596   ARG 153  , 2     2  1584   GLU 141  ,0.3996003996003996,40000.0
 1     1   772   LYS 51   , 1     1   768   ASP 47   ,0.3986013986013986,39900.0
 3     3  2887   GLU 722  , 3     3  2881   ARG 716  ,0.3906093906093906,39100.0
 0     0    22   ARG 23   , 0     0    18   GLU 19   ,0.38461538461538464,38500.0
 3     3  2552   ARG 387  , 3     3  2545   ASP 380  ,0.38461538461538464,38500.0
 1     1  1367   LYS 646  , 1     1  1310   ASP 589  ,0.3826173826173826,38300.0
 1     1   805   ARG 84   , 1     1   802   GLU 81   ,0.38161838161838163,38200.0
 0     0   506   GLU 507  , 0     0   502   LYS 503  ,0.37662337662337664,37700.0
 1     1  1439   ARG 718  , 1     1  1412   GLU 691  ,0.37362637362637363,37400.0
 3     3  2652   GLU 487  , 3     3  2649   ARG 484  ,0.3696303696303696,37000.0
 0     0   345   GLU 346  , 0     0     6   ARG 7    ,0.36863136863136864,36900.0
 3     3  2286   ASP 121  , 3     3  2282   ARG 117  ,0.36563436563436563,36600.0
 1     1  1433   ARG 712  , 1     1  1411   GLU 690  ,0.3646353646353646,36500.0
 2     2  2165   GLU 722  , 2     2  2161   ARG 718  ,0.36163836163836166,36200.0
 0     0   721   GLU 722  , 0     0   717   ARG 718  ,0.36063936063936064,36100.0
 1     1  1416   LYS 695  , 1     1  1413   GLU 692  ,0.34965034965034963,35000.0
 2     2  1593   LYS 150  , 2     2  1584   GLU 141  ,0.34665334665334663,34700.0
 3     3  2876   ARG 711  , 3     3  2872   ASP 707  ,0.34465534465534464,34500.0
 3     3  2689   ASP 524  , 2     2  1970   LYS 527  ,0.3386613386613387,33900.0
 1     1  1439   ARG 718  , 1     1  1413   GLU 692  ,0.3386613386613387,33900.0
 0     0   695   ARG 696  , 0     0   691   GLU 692  ,0.33766233766233766,33800.0
 2     2  2095   LYS 652  , 2     2  2091   ASP 648  ,0.3336663336663337,33400.0
 1     1   809   GLU 88   , 1     1   805   ARG 84   ,0.32967032967032966,33000.0
 2     2  1589   LYS 146  , 2     2  1586   ASP 143  ,0.3256743256743257,32600.000000000004
 3     3  2811   LYS 646  , 3     3  2754   ASP 589  ,0.3246753246753247,32500.0
 3     3  2188   ARG 23   , 3     3  2184   GLU 19   ,0.3196803196803197,32000.0
 1     1   867   LYS 146  , 1     1   862   GLU 141  ,0.3196803196803197,32000.0
 1     1   805   ARG 84   , 1     1   760   ASP 39   ,0.31868131868131866,31899.999999999996
 0     0   674   ARG 675  , 0     0   623   GLU 624  ,0.3146853146853147,31500.0
 2     2  2128   ASP 685  , 2     2  2124   ARG 681  ,0.3106893106893107,31100.000000000004
 2     2  1593   LYS 150  , 2     2  1585   ASP 142  ,0.3096903096903097,31000.0
 1     1  1410   GLU 689  , 0     0    83   ARG 84   ,0.3096903096903097,31000.0
 3     3  2813   ASP 648  , 3     3  2811   LYS 646  ,0.3076923076923077,30800.0
 3     3  2692   LYS 527  , 3     3  2689   ASP 524  ,0.2997002997002997,30000.0
 3     3  2847   LYS 682  , 3     3  2771   GLU 606  ,0.2967032967032967,29700.0
 1     1  1369   ASP 648  , 1     1  1367   LYS 646  ,0.2967032967032967,29700.0
 3     3  2729   ARG 564  , 3     3  2704   ASP 539  ,0.2967032967032967,29700.0
 2     2  1619   GLU 176  , 2     2  1605   ARG 162  ,0.2937062937062937,29400.0
 0     0   316   GLU 317  , 0     0   243   ARG 244  ,0.29270729270729273,29300.000000000004
 1     1  1229   ARG 508  , 0     0   538   ASP 539  ,0.2917082917082917,29200.0
 0     0   329   ARG 330  , 0     0   257   ASP 258  ,0.2897102897102897,29000.0
 1     1  1420   GLU 699  , 1     1  1417   ARG 696  ,0.2887112887112887,28900.0
 2     2  2139   ARG 696  , 2     2  2135   GLU 692  ,0.28771228771228774,28800.000000000004
 3     3  2249   ARG 84   , 3     3  2204   ASP 39   ,0.2837162837162837,28400.0
 3     3  2806   ASP 641  , 3     3  2712   LYS 547  ,0.2827172827172827,28299.999999999996
 1     1  1432   ARG 711  , 1     1  1420   GLU 699  ,0.2827172827172827,28299.999999999996
 3     3  2577   LYS 412  , 3     3  2540   ASP 375  ,0.2817182817182817,28200.0
 2     2  1642   LYS 199  , 2     2  1562   GLU 119  ,0.27972027972027974,28000.000000000004
 3     3  2861   ARG 696  , 3     3  2857   GLU 692  ,0.2757242757242757,27600.0
 3     3  2216   LYS 51   , 3     3  2212   ASP 47   ,0.2757242757242757,27600.0
 0     0   185   GLU 186  , 0     0    23   ARG 24   ,0.2727272727272727,27299.999999999996
 3     3  2864   GLU 699  , 3     3  2860   LYS 695  ,0.26573426573426573,26600.0
 2     2  2032   ASP 589  , 1     1  1255   LYS 534  ,0.2647352647352647,26499.999999999996
 3     3  2854   GLU 689  , 3     3  2853   ARG 688  ,0.2647352647352647,26499.999999999996
 3     3  2864   GLU 699  , 3     3  2861   ARG 696  ,0.26173826173826176,26200.000000000004
 3     3  2366   GLU 201  , 3     3  2364   LYS 199  ,0.2597402597402597,25999.999999999996
 1     1  1067   GLU 346  , 1     1   728   ARG 7    ,0.25674325674325676,25700.000000000004
 3     3  2241   ASP 76   , 0     0   717   ARG 718  ,0.25574425574425574,25600.0
 3     3  2269   ARG 104  , 3     3  2238   GLU 73   ,0.25574425574425574,25600.0
 0     0   284   LYS 285  , 0     0   282   ASP 283  ,0.25374625374625376,25400.0
 1     1  1416   LYS 695  , 1     1  1412   GLU 691  ,0.25274725274725274,25300.0
 1     1  1228   GLU 507  , 1     1  1224   LYS 503  ,0.24975024975024976,25000.0
 4     4  2888   ARG 1001 , 3     3  2563   ASP 398  ,0.24875124875124874,24900.0
 2     2  1937   ASP 494  , 2     2  1936   ARG 493  ,0.24875124875124874,24900.0
 0     0   640   ASP 641  , 0     0   546   LYS 547  ,0.24075924075924077,24100.0
 3     3  2699   LYS 534  , 0     0   585   GLU 586  ,0.23876123876123875,23900.0
 0     0   721   GLU 722  , 0     0   720   LYS 721  ,0.23676323676323677,23700.0
 1     1  1412   GLU 691  , 1     1  1408   LYS 687  ,0.23676323676323677,23700.0
 1     1   925   LYS 204  , 1     1   922   GLU 201  ,0.23376623376623376,23400.0
 2     2  1830   ARG 387  , 2     2  1824   GLU 381  ,0.23376623376623376,23400.0
 1     1   922   GLU 201  , 1     1   920   LYS 199  ,0.23376623376623376,23400.0
 1     1  1245   ASP 524  , 1     1  1205   ARG 484  ,0.23276723276723277,23300.0
 1     1  1437   ARG 716  , 1     1  1411   GLU 690  ,0.23276723276723277,23300.0
 3     3  2672   GLU 507  , 3     3  2668   LYS 503  ,0.23176823176823177,23200.0
 3     3  2341   GLU 176  , 3     3  2339   LYS 174  ,0.22977022977022976,23000.0
 4     4  2921   ASP 1034 , 4     4  2914   ARG 1027 ,0.22877122877122877,22900.0
 1     1  1443   GLU 722  , 0     0   121   LYS 122  ,0.22777222777222778,22800.0
 1     1  1373   LYS 652  , 1     1  1290   GLU 569  ,0.22577422577422576,22600.0
 0     0   689   GLU 690  , 0     0   686   LYS 687  ,0.22477522477522477,22500.0
 2     2  2095   LYS 652  , 2     2  2012   GLU 569  ,0.22277722277722278,22300.0
 1     1  1418   LYS 697  , 0     0    80   GLU 81   ,0.21878121878121878,21900.0
 2     2  2029   GLU 586  , 1     1  1255   LYS 534  ,0.2177822177822178,21800.0
 2     2  2142   GLU 699  , 2     2  2140   LYS 697  ,0.21578421578421578,21600.0
 3     3  2847   LYS 682  , 3     3  2769   ASP 604  ,0.21478521478521478,21500.0
 2     2  2125   LYS 682  , 2     2  2049   GLU 606  ,0.2137862137862138,21400.0
 0     0   651   LYS 652  , 0     0   568   GLU 569  ,0.2137862137862138,21400.0
 1     1  1006   LYS 285  , 1     1  1004   ASP 283  ,0.2127872127872128,21300.0
 1     1  1443   GLU 722  , 1     1  1403   LYS 682  ,0.21078921078921078,21100.0
 0     0   182   ARG 183  , 0     0   131   ASP 132  ,0.2087912087912088,20900.0
 2     2  2136   ARG 693  , 2     2  2132   GLU 689  ,0.2077922077922078,20800.0
 2     2  2084   ASP 641  , 2     2  1990   LYS 547  ,0.2077922077922078,20800.0
 2     2  2132   GLU 689  , 2     2  2131   ARG 688  ,0.2077922077922078,20800.0
 3     3  2318   ARG 153  , 3     3  2307   ASP 142  ,0.20679320679320679,20700.0
 0     0   688   GLU 689  , 0     0   687   ARG 688  ,0.2047952047952048,20500.0
 3     3  2817   LYS 652  , 3     3  2734   GLU 569  ,0.2037962037962038,20400.0
 3     3  2450   LYS 285  , 3     3  2448   ASP 283  ,0.20279720279720279,20300.0
 1     1  1208   GLU 487  , 1     1  1205   ARG 484  ,0.19880119880119881,19900.0
 0     0   698   GLU 699  , 0     0   692   ARG 693  ,0.1928071928071928,19300.0
 3     3  2253   GLU 88   , 0     0   686   LYS 687  ,0.18981018981018982,19000.0
 0     0   496   LYS 497  , 0     0   493   ASP 494  ,0.18981018981018982,19000.0
 4     4  2910   LYS 1023 , 3     3  2563   ASP 398  ,0.1888111888111888,18900.0
 2     2  1599   ARG 156  , 2     2  1585   ASP 142  ,0.1888111888111888,18900.0
 3     3  2238   GLU 73   , 0     0   715   ARG 716  ,0.1888111888111888,18900.0
 0     0   526   LYS 527  , 0     0   523   ASP 524  ,0.1878121878121878,18800.0
 2     2  2091   ASP 648  , 2     2  2089   LYS 646  ,0.18681318681318682,18700.0
 0     0   694   LYS 695  , 0     0   690   GLU 691  ,0.1848151848151848,18500.0
 0     0   329   ARG 330  , 0     0   253   ASP 254  ,0.1848151848151848,18500.0
 1     1  1443   GLU 722  , 1     1  1409   ARG 688  ,0.18281718281718282,18300.0
 3     3  2704   ASP 539  , 0     0   507   ARG 508  ,0.18081918081918083,18100.0
 3     3  2339   LYS 174  , 0     0   721   GLU 722  ,0.1798201798201798,18000.0
 1     1   920   LYS 199  , 1     1   840   GLU 119  ,0.17582417582417584,17600.0
 0     0   654   GLU 655  , 0     0   651   LYS 652  ,0.17382617382617382,17400.0
 1     1  1433   ARG 712  , 1     1  1420   GLU 699  ,0.17382617382617382,17400.0
 0     0   563   ARG 564  , 0     0   538   ASP 539  ,0.17282717282717283,17300.0
 1     1   925   LYS 204  , 1     1   740   GLU 19   ,0.17282717282717283,17300.0
 0     0   681   LYS 682  , 0     0   605   GLU 606  ,0.17282717282717283,17300.0
 0     0    56   ARG 57   , 0     0    46   ASP 47   ,0.17182817182817184,17200.0
 2     2  1830   ARG 387  , 2     2  1823   ASP 380  ,0.17082917082917082,17100.0
 0     0   694   LYS 695  , 0     0   691   GLU 692  ,0.17082917082917082,17100.0
 3     3  2579   GLU 414  , 3     3  2577   LYS 412  ,0.17082917082917082,17100.0
 3     3  2860   LYS 695  , 3     3  2856   GLU 691  ,0.16483516483516483,16500.0
 0     0   386   ARG 387  , 0     0   380   GLU 381  ,0.16283716283716285,16300.000000000002
 2     2  1855   LYS 412  , 2     2  1825   ASP 382  ,0.16283716283716285,16300.000000000002
 3     3  2883   ARG 718  , 3     3  2856   GLU 691  ,0.15584415584415584,15600.0
 1     1  1248   LYS 527  , 1     1  1245   ASP 524  ,0.15484515484515485,15500.0
 2     2  2134   GLU 691  , 2     2  2131   ARG 688  ,0.15284715284715283,15299.999999999998
 1     1  1437   ARG 716  , 0     0    87   GLU 88   ,0.15184815184815184,15200.0
 2     2  2090   ARG 647  , 2     2  2032   ASP 589  ,0.15084915084915085,15100.0
 2     2  2138   LYS 695  , 2     2  2134   GLU 691  ,0.14885114885114886,14900.000000000002
 3     3  2318   ARG 153  , 3     3  2308   ASP 143  ,0.14585414585414586,14600.0
 0     0   175   GLU 176  , 0     0   149   LYS 150  ,0.14585414585414586,14600.0
 4     4  2921   ASP 1034 , 4     4  2888   ARG 1001 ,0.14285714285714285,14300.0
 0     0    50   LYS 51   , 0     0    46   ASP 47   ,0.14185814185814186,14200.0
 1     1  1443   GLU 722  , 1     1  1442   LYS 721  ,0.14085914085914086,14100.0
 3     3  2345   LYS 180  , 0     0   721   GLU 722  ,0.13986013986013987,14000.000000000002
 2     2  1760   GLU 317  , 2     2  1687   ARG 244  ,0.13686313686313686,13700.0
 2     2  2142   GLU 699  , 2     2  2136   ARG 693  ,0.13686313686313686,13700.0
 0     0   690   GLU 691  , 0     0   687   ARG 688  ,0.13586413586413587,13600.0
 0     0   647   ASP 648  , 0     0   645   LYS 646  ,0.13586413586413587,13600.0
 3     3  2321   ARG 156  , 3     3  2297   ASP 132  ,0.13386613386613386,13400.0
 1     1   871   LYS 150  , 1     1   862   GLU 141  ,0.13386613386613386,13400.0
 1     1  1373   LYS 652  , 1     1  1369   ASP 648  ,0.13286713286713286,13300.0
 2     2  1970   LYS 527  , 2     2  1967   ASP 524  ,0.13186813186813187,13200.0
 2     2  1500   ARG 57   , 2     2  1490   ASP 47   ,0.13086913086913088,13100.000000000002
 3     3  2243   ASP 78   , 0     0   715   ARG 716  ,0.12787212787212787,12800.0
 2     2  2138   LYS 695  , 2     2  2135   GLU 692  ,0.12687312687312688,12700.0
 3     3  2222   ARG 57   , 3     3  2212   ASP 47   ,0.1258741258741259,12600.000000000002
 3     3  2692   LYS 527  , 3     3  2691   GLU 526  ,0.12187812187812187,12200.0
 0     0    83   ARG 84   , 0     0    80   GLU 81   ,0.12087912087912088,12100.0
 0     0   623   GLU 624  , 0     0   622   LYS 623  ,0.11988011988011989,12000.0
 1     1  1310   ASP 589  , 0     0   533   LYS 534  ,0.11888111888111888,11900.0
 1     1  1051   ARG 330  , 1     1  1028   ASP 307  ,0.11588411588411589,11600.0
 2     2  2133   GLU 690  , 2     2  2130   LYS 687  ,0.11588411588411589,11600.0
 3     3  2364   LYS 199  , 3     3  2284   GLU 119  ,0.11488511488511488,11500.0
 0     0   179   LYS 180  , 0     0    95   GLU 96   ,0.11388611388611389,11400.0
 0     0   386   ARG 387  , 0     0   379   ASP 380  ,0.11388611388611389,11400.0
 0     0   152   ARG 153  , 0     0   131   ASP 132  ,0.11188811188811189,11200.0
 1     1  1096   ASP 375  , 1     1   963   LYS 242  ,0.10989010989010989,11000.0
 3     3  2860   LYS 695  , 3     3  2857   GLU 692  ,0.1088911088911089,10900.0
 2     2  1707   ASP 264  , 2     2  1660   LYS 217  ,0.10789210789210789,10800.0
 3     3  2883   ARG 718  , 3     3  2864   GLU 699  ,0.1038961038961039,10400.0
 3     3  2243   ASP 78   , 0     0   711   ARG 712  ,0.1038961038961039,10400.0
 3     3  2261   GLU 96   , 0     0   720   LYS 721  ,0.1038961038961039,10400.0
 0     0   563   ARG 564  , 0     0   534   ASP 535  ,0.1018981018981019,10200.0
 1     1  1038   GLU 317  , 1     1   963   LYS 242  ,0.1018981018981019,10200.0
