 2     2  1500   ARG 57   , 2     2  1487   TYR 44   ,1.0,100100.0
 1     1  1304   HIS 583  , 0     0   563   ARG 564  ,1.0,100100.0
 2     2  1782   ARG 339  , 2     2  1716   PHE 273  ,1.0,100100.0
 2     2  1779   ARG 336  , 2     2  1704   PHE 261  ,1.0,100100.0
 2     2  1776   ARG 333  , 2     2  1704   PHE 261  ,1.0,100100.0
 3     3  2504   ARG 339  , 3     3  2460   TRP 295  ,1.0,100100.0
 1     1  1368   ARG 647  , 1     1  1342   PHE 621  ,1.0,100100.0
 3     3  2498   ARG 333  , 3     3  2426   PHE 261  ,1.0,100100.0
 1     1  1054   ARG 333  , 1     1   982   PHE 261  ,1.0,100100.0
 0     0   338   ARG 339  , 0     0   219   TRP 220  ,1.0,100100.0
 0     0   332   ARG 333  , 0     0   260   PHE 261  ,1.0,100100.0
 2     2  1964   ARG 521  , 2     2  1960   TRP 517  ,0.999000999000999,100000.0
 3     3  2302   LYS 137  , 3     3  2273   TRP 108  ,0.998001998001998,99900.0
 2     2  1782   ARG 339  , 2     2  1655   HIS 212  ,0.997002997002997,99800.0
 1     1  1057   ARG 336  , 1     1   982   PHE 261  ,0.996003996003996,99700.0
 0     0   335   ARG 336  , 0     0   260   PHE 261  ,0.994005994005994,99500.0
 3     3  2812   ARG 647  , 3     3  2786   PHE 621  ,0.9920079920079921,99300.0
 2     2  1663   TRP 220  , 2     2  1660   LYS 217  ,0.989010989010989,99000.0
 3     3  2348   ARG 183  , 3     3  2344   HIS 179  ,0.988011988011988,98900.0
 2     2  2026   HIS 583  , 1     1  1285   ARG 564  ,0.98001998001998,98100.0
 1     1  1242   ARG 521  , 1     1  1238   TRP 517  ,0.977022977022977,97800.0
 1     1   904   ARG 183  , 1     1   857   PHE 136  ,0.9760239760239761,97700.0
 2     2  1731   ARG 288  , 2     2  1713   HIS 270  ,0.975024975024975,97600.0
 0     0    56   ARG 57   , 0     0    43   TYR 44   ,0.975024975024975,97600.0
 3     3  2501   ARG 336  , 3     3  2426   PHE 261  ,0.971028971028971,97200.0
 0     0   136   LYS 137  , 0     0   107   TRP 108  ,0.97002997002997,97100.0
 2     2  1580   LYS 137  , 2     2  1551   TRP 108  ,0.968031968031968,96900.0
 0     0   339   LYS 340  , 0     0   221   TRP 222  ,0.968031968031968,96900.0
 2     2  2123   PHE 680  , 2     2  2120   ARG 677  ,0.9660339660339661,96700.0
 3     3  2584   LYS 419  , 3     3  2402   TYR 237  ,0.962037962037962,96300.0
 1     1   858   LYS 137  , 1     1   829   TRP 108  ,0.961038961038961,96200.0
 3     3  2729   ARG 564  , 0     0   582   HIS 583  ,0.9590409590409591,96000.0
 1     1   883   ARG 162  , 1     1   857   PHE 136  ,0.935064935064935,93600.0
 2     2  1547   ARG 104  , 2     2  1543   TYR 100  ,0.9270729270729271,92800.0
 3     3  2222   ARG 57   , 3     3  2209   TYR 44   ,0.9230769230769231,92400.0
 1     1  1060   ARG 339  , 1     1   994   PHE 273  ,0.9020979020979021,90300.0
 3     3  2504   ARG 339  , 3     3  2456   TYR 291  ,0.8961038961038961,89700.0
 1     1  1303   TYR 582  , 0     0   533   LYS 534  ,0.8861138861138861,88700.0
 4     4  2914   ARG 1027 , 2     2  1836   TYR 393  ,0.8841158841158842,88500.0
 0     0   342   HIS 343  , 0     0   339   LYS 340  ,0.8661338661338661,86700.0
 3     3  2747   TYR 582  , 2     2  1977   LYS 534  ,0.8631368631368631,86400.0
 4     4  2905   LYS 1018 , 4     4  2901   PHE 1014 ,0.8451548451548452,84600.0
 3     3  2508   HIS 343  , 3     3  2173   ARG 8    ,0.8421578421578422,84300.0
 2     2  1989   ARG 546  , 2     2  1986   HIS 543  ,0.8381618381618382,83900.0
 1     1   823   LYS 102  , 1     1   776   TYR 55   ,0.8301698301698301,83100.0
 2     2  2164   LYS 721  , 1     1  1383   HIS 662  ,0.8301698301698301,83100.0
 1     1  1060   ARG 339  , 1     1   933   HIS 212  ,0.8111888111888111,81200.0
 1     1   941   TRP 220  , 1     1   938   LYS 217  ,0.8041958041958042,80500.0
 1     1  1387   ARG 666  , 1     1  1383   HIS 662  ,0.7992007992007992,80000.0
 3     3  2831   ARG 666  , 3     3  2827   HIS 662  ,0.7982017982017982,79900.0
 1     1  1009   ARG 288  , 1     1   991   HIS 270  ,0.7972027972027972,79800.0
 0     0   665   ARG 666  , 0     0   661   HIS 662  ,0.7942057942057942,79500.0
 3     3  2584   LYS 419  , 3     3  2415   TRP 250  ,0.7742257742257742,77500.0
 3     3  2267   LYS 102  , 3     3  2220   TYR 55   ,0.7732267732267732,77400.0
 0     0   342   HIS 343  , 0     0     6   ARG 7    ,0.7682317682317682,76900.0
 1     1   825   ARG 104  , 1     1   821   TYR 100  ,0.7462537462537463,74700.0
 2     2  1545   LYS 102  , 2     2  1498   TYR 55   ,0.7442557442557443,74500.0
 0     0   717   ARG 718  , 0     0   713   PHE 714  ,0.7342657342657343,73500.0
 0     0   103   ARG 104  , 0     0    99   TYR 100  ,0.7262737262737263,72700.0
 0     0   219   TRP 220  , 0     0   216   LYS 217  ,0.7142857142857143,71500.0
 2     2  1782   ARG 339  , 2     2  1734   TYR 291  ,0.7082917082917083,70900.0
 2     2  1871   TYR 428  , 1     1  1171   LYS 450  ,0.7082917082917083,70900.0
 2     2  1776   ARG 333  , 2     2  1749   TYR 306  ,0.7072927072927073,70800.0
 2     2  1731   ARG 288  , 2     2  1712   PHE 269  ,0.7072927072927073,70800.0
 3     3  2615   LYS 450  , 0     0   427   TYR 428  ,0.7062937062937062,70700.0
 2     2  2109   ARG 666  , 2     2  2105   HIS 662  ,0.6693306693306693,67000.0
 3     3  2385   TRP 220  , 3     3  2382   LYS 217  ,0.6693306693306693,67000.0
 1     1  1051   ARG 330  , 1     1  1027   TYR 306  ,0.6653346653346653,66600.0
 0     0   182   ARG 183  , 0     0   135   PHE 136  ,0.6553446553446554,65600.0
 0     0   101   LYS 102  , 0     0    54   TYR 55   ,0.6443556443556444,64500.00000000001
 0     0    83   ARG 84   , 0     0    39   TRP 40   ,0.6423576423576424,64300.0
 2     2  1770   LYS 327  , 2     2  1766   PHE 323  ,0.6413586413586414,64200.00000000001
 3     3  2812   ARG 647  , 2     2  2099   PHE 656  ,0.6393606393606394,64000.0
 3     3  2508   HIS 343  , 3     3  2172   ARG 7    ,0.6383616383616384,63900.0
 3     3  2877   ARG 712  , 3     3  2873   HIS 708  ,0.6143856143856143,61499.99999999999
 1     1  1439   ARG 718  , 1     1  1435   PHE 714  ,0.6113886113886113,61199.99999999999
 1     1  1433   ARG 712  , 1     1  1429   HIS 708  ,0.5984015984015985,59900.00000000001
 1     1  1364   HIS 643  , 1     1  1268   LYS 547  ,0.5914085914085914,59199.99999999999
 2     2  2155   ARG 712  , 2     2  2151   HIS 708  ,0.5854145854145855,58600.00000000001
 3     3  2883   ARG 718  , 3     3  2879   PHE 714  ,0.5814185814185814,58199.99999999999
 3     3  2269   ARG 104  , 3     3  2265   TYR 100  ,0.5654345654345654,56599.99999999999
 3     3  2498   ARG 333  , 3     3  2471   TYR 306  ,0.5644355644355644,56500.0
 3     3  2249   ARG 84   , 3     3  2205   TRP 40   ,0.5574425574425574,55800.0
 3     3  2382   LYS 217  , 3     3  2377   HIS 212  ,0.5374625374625375,53800.0
 0     0   182   ARG 183  , 0     0   178   HIS 179  ,0.5374625374625375,53800.0
 3     3  2686   ARG 521  , 3     3  2682   TRP 517  ,0.5294705294705294,52999.99999999999
 1     1   778   ARG 57   , 1     1   777   HIS 56   ,0.5254745254745254,52600.0
 2     2  2090   ARG 647  , 2     2  2064   PHE 621  ,0.5204795204795205,52100.0
 2     2  2119   LYS 676  , 2     2  2115   TYR 672  ,0.5084915084915085,50900.0
 2     2  2151   HIS 708  , 2     2  2124   ARG 681  ,0.5004995004995005,50100.00000000001
 0     0   383   LYS 384  , 0     0   375   TYR 376  ,0.4985014985014985,49900.0
 2     2  1786   HIS 343  , 2     2  1450   ARG 7    ,0.4985014985014985,49900.0
 4     4  2908   PHE 1021 , 4     4  2888   ARG 1001 ,0.48951048951048953,49000.0
 0     0   287   ARG 288  , 0     0   269   HIS 270  ,0.4855144855144855,48600.0
 1     1   778   ARG 57   , 1     1   765   TYR 44   ,0.4835164835164835,48400.0
 2     2  2161   ARG 718  , 2     2  2157   PHE 714  ,0.4805194805194805,48100.0
 3     3  2748   HIS 583  , 2     2  2007   ARG 564  ,0.47352647352647353,47400.0
 1     1   805   ARG 84   , 1     1   761   TRP 40   ,0.4725274725274725,47300.0
 2     2  1827   LYS 384  , 2     2  1822   PHE 379  ,0.46053946053946054,46100.0
 3     3  2172   ARG 7    , 0     0   484   TYR 485  ,0.44755244755244755,44800.0
 2     2  2164   LYS 721  , 2     2  2160   PHE 717  ,0.44555444555444557,44600.0
 3     3  2699   LYS 534  , 0     0   581   TYR 582  ,0.44555444555444557,44600.0
 0     0   710   ARG 711  , 0     0   707   HIS 708  ,0.4405594405594406,44100.0
 2     2  1942   TYR 499  , 0     0     7   ARG 8    ,0.43656343656343655,43700.0
 3     3  2453   ARG 288  , 3     3  2435   HIS 270  ,0.43356643356643354,43400.0
 0     0   711   ARG 712  , 0     0   707   HIS 708  ,0.4175824175824176,41800.0
 3     3  2677   TYR 512  , 3     3  2673   ARG 508  ,0.3916083916083916,39200.0
 2     2  2154   ARG 711  , 2     2  2151   HIS 708  ,0.3886113886113886,38900.0
 3     3  2222   ARG 57   , 3     3  2221   HIS 56   ,0.3836163836163836,38400.0
 1     1   902   HIS 181  , 1     1   901   LYS 180  ,0.3826173826173826,38300.0
 3     3  2876   ARG 711  , 3     3  2873   HIS 708  ,0.38161838161838163,38200.0
 0     0   287   ARG 288  , 0     0   268   PHE 269  ,0.3786213786213786,37900.0
 2     2  1773   ARG 330  , 2     2  1749   TYR 306  ,0.3516483516483517,35200.0
 1     1  1009   ARG 288  , 1     1   990   PHE 269  ,0.34765234765234765,34800.0
 4     4  2908   PHE 1021 , 4     4  2907   ARG 1020 ,0.34065934065934067,34100.0
 1     1  1267   ARG 546  , 1     1  1264   HIS 543  ,0.33466533466533466,33500.0
 0     0   646   ARG 647  , 0     0   620   PHE 621  ,0.32967032967032966,33000.0
 4     4  2919   PHE 1032 , 4     4  2893   LYS 1006 ,0.3276723276723277,32800.0
 0     0   717   ARG 718  , 0     0   716   PHE 717  ,0.32667332667332666,32700.0
 3     3  2504   ARG 339  , 3     3  2438   PHE 273  ,0.3256743256743257,32600.000000000004
 0     0    68   PHE 69   , 0     0    62   LYS 63   ,0.3246753246753247,32500.0
 1     1  1238   TRP 517  , 0     0     6   ARG 7    ,0.3246753246753247,32500.0
 3     3  2495   ARG 330  , 3     3  2471   TYR 306  ,0.3206793206793207,32100.000000000004
 3     3  2512   TYR 347  , 3     3  2172   ARG 7    ,0.3176823176823177,31800.0
 1     1   751   PHE 30   , 1     1   745   ARG 24   ,0.3096903096903097,31000.0
 1     1   790   PHE 69   , 1     1   784   LYS 63   ,0.3066933066933067,30700.0
 2     2  1936   ARG 493  , 2     2  1929   HIS 486  ,0.3066933066933067,30700.0
 2     2  1527   ARG 84   , 2     2  1483   TRP 40   ,0.3036963036963037,30400.0
 0     0   411   LYS 412  , 0     0   375   TYR 376  ,0.2907092907092907,29099.999999999996
 2     2  1512   PHE 69   , 2     2  1506   LYS 63   ,0.2887112887112887,28900.0
 3     3  2577   LYS 412  , 3     3  2544   PHE 379  ,0.2857142857142857,28600.0
 1     1  1061   LYS 340  , 1     1   943   TRP 222  ,0.27972027972027974,28000.000000000004
 2     2  2025   TYR 582  , 1     1  1255   LYS 534  ,0.27472527472527475,27500.000000000004
 1     1  1432   ARG 711  , 1     1  1429   HIS 708  ,0.2707292707292707,27100.0
 0     0   383   LYS 384  , 0     0   378   PHE 379  ,0.2627372627372627,26300.0
 1     1   901   LYS 180  , 1     1   831   PHE 110  ,0.2627372627372627,26300.0
 1     1  1442   LYS 721  , 1     1  1438   PHE 717  ,0.25874125874125875,25900.0
 3     3  2234   PHE 69   , 3     3  2228   LYS 63   ,0.25574425574425574,25600.0
 3     3  2882   PHE 717  , 3     3  2881   ARG 716  ,0.25374625374625376,25400.0
 0     0   545   ARG 546  , 0     0   542   HIS 543  ,0.25274725274725274,25300.0
 2     2  1623   LYS 180  , 2     2  1553   PHE 110  ,0.24575424575424576,24600.0
 3     3  2714   PHE 549  , 3     3  2711   ARG 546  ,0.23876123876123875,23900.0
 2     2  1623   LYS 180  , 2     2  1579   PHE 136  ,0.23676323676323677,23700.0
 1     1   901   LYS 180  , 1     1   900   HIS 179  ,0.22877122877122877,22900.0
 0     0   622   LYS 623  , 0     0   621   TRP 622  ,0.22277722277722278,22300.0
 3     3  2453   ARG 288  , 3     3  2434   PHE 269  ,0.2177822177822178,21800.0
 0     0   412   TRP 413  , 0     0   386   ARG 387  ,0.21478521478521478,21500.0
 1     1  1344   LYS 623  , 1     1  1343   TRP 622  ,0.2097902097902098,21000.0
 1     1  1140   LYS 419  , 1     1   962   PHE 241  ,0.2097902097902098,21000.0
 1     1  1397   LYS 676  , 1     1  1393   TYR 672  ,0.20679320679320679,20700.0
 3     3  2711   ARG 546  , 3     3  2708   HIS 543  ,0.20279720279720279,20300.0
 0     0   411   LYS 412  , 0     0   378   PHE 379  ,0.2007992007992008,20100.0
 3     3  2788   LYS 623  , 3     3  2787   TRP 622  ,0.1958041958041958,19600.0
 0     0   548   PHE 549  , 0     0   545   ARG 546  ,0.1938061938061938,19400.0
 3     3  2879   PHE 714  , 3     3  2876   ARG 711  ,0.1938061938061938,19400.0
 0     0   150   PHE 151  , 0     0   149   LYS 150  ,0.1918081918081918,19200.0
 0     0   720   LYS 721  , 0     0   716   PHE 717  ,0.19080919080919082,19100.0
 2     2  1626   ARG 183  , 2     2  1622   HIS 179  ,0.1878121878121878,18800.0
 1     1  1057   ARG 336  , 1     1  1012   TYR 291  ,0.17482517482517482,17500.0
 1     1  1435   PHE 714  , 1     1  1416   LYS 695  ,0.17282717282717283,17300.0
 0     0   329   ARG 330  , 0     0   305   TYR 306  ,0.17282717282717283,17300.0
 0     0   103   ARG 104  , 0     0    54   TYR 55   ,0.17182817182817184,17200.0
 1     1   805   ARG 84   , 1     1   792   TYR 71   ,0.17082917082917082,17100.0
 3     3  2682   TRP 517  , 3     3  2649   ARG 484  ,0.16883116883116883,16900.0
 2     2  1500   ARG 57   , 2     2  1499   HIS 56   ,0.16583416583416583,16600.0
 3     3  2269   ARG 104  , 3     3  2220   TYR 55   ,0.15584415584415584,15600.0
 3     3  2549   LYS 384  , 3     3  2544   PHE 379  ,0.15184815184815184,15200.0
 3     3  2313   TRP 148  , 3     3  2266   LYS 101  ,0.15184815184815184,15200.0
 2     2  2066   LYS 623  , 2     2  2065   TRP 622  ,0.15184815184815184,15200.0
 2     2  1862   LYS 419  , 2     2  1814   TYR 371  ,0.14885114885114886,14900.000000000002
 0     0    83   ARG 84   , 0     0    70   TYR 71   ,0.14585414585414586,14600.0
 0     0   492   ARG 493  , 0     0   485   HIS 486  ,0.14485514485514486,14500.0
 0     0   713   PHE 714  , 0     0   710   ARG 711  ,0.14385614385614387,14400.000000000002
 3     3  2883   ARG 718  , 3     3  2882   PHE 717  ,0.13486513486513488,13500.000000000002
 3     3  2552   ARG 387  , 3     3  2541   TYR 376  ,0.13186813186813187,13200.0
 1     1  1149   TYR 428  , 0     0   449   LYS 450  ,0.13186813186813187,13200.0
 4     4  2907   ARG 1020 , 0     0   392   TYR 393  ,0.12987012987012986,12999.999999999998
 2     2  2026   HIS 583  , 2     2  1951   ARG 508  ,0.12787212787212787,12800.0
 3     3  2228   LYS 63   , 3     3  2220   TYR 55   ,0.11888111888111888,11900.0
 2     2  1591   TRP 148  , 2     2  1589   LYS 146  ,0.11888111888111888,11900.0
 1     1  1270   PHE 549  , 1     1  1267   ARG 546  ,0.11788211788211789,11800.0
 3     3  2886   LYS 721  , 3     3  2882   PHE 717  ,0.11588411588411589,11600.0
 0     0   116   ARG 117  , 0     0    89   TYR 90   ,0.1108891108891109,11100.0
 3     3  2316   PHE 151  , 3     3  2315   LYS 150  ,0.1068931068931069,10700.0
 3     3  2321   ARG 156  , 3     3  2313   TRP 148  ,0.10589410589410589,10600.0
 3     3  2318   ARG 153  , 3     3  2313   TRP 148  ,0.1048951048951049,10500.0
 3     3  2593   TYR 428  , 2     2  1893   LYS 450  ,0.1038961038961039,10400.0
 0     0   179   LYS 180  , 0     0   135   PHE 136  ,0.1018981018981019,10200.0
