 0     0   329   ARG 330  , 0     0   257   ASP 258  ,1.0,100100.0
 0     0   335   ARG 336  , 0     0   298   ASP 299  ,1.0,100100.0
 0     0   338   ARG 339  , 0     0   220   ASP 221  ,1.0,100100.0
 0     0   338   ARG 339  , 0     0   263   ASP 264  ,1.0,100100.0
 3     3  2501   ARG 336  , 3     3  2464   ASP 299  ,1.0,100100.0
 3     3  2800   ARG 635  , 3     3  2765   GLU 600  ,1.0,100100.0
 2     2  2078   ARG 635  , 2     2  2043   GLU 600  ,1.0,100100.0
 3     3  2495   ARG 330  , 3     3  2423   ASP 258  ,1.0,100100.0
 3     3  2495   ARG 330  , 3     3  2472   ASP 307  ,1.0,100100.0
 3     3  2498   ARG 333  , 3     3  2423   ASP 258  ,1.0,100100.0
 2     2  1773   ARG 330  , 2     2  1697   ASP 254  ,1.0,100100.0
 2     2  1773   ARG 330  , 2     2  1701   ASP 258  ,1.0,100100.0
 2     2  1776   ARG 333  , 2     2  1701   ASP 258  ,1.0,100100.0
 0     0   674   ARG 675  , 0     0   618   ASP 619  ,1.0,100100.0
 2     2  1779   ARG 336  , 2     2  1707   ASP 264  ,1.0,100100.0
 2     2  1779   ARG 336  , 2     2  1742   ASP 299  ,1.0,100100.0
 3     3  2501   ARG 336  , 3     3  2429   ASP 264  ,1.0,100100.0
 3     3  2386   ASP 221  , 3     3  2382   LYS 217  ,1.0,100100.0
 3     3  2840   ARG 675  , 3     3  2784   ASP 619  ,1.0,100100.0
 0     0   332   ARG 333  , 0     0   257   ASP 258  ,1.0,100100.0
 1     1  1336   ASP 615  , 0     0    56   ARG 57   ,1.0,100100.0
 1     1   942   ASP 221  , 1     1   938   LYS 217  ,1.0,100100.0
 1     1  1054   ARG 333  , 1     1   979   ASP 258  ,1.0,100100.0
 1     1  1057   ARG 336  , 1     1  1020   ASP 299  ,1.0,100100.0
 0     0   335   ARG 336  , 0     0   263   ASP 264  ,1.0,100100.0
 0     0   220   ASP 221  , 0     0   216   LYS 217  ,1.0,100100.0
 2     2  1964   ARG 521  , 1     1  1067   GLU 346  ,1.0,100100.0
 1     1  1356   ARG 635  , 1     1  1321   GLU 600  ,0.999000999000999,100000.0
 1     1  1061   LYS 340  , 1     1   985   ASP 264  ,0.999000999000999,100000.0
 2     2  1937   ASP 494  , 0     0     0   MET 1    ,0.999000999000999,100000.0
 1     1  1051   ARG 330  , 1     1   975   ASP 254  ,0.999000999000999,100000.0
 3     3  2850   ASP 685  , 3     3  2846   ARG 681  ,0.999000999000999,100000.0
 1     1  1057   ARG 336  , 1     1   985   ASP 264  ,0.999000999000999,100000.0
 0     0   329   ARG 330  , 0     0   253   ASP 254  ,0.999000999000999,100000.0
 3     3  2318   ARG 153  , 3     3  2308   ASP 143  ,0.999000999000999,100000.0
 0     0   684   ASP 685  , 0     0   680   ARG 681  ,0.999000999000999,100000.0
 1     1  1406   ASP 685  , 1     1  1402   ARG 681  ,0.999000999000999,100000.0
 3     3  2659   ASP 494  , 1     1   722   MET 1    ,0.998001998001998,99900.0
 2     2  2128   ASP 685  , 2     2  2124   ARG 681  ,0.998001998001998,99900.0
 3     3  2222   ARG 57   , 0     0   614   ASP 615  ,0.998001998001998,99900.0
 2     2  1789   GLU 346  , 2     2  1450   ARG 7    ,0.998001998001998,99900.0
 0     0   710   ARG 711  , 0     0   706   ASP 707  ,0.998001998001998,99900.0
 3     3  2854   GLU 689  , 3     3  2846   ARG 681  ,0.997002997002997,99800.0
 2     2  2132   GLU 689  , 2     2  2124   ARG 681  ,0.997002997002997,99800.0
 0     0   386   ARG 387  , 0     0   376   GLU 377  ,0.997002997002997,99800.0
 0     0   688   GLU 689  , 0     0   680   ARG 681  ,0.997002997002997,99800.0
 1     1  1437   ARG 716  , 1     1  1413   GLU 692  ,0.996003996003996,99700.0
 2     2  1770   LYS 327  , 2     2  1750   ASP 307  ,0.995004995004995,99600.0
 2     2  1930   GLU 487  , 1     1  1205   ARG 484  ,0.995004995004995,99600.0
 1     1  1061   LYS 340  , 1     1   942   ASP 221  ,0.994005994005994,99500.0
 1     1  1051   ARG 330  , 1     1   979   ASP 258  ,0.993006993006993,99400.0
 3     3  2780   ASP 615  , 2     2  1500   ARG 57   ,0.993006993006993,99400.0
 1     1  1396   ARG 675  , 1     1  1340   ASP 619  ,0.9920079920079921,99300.0
 3     3  2751   GLU 586  , 2     2  2007   ARG 564  ,0.9920079920079921,99300.0
 2     2  2058   ASP 615  , 1     1   778   ARG 57   ,0.991008991008991,99200.0
 0     0   676   ARG 677  , 0     0   603   ASP 604  ,0.99000999000999,99100.0
 1     1  1410   GLU 689  , 1     1  1402   ARG 681  ,0.99000999000999,99100.0
 0     0    83   ARG 84   , 0     0    80   GLU 81   ,0.988011988011988,98900.0
 3     3  2507   ASP 342  , 3     3  2173   ARG 8    ,0.988011988011988,98900.0
 2     2  1545   LYS 102  , 2     2  1502   GLU 59   ,0.9820179820179821,98300.0
 0     0   721   GLU 722  , 0     0   696   LYS 697  ,0.9790209790209791,98000.0
 3     3  2729   ARG 564  , 3     3  2700   ASP 535  ,0.978021978021978,97900.0
 0     0   101   LYS 102  , 0     0    58   GLU 59   ,0.9760239760239761,97700.0
 1     1   823   LYS 102  , 1     1   780   GLU 59   ,0.9760239760239761,97700.0
 1     1  1398   ARG 677  , 1     1  1325   ASP 604  ,0.975024975024975,97600.0
 3     3  2267   LYS 102  , 3     3  2224   GLU 59   ,0.974025974025974,97500.0
 0     0   674   ARG 675  , 0     0   623   GLU 624  ,0.971028971028971,97200.0
 2     2  1629   GLU 186  , 2     2  1626   ARG 183  ,0.9690309690309691,97000.0
 2     2  2007   ARG 564  , 2     2  1982   ASP 539  ,0.967032967032967,96800.0
 2     2  1619   GLU 176  , 2     2  1605   ARG 162  ,0.967032967032967,96800.0
 0     0   326   LYS 327  , 0     0   306   ASP 307  ,0.9630369630369631,96400.0
 3     3  2744   ASP 579  , 3     3  2673   ARG 508  ,0.961038961038961,96200.0
 2     2  2118   ARG 675  , 2     2  2062   ASP 619  ,0.9600399600399601,96100.0
 2     2  1636   ASP 193  , 2     2  1467   ARG 24   ,0.958041958041958,95900.0
 2     2  1596   ARG 153  , 2     2  1584   GLU 141  ,0.957042957042957,95800.0
 3     3  2358   ASP 193  , 3     3  2189   ARG 24   ,0.955044955044955,95600.0
 0     0   136   LYS 137  , 0     0    95   GLU 96   ,0.9530469530469531,95400.0
 1     1  1063   ASP 342  , 1     1  1060   ARG 339  ,0.951048951048951,95200.0
 2     2  1830   ARG 387  , 2     2  1823   ASP 380  ,0.9500499500499501,95100.0
 4     4  2923   LYS 1036 , 3     3  2563   ASP 398  ,0.948051948051948,94900.0
 2     2  2007   ARG 564  , 2     2  1978   ASP 535  ,0.9470529470529471,94800.0
 3     3  2853   ARG 688  , 3     3  2850   ASP 685  ,0.9440559440559441,94500.0
 2     2  1580   LYS 137  , 2     2  1539   GLU 96   ,0.9430569430569431,94400.0
 3     3  2247   LYS 82   , 3     3  2243   ASP 78   ,0.939060939060939,94000.0
 1     1  1307   GLU 586  , 0     0   563   ARG 564  ,0.9370629370629371,93800.0
 2     2  1525   LYS 82   , 2     2  1521   ASP 78   ,0.936063936063936,93700.0
 3     3  2302   LYS 137  , 3     3  2261   GLU 96   ,0.935064935064935,93600.0
 3     3  2345   LYS 180  , 3     3  2261   GLU 96   ,0.9230769230769231,92400.0
 3     3  2842   ARG 677  , 3     3  2769   ASP 604  ,0.9150849150849151,91600.0
 3     3  2492   LYS 327  , 3     3  2472   ASP 307  ,0.9090909090909091,91000.0
 1     1   874   ARG 153  , 1     1   864   ASP 143  ,0.9070929070929071,90800.0
 1     1  1433   ARG 712  , 1     1  1413   GLU 692  ,0.903096903096903,90400.0
 1     1  1432   ARG 711  , 1     1  1428   ASP 707  ,0.8971028971028971,89800.0
 2     2  2120   ARG 677  , 2     2  2047   ASP 604  ,0.8961038961038961,89700.0
 3     3  2511   GLU 346  , 3     3  2173   ARG 8    ,0.8951048951048951,89600.0
 1     1  1285   ARG 564  , 1     1  1281   ASP 560  ,0.8951048951048951,89600.0
 0     0   721   GLU 722  , 0     0   717   ARG 718  ,0.8881118881118881,88900.0
 2     2  2155   ARG 712  , 2     2  2134   GLU 691  ,0.8861138861138861,88700.0
 2     2  2136   ARG 693  , 2     2  2133   GLU 690  ,0.8861138861138861,88700.0
 0     0    87   GLU 88   , 0     0    83   ARG 84   ,0.8821178821178821,88300.0
 3     3  2699   LYS 534  , 0     0   585   GLU 586  ,0.8681318681318682,86900.0
 1     1   858   LYS 137  , 1     1   817   GLU 96   ,0.8671328671328671,86800.0
 2     2  2154   ARG 711  , 2     2  2150   ASP 707  ,0.8631368631368631,86400.0
 3     3  2351   GLU 186  , 3     3  2348   ARG 183  ,0.8591408591408591,86000.0
 1     1   809   GLU 88   , 1     1   805   ARG 84   ,0.8541458541458542,85500.0
 1     1   914   ASP 193  , 1     1   745   ARG 24   ,0.8521478521478522,85300.0
 3     3  2649   ARG 484  , 0     0   486   GLU 487  ,0.8441558441558441,84500.0
 1     1  1413   GLU 692  , 1     1  1409   ARG 688  ,0.8441558441558441,84500.0
 0     0   720   LYS 721  , 0     0   689   GLU 690  ,0.8401598401598401,84100.0
 3     3  2857   GLU 692  , 3     3  2853   ARG 688  ,0.8381618381618382,83900.0
 3     3  2505   LYS 340  , 3     3  2386   ASP 221  ,0.8331668331668332,83400.0
 1     1  1105   LYS 384  , 1     1  1096   ASP 375  ,0.8321678321678322,83300.0
 1     1  1229   ARG 508  , 0     0   534   ASP 535  ,0.8031968031968032,80400.0
 2     2  1951   ARG 508  , 1     1  1260   ASP 539  ,0.7982017982017982,79900.0
 1     1  1000   GLU 279  , 1     1   744   ARG 23   ,0.7872127872127872,78800.0
 1     1  1417   ARG 696  , 1     1  1412   GLU 691  ,0.7832167832167832,78400.0
 1     1  1067   GLU 346  , 1     1   728   ARG 7    ,0.7792207792207793,78000.0
 1     1  1300   ASP 579  , 1     1  1229   ARG 508  ,0.7742257742257742,77500.0
 3     3  2858   ARG 693  , 3     3  2855   GLU 690  ,0.7712287712287712,77200.0
 2     2  2136   ARG 693  , 2     2  2132   GLU 689  ,0.7692307692307693,77000.0
 0     0   692   ARG 693  , 0     0   688   GLU 689  ,0.7682317682317682,76900.0
 3     3  2876   ARG 711  , 3     3  2872   ASP 707  ,0.7682317682317682,76900.0
 3     3  2686   ARG 521  , 0     0   493   ASP 494  ,0.7672327672327672,76800.0
 3     3  2673   ARG 508  , 2     2  1978   ASP 535  ,0.7642357642357642,76500.0
 3     3  2492   LYS 327  , 3     3  2482   GLU 317  ,0.7632367632367633,76400.0
 1     1   744   ARG 23   , 1     1   740   GLU 19   ,0.7612387612387612,76200.0
 0     0   675   LYS 676  , 0     0   623   GLU 624  ,0.7612387612387612,76200.0
 0     0   634   ARG 635  , 0     0   599   GLU 600  ,0.7592407592407593,76000.0
 0     0   687   ARG 688  , 0     0   684   ASP 685  ,0.7592407592407593,76000.0
 1     1  1362   ASP 641  , 0     0     7   ARG 8    ,0.7422577422577422,74300.0
 2     2  1855   LYS 412  , 2     2  1825   ASP 382  ,0.7322677322677322,73300.0
 3     3  2729   ARG 564  , 3     3  2704   ASP 539  ,0.7322677322677322,73300.0
 0     0   152   ARG 153  , 0     0   140   GLU 141  ,0.7292707292707292,73000.0
 2     2  2161   ARG 718  , 1     1   809   GLU 88   ,0.7292707292707292,73000.0
 2     2  1785   ASP 342  , 2     2  1450   ARG 7    ,0.7232767232767233,72400.0
 1     1   871   LYS 150  , 1     1   863   ASP 142  ,0.7152847152847153,71600.0
 0     0    81   LYS 82   , 0     0    77   ASP 78   ,0.7112887112887113,71200.0
 2     2  2118   ARG 675  , 2     2  2067   GLU 624  ,0.6973026973026973,69800.0
 1     1   803   LYS 82   , 1     1   799   ASP 78   ,0.6943056943056943,69500.0
 0     0   691   GLU 692  , 0     0   687   ARG 688  ,0.6943056943056943,69500.0
 2     2  2165   GLU 722  , 2     2  2159   ARG 716  ,0.6933066933066933,69400.0
 2     2  2131   ARG 688  , 2     2  2128   ASP 685  ,0.6883116883116883,68900.0
 1     1  1443   GLU 722  , 1     1  1439   ARG 718  ,0.6863136863136863,68700.0
 0     0   721   GLU 722  , 0     0   692   ARG 693  ,0.6813186813186813,68200.0
 1     1  1417   ARG 696  , 1     1  1411   GLU 690  ,0.6783216783216783,67900.0
 0     0   141   ASP 142  , 0     0   103   ARG 104  ,0.6553446553446554,65600.0
 1     1  1443   GLU 722  , 0     0   555   ARG 556  ,0.6543456543456544,65500.00000000001
 1     1  1409   ARG 688  , 1     1  1406   ASP 685  ,0.6503496503496503,65099.99999999999
 1     1   772   LYS 51   , 1     1   768   ASP 47   ,0.6483516483516484,64900.0
 3     3  2881   ARG 716  , 3     3  2864   GLU 699  ,0.6453546453546454,64600.0
 3     3  2327   ARG 162  , 3     3  2192   ASP 27   ,0.6423576423576424,64300.0
 1     1  1285   ARG 564  , 1     1  1256   ASP 535  ,0.6413586413586414,64200.00000000001
 2     2  1776   ARG 333  , 2     2  1697   ASP 254  ,0.6283716283716284,62900.00000000001
 2     2  2161   ARG 718  , 1     1   802   GLU 81   ,0.6253746253746254,62600.0
 3     3  2840   ARG 675  , 3     3  2789   GLU 624  ,0.6193806193806194,62000.0
 3     3  2341   GLU 176  , 3     3  2302   LYS 137  ,0.6123876123876124,61300.0
 0     0   645   LYS 646  , 0     0   588   ASP 589  ,0.6103896103896104,61100.0
 0     0    50   LYS 51   , 0     0    46   ASP 47   ,0.6093906093906094,61000.0
 2     2  1783   LYS 340  , 2     2  1664   ASP 221  ,0.6093906093906094,61000.0
 2     2  2135   GLU 692  , 2     2  2131   ARG 688  ,0.6083916083916084,60900.00000000001
 3     3  2700   ASP 535  , 0     0   507   ARG 508  ,0.6053946053946054,60600.00000000001
 3     3  2172   ARG 7    , 0     0   510   ASP 511  ,0.6013986013986014,60199.99999999999
 3     3  2249   ARG 84   , 3     3  2204   ASP 39   ,0.5974025974025974,59800.0
 0     0   523   ASP 524  , 0     0   483   ARG 484  ,0.5914085914085914,59199.99999999999
 3     3  2858   ARG 693  , 3     3  2854   GLU 689  ,0.5914085914085914,59199.99999999999
 4     4  2888   ARG 1001 , 0     0   397   ASP 398  ,0.5764235764235764,57700.0
 0     0   149   LYS 150  , 0     0   141   ASP 142  ,0.5744255744255744,57500.0
 2     2  1818   ASP 375  , 2     2  1685   LYS 242  ,0.5464535464535465,54700.00000000001
 1     1  1028   ASP 307  , 1     1   965   ARG 244  ,0.5444555444555444,54500.0
 0     0   173   LYS 174  , 0     0    26   ASP 27   ,0.5424575424575424,54299.99999999999
 2     2  2022   ASP 579  , 2     2  1951   ARG 508  ,0.5414585414585414,54200.0
 3     3  2269   ARG 104  , 3     3  2238   GLU 73   ,0.5384615384615384,53900.0
 1     1  1443   GLU 722  , 0     0   665   ARG 666  ,0.5374625374625375,53800.0
 3     3  2351   GLU 186  , 3     3  2327   ARG 162  ,0.5344655344655345,53500.0
 0     0   698   GLU 699  , 0     0   696   LYS 697  ,0.5264735264735265,52700.00000000001
 0     0   563   ARG 564  , 0     0   534   ASP 535  ,0.5164835164835165,51700.00000000001
 2     2  1647   LYS 204  , 2     2  1644   GLU 201  ,0.5144855144855145,51500.0
 0     0   411   LYS 412  , 0     0   316   GLU 317  ,0.4995004995004995,50000.0
 4     4  2907   LYS 1020 , 0     0   397   ASP 398  ,0.4955044955044955,49600.0
 3     3  2652   GLU 487  , 2     2  1927   ARG 484  ,0.4905094905094905,49100.0
 3     3  2495   ARG 330  , 3     3  2419   ASP 254  ,0.4855144855144855,48600.0
 0     0   103   ARG 104  , 0     0    72   GLU 73   ,0.4855144855144855,48600.0
 2     2  2089   LYS 646  , 2     2  2032   ASP 589  ,0.48451548451548454,48500.0
 0     0   332   ARG 333  , 0     0   253   ASP 254  ,0.4785214785214785,47900.0
 2     2  2142   GLU 699  , 2     2  2138   LYS 695  ,0.45754245754245754,45800.0
 1     1  1215   ASP 494  , 0     0   520   ARG 521  ,0.44755244755244755,44800.0
 1     1  1133   LYS 412  , 1     1  1038   GLU 317  ,0.44655344655344653,44700.0
 0     0   182   ARG 183  , 0     0    95   GLU 96   ,0.44455544455544455,44500.0
 1     1  1248   LYS 527  , 1     1  1245   ASP 524  ,0.43656343656343655,43700.0
 4     4  2891   ASP 1004 , 4     4  2888   ARG 1001 ,0.43656343656343655,43700.0
 0     0   717   ARG 718  , 0     0   698   GLU 699  ,0.43456543456543456,43500.0
 0     0   149   LYS 150  , 0     0    72   GLU 73   ,0.4325674325674326,43300.0
 2     2  1951   ARG 508  , 1     1  1256   ASP 535  ,0.4275724275724276,42800.0
 0     0   386   ARG 387  , 0     0   379   ASP 380  ,0.4205794205794206,42100.0
 1     1  1310   ASP 589  , 0     0   533   LYS 534  ,0.4195804195804196,42000.0
 2     2  1531   GLU 88   , 2     2  1527   ARG 84   ,0.41858141858141856,41900.0
 3     3  2811   LYS 646  , 3     3  2754   ASP 589  ,0.4175824175824176,41800.0
 3     3  2369   LYS 204  , 3     3  2366   GLU 201  ,0.4155844155844156,41600.0
 1     1  1000   GLU 279  , 1     1   729   ARG 8    ,0.4115884115884116,41200.0
 3     3  2861   ARG 696  , 3     3  2857   GLU 692  ,0.41058941058941056,41100.0
 2     2  1589   LYS 146  , 2     2  1586   ASP 143  ,0.4035964035964036,40400.0
 0     0   341   ASP 342  , 0     0     6   ARG 7    ,0.4025974025974026,40300.0
 0     0   200   GLU 201  , 0     0   198   LYS 199  ,0.3996003996003996,40000.0
 1     1   925   LYS 204  , 1     1   922   GLU 201  ,0.3996003996003996,40000.0
 2     2  1950   GLU 507  , 2     2  1946   LYS 503  ,0.3946053946053946,39500.0
 0     0   646   ARG 647  , 0     0   588   ASP 589  ,0.38961038961038963,39000.0
 1     1  1228   GLU 507  , 1     1  1224   LYS 503  ,0.3876123876123876,38800.0
 3     3  2887   GLU 722  , 3     3  2861   ARG 696  ,0.3876123876123876,38800.0
 0     0   173   LYS 174  , 0     0   131   ASP 132  ,0.3856143856143856,38600.0
 2     2  1930   GLU 487  , 2     2  1927   ARG 484  ,0.3826173826173826,38300.0
 2     2  1782   ARG 339  , 2     2  1664   ASP 221  ,0.3826173826173826,38300.0
 1     1  1420   GLU 699  , 1     1  1409   ARG 688  ,0.37962037962037964,38000.0
 2     2  2119   LYS 676  , 2     2  2067   GLU 624  ,0.37662337662337664,37700.0
 3     3  2754   ASP 589  , 2     2  1977   LYS 534  ,0.37462537462537465,37500.0
 3     3  2552   ARG 387  , 3     3  2545   ASP 380  ,0.37162837162837165,37200.0
 0     0   329   ARG 330  , 0     0   306   ASP 307  ,0.3696303696303696,37000.0
 1     1  1433   ARG 712  , 1     1  1420   GLU 699  ,0.36363636363636365,36400.0
 2     2  2139   ARG 696  , 2     2  2135   GLU 692  ,0.36063936063936064,36100.0
 3     3  2692   LYS 527  , 3     3  2689   ASP 524  ,0.36063936063936064,36100.0
 1     1  1414   ARG 693  , 1     1  1410   GLU 689  ,0.3516483516483517,35200.0
 3     3  2444   GLU 279  , 0     0   520   ARG 521  ,0.35064935064935066,35100.0
 0     0   563   ARG 564  , 0     0   538   ASP 539  ,0.34765234765234765,34800.0
 2     2  1664   ASP 221  , 2     2  1660   LYS 217  ,0.34665334665334663,34700.0
 1     1   825   ARG 104  , 1     1   794   GLU 73   ,0.3436563436563437,34400.0
 2     2  1494   LYS 51   , 2     2  1490   ASP 47   ,0.34165834165834164,34200.0
 2     2  1527   ARG 84   , 2     2  1524   GLU 81   ,0.33666333666333664,33700.0
 3     3  2579   GLU 414  , 3     3  2577   LYS 412  ,0.33666333666333664,33700.0
 2     2  1596   ARG 153  , 2     2  1586   ASP 143  ,0.3276723276723277,32800.0
 3     3  2672   GLU 507  , 3     3  2668   LYS 503  ,0.3226773226773227,32300.0
 1     1  1108   ARG 387  , 1     1  1101   ASP 380  ,0.3226773226773227,32300.0
 2     2  1857   GLU 414  , 2     2  1827   LYS 384  ,0.3226773226773227,32300.0
 1     1  1285   ARG 564  , 1     1  1260   ASP 539  ,0.32167832167832167,32200.0
 2     2  1623   LYS 180  , 2     2  1539   GLU 96   ,0.3206793206793207,32100.000000000004
 1     1  1108   ARG 387  , 1     1  1098   GLU 377  ,0.3176823176823177,31800.0
 4     4  2907   LYS 1020 , 4     4  2891   ASP 1004 ,0.3166833166833167,31700.0
 3     3  2366   GLU 201  , 3     3  2364   LYS 199  ,0.3116883116883117,31200.0
 3     3  2311   LYS 146  , 3     3  2307   ASP 142  ,0.3096903096903097,31000.0
 2     2  1970   LYS 527  , 2     2  1967   ASP 524  ,0.3096903096903097,31000.0
 3     3  2860   LYS 695  , 3     3  2856   GLU 691  ,0.30569430569430567,30599.999999999996
 3     3  2841   LYS 676  , 3     3  2789   GLU 624  ,0.30569430569430567,30599.999999999996
 1     1  1307   GLU 586  , 0     0   533   LYS 534  ,0.3026973026973027,30300.000000000004
 0     0   413   GLU 414  , 0     0   411   LYS 412  ,0.2997002997002997,30000.0
 1     1  1403   LYS 682  , 1     1  1327   GLU 606  ,0.2967032967032967,29700.0
 0     0   506   GLU 507  , 0     0   502   LYS 503  ,0.2957042957042957,29599.999999999996
 3     3  2817   LYS 652  , 3     3  2734   GLU 569  ,0.2947052947052947,29500.0
 1     1  1411   GLU 690  , 1     1  1408   LYS 687  ,0.2727272727272727,27299.999999999996
 0     0    22   ARG 23   , 0     0    18   GLU 19   ,0.27172827172827174,27200.0
 3     3  2481   ASP 316  , 3     3  2409   ARG 244  ,0.27172827172827174,27200.0
 1     1  1242   ARG 521  , 0     0   345   GLU 346  ,0.27172827172827174,27200.0
 1     1  1367   LYS 646  , 1     1  1310   ASP 589  ,0.2707292707292707,27100.0
 2     2  2125   LYS 682  , 2     2  2049   GLU 606  ,0.26873126873126874,26900.0
 0     0   689   GLU 690  , 0     0   686   LYS 687  ,0.26873126873126874,26900.0
 3     3  2345   LYS 180  , 3     3  2341   GLU 176  ,0.2677322677322677,26800.0
 3     3  2552   ARG 387  , 3     3  2542   GLU 377  ,0.2677322677322677,26800.0
 3     3  2188   ARG 23   , 3     3  2184   GLU 19   ,0.26373626373626374,26400.0
 3     3  2253   GLU 88   , 0     0   720   LYS 721  ,0.25774225774225773,25800.0
 2     2  1626   ARG 183  , 2     2  1470   ASP 27   ,0.25674325674325676,25700.000000000004
 3     3  2216   LYS 51   , 3     3  2212   ASP 47   ,0.2517482517482518,25200.000000000004
 3     3  2253   GLU 88   , 0     0   686   LYS 687  ,0.24775224775224775,24800.0
 1     1  1414   ARG 693  , 1     1  1411   GLU 690  ,0.24675324675324675,24700.0
 0     0   411   LYS 412  , 0     0   374   ASP 375  ,0.24575424575424576,24600.0
 1     1   901   LYS 180  , 1     1   817   GLU 96   ,0.24475524475524477,24500.0
 1     1   925   LYS 204  , 1     1   914   ASP 193  ,0.24075924075924077,24100.0
 0     0   526   LYS 527  , 0     0   523   ASP 524  ,0.23876123876123875,23900.0
 1     1   805   ARG 84   , 1     1   802   GLU 81   ,0.23876123876123875,23900.0
 1     1  1373   LYS 652  , 1     1  1369   ASP 648  ,0.23376623376623376,23400.0
 2     2  1642   LYS 199  , 2     2  1564   ASP 121  ,0.23376623376623376,23400.0
 1     1  1369   ASP 648  , 1     1  1367   LYS 646  ,0.23076923076923078,23100.0
 3     3  2854   GLU 689  , 3     3  2853   ARG 688  ,0.23076923076923078,23100.0
 2     2  1857   GLU 414  , 2     2  1687   ARG 244  ,0.23076923076923078,23100.0
 1     1  1006   LYS 285  , 1     1  1004   ASP 283  ,0.22477522477522477,22500.0
 2     2  1722   GLU 279  , 2     2  1451   ARG 8    ,0.22477522477522477,22500.0
 0     0   695   ARG 696  , 0     0   691   GLU 692  ,0.22377622377622378,22400.0
 1     1  1140   LYS 419  , 1     1  1135   GLU 414  ,0.22277722277722278,22300.0
 1     1  1248   LYS 527  , 1     1  1247   GLU 526  ,0.2217782217782218,22200.0
 1     1  1048   LYS 327  , 1     1  1028   ASP 307  ,0.21978021978021978,22000.0
 4     4  2921   ASP 1034 , 4     4  2888   ARG 1001 ,0.2177822177822178,21800.0
 2     2  1728   LYS 285  , 2     2  1726   ASP 283  ,0.21678321678321677,21700.0
 0     0   647   ASP 648  , 0     0   645   LYS 646  ,0.21478521478521478,21500.0
 3     3  2813   ASP 648  , 3     3  2811   LYS 646  ,0.21078921078921078,21100.0
 1     1  1410   GLU 689  , 1     1  1409   ARG 688  ,0.21078921078921078,21100.0
 1     1  1373   LYS 652  , 1     1  1290   GLU 569  ,0.2097902097902098,21000.0
 1     1   805   ARG 84   , 1     1   760   ASP 39   ,0.2087912087912088,20900.0
 3     3  2686   ARG 521  , 2     2  1789   GLU 346  ,0.2077922077922078,20800.0
 2     2  1547   ARG 104  , 2     2  1516   GLU 73   ,0.2077922077922078,20800.0
 1     1  1208   GLU 487  , 0     0   483   ARG 484  ,0.20679320679320679,20700.0
 2     2  2095   LYS 652  , 2     2  2012   GLU 569  ,0.20679320679320679,20700.0
 2     2  1855   LYS 412  , 2     2  1760   GLU 317  ,0.2007992007992008,20100.0
 2     2  1779   ARG 336  , 2     2  1664   ASP 221  ,0.1998001998001998,20000.0
 4     4  2921   ASP 1034 , 4     4  2914   LYS 1027 ,0.1978021978021978,19800.0
 2     2  1527   ARG 84   , 2     2  1482   ASP 39   ,0.1958041958041958,19600.0
 0     0   203   LYS 204  , 0     0   200   GLU 201  ,0.19480519480519481,19500.0
 1     1  1242   ARG 521  , 0     0   341   ASP 342  ,0.1918081918081918,19200.0
 0     0   654   GLU 655  , 0     0   651   LYS 652  ,0.18981018981018982,19000.0
 3     3  2364   LYS 199  , 3     3  2284   GLU 119  ,0.1838161838161838,18400.0
 0     0   694   LYS 695  , 0     0   690   GLU 691  ,0.1798201798201798,18000.0
 3     3  2886   LYS 721  , 3     3  2864   GLU 699  ,0.17882117882117882,17900.0
 1     1  1051   ARG 330  , 1     1  1028   ASP 307  ,0.17482517482517482,17500.0
 0     0   345   GLU 346  , 0     0     6   ARG 7    ,0.17482517482517482,17500.0
 0     0   185   GLU 186  , 0     0    23   ARG 24   ,0.17282717282717283,17300.0
 3     3  2315   LYS 150  , 3     3  2308   ASP 143  ,0.16983016983016982,17000.0
 3     3  2286   ASP 121  , 3     3  2282   ARG 117  ,0.16983016983016982,17000.0
 1     1  1096   ASP 375  , 1     1   963   LYS 242  ,0.16783216783216784,16800.0
 0     0   694   LYS 695  , 0     0   691   GLU 692  ,0.16683316683316685,16700.0
 0     0   316   GLU 317  , 0     0   243   ARG 244  ,0.16483516483516483,16500.0
 0     0   651   LYS 652  , 0     0   647   ASP 648  ,0.16483516483516483,16500.0
 0     0   721   GLU 722  , 0     0   695   ARG 696  ,0.15984015984015984,16000.0
 3     3  2348   ARG 183  , 3     3  2192   ASP 27   ,0.15984015984015984,16000.0
 0     0   578   ASP 579  , 0     0   507   ARG 508  ,0.15684315684315683,15699.999999999998
 1     1  1229   ARG 508  , 0     0   538   ASP 539  ,0.15584415584415584,15600.0
 2     2  2091   ASP 648  , 2     2  2090   ARG 647  ,0.15384615384615385,15400.0
 4     4  2896   GLU 1009 , 1     1  1108   ARG 387  ,0.15184815184815184,15200.0
 3     3  2692   LYS 527  , 3     3  2691   GLU 526  ,0.14985014985014986,15000.0
 2     2  2095   LYS 652  , 2     2  2091   ASP 648  ,0.14685314685314685,14700.0
 0     0   690   GLU 691  , 0     0   687   ARG 688  ,0.14585414585414586,14600.0
 0     0   413   GLU 414  , 0     0   243   ARG 244  ,0.14485514485514486,14500.0
 2     2  1707   ASP 264  , 2     2  1660   LYS 217  ,0.14285714285714285,14300.0
 2     2  1830   ARG 387  , 2     2  1824   GLU 381  ,0.13986013986013987,14000.000000000002
 1     1   842   ASP 121  , 1     1   838   ARG 117  ,0.13886113886113885,13899.999999999998
 0     0   526   LYS 527  , 0     0   525   GLU 526  ,0.13886113886113885,13899.999999999998
 1     1   922   GLU 201  , 1     1   920   LYS 199  ,0.13786213786213786,13800.0
 3     3  2450   LYS 285  , 3     3  2448   ASP 283  ,0.13686313686313686,13700.0
 3     3  2887   GLU 722  , 3     3  2886   LYS 721  ,0.12987012987012986,12999.999999999998
 0     0   612   LYS 613  , 0     0   550   GLU 551  ,0.12887112887112886,12900.0
 2     2  1466   ARG 23   , 2     2  1462   GLU 19   ,0.12687312687312688,12700.0
 3     3  2549   LYS 384  , 3     3  2540   ASP 375  ,0.1258741258741259,12600.000000000002
 3     3  2482   GLU 317  , 3     3  2407   LYS 242  ,0.1258741258741259,12600.000000000002
 0     0   284   LYS 285  , 0     0   282   ASP 283  ,0.12487512487512488,12500.0
 1     1  1412   GLU 691  , 1     1  1408   LYS 687  ,0.12487512487512488,12500.0
 2     2  1644   GLU 201  , 2     2  1642   LYS 199  ,0.12187812187812187,12200.0
 0     0   647   ASP 648  , 0     0   646   ARG 647  ,0.12087912087912088,12100.0
 1     1  1367   LYS 646  , 1     1  1290   GLU 569  ,0.11988011988011989,12000.0
 3     3  2847   LYS 682  , 3     3  2771   GLU 606  ,0.11688311688311688,11700.0
 3     3  2887   GLU 722  , 3     3  2883   ARG 718  ,0.11388611388611389,11400.0
 0     0   681   LYS 682  , 0     0   605   GLU 606  ,0.11288711288711288,11300.0
 2     2  2165   GLU 722  , 2     2  2155   ARG 712  ,0.11288711288711288,11300.0
 2     2  2091   ASP 648  , 2     2  2089   LYS 646  ,0.10789210789210789,10800.0
 1     1  1277   ARG 556  , 1     1  1272   GLU 551  ,0.10589410589410589,10600.0
 2     2  2165   GLU 722  , 2     2  2130   LYS 687  ,0.10589410589410589,10600.0
 2     2  2161   ARG 718  , 1     1   812   GLU 91   ,0.10589410589410589,10600.0
 3     3  2249   ARG 84   , 3     3  2246   GLU 81   ,0.1048951048951049,10500.0
 1     1  1396   ARG 675  , 1     1  1345   GLU 624  ,0.1028971028971029,10300.0
 2     2  1970   LYS 527  , 2     2  1969   GLU 526  ,0.1008991008991009,10100.0
 2     2  1857   GLU 414  , 2     2  1855   LYS 412  ,0.1008991008991009,10100.0
