 2     2  1964   ARG 521  , 2     2  1928   TYR 485  ,1.0,100100.0
 0     0   332   ARG 333  , 0     0   260   PHE 261  ,1.0,100100.0
 1     1  1368   ARG 647  , 1     1  1342   PHE 621  ,1.0,100100.0
 2     2  1779   ARG 336  , 2     2  1704   PHE 261  ,1.0,100100.0
 1     1  1267   ARG 546  , 1     1  1264   HIS 543  ,1.0,100100.0
 1     1  1242   ARG 521  , 1     1  1238   TRP 517  ,1.0,100100.0
 2     2  1779   ARG 336  , 2     2  1738   TRP 295  ,1.0,100100.0
 2     2  1776   ARG 333  , 2     2  1704   PHE 261  ,1.0,100100.0
 1     1  1304   HIS 583  , 0     0   563   ARG 564  ,1.0,100100.0
 3     3  2498   ARG 333  , 3     3  2426   PHE 261  ,1.0,100100.0
 1     1  1054   ARG 333  , 1     1   982   PHE 261  ,1.0,100100.0
 3     3  2729   ARG 564  , 0     0   582   HIS 583  ,0.999000999000999,100000.0
 0     0   335   ARG 336  , 0     0   260   PHE 261  ,0.999000999000999,100000.0
 3     3  2501   ARG 336  , 3     3  2426   PHE 261  ,0.998001998001998,99900.0
 3     3  2495   ARG 330  , 3     3  2471   TYR 306  ,0.998001998001998,99900.0
 1     1  1057   ARG 336  , 1     1   982   PHE 261  ,0.998001998001998,99900.0
 0     0    56   ARG 57   , 0     0    43   TYR 44   ,0.996003996003996,99700.0
 1     1  1105   LYS 384  , 1     1  1100   PHE 379  ,0.995004995004995,99600.0
 1     1  1134   TRP 413  , 1     1  1105   LYS 384  ,0.995004995004995,99600.0
 1     1   778   ARG 57   , 1     1   765   TYR 44   ,0.995004995004995,99600.0
 2     2  1580   LYS 137  , 2     2  1551   TRP 108  ,0.994005994005994,99500.0
 3     3  2508   HIS 343  , 3     3  2173   ARG 8    ,0.994005994005994,99500.0
 3     3  2711   ARG 546  , 3     3  2708   HIS 543  ,0.993006993006993,99400.0
 0     0   338   ARG 339  , 0     0   219   TRP 220  ,0.9920079920079921,99300.0
 3     3  2302   LYS 137  , 3     3  2273   TRP 108  ,0.9920079920079921,99300.0
 1     1  1064   HIS 343  , 1     1   728   ARG 7    ,0.991008991008991,99200.0
 2     2  1782   ARG 339  , 2     2  1738   TRP 295  ,0.984015984015984,98500.0
 3     3  2222   ARG 57   , 3     3  2209   TYR 44   ,0.983016983016983,98400.0
 1     1  1140   LYS 419  , 1     1  1134   TRP 413  ,0.9790209790209791,98000.0
 3     3  2348   ARG 183  , 3     3  2344   HIS 179  ,0.978021978021978,97900.0
 2     2  1500   ARG 57   , 2     2  1487   TYR 44   ,0.974025974025974,97500.0
 3     3  2748   HIS 583  , 2     2  2007   ARG 564  ,0.971028971028971,97200.0
 0     0   342   HIS 343  , 0     0   339   LYS 340  ,0.965034965034965,96600.0
 1     1  1433   ARG 712  , 1     1  1429   HIS 708  ,0.9600399600399601,96100.0
 1     1   858   LYS 137  , 1     1   829   TRP 108  ,0.958041958041958,95900.0
 1     1  1061   LYS 340  , 1     1   941   TRP 220  ,0.952047952047952,95300.0
 4     4  2910   LYS 1023 , 0     0   438   PHE 439  ,0.942057942057942,94300.0
 3     3  2584   LYS 419  , 3     3  2402   TYR 237  ,0.9370629370629371,93800.0
 4     4  2910   LYS 1023 , 3     3  2594   PHE 429  ,0.9300699300699301,93100.0
 2     2  1783   LYS 340  , 2     2  1665   TRP 222  ,0.922077922077922,92300.0
 0     0   665   ARG 666  , 0     0   661   HIS 662  ,0.9170829170829171,91800.0
 1     1  1295   HIS 574  , 0     0     7   ARG 8    ,0.906093906093906,90700.0
 2     2  1547   ARG 104  , 2     2  1543   TYR 100  ,0.8961038961038961,89700.0
 0     0   679   PHE 680  , 0     0   676   ARG 677  ,0.8901098901098901,89100.0
 0     0   646   ARG 647  , 0     0   620   PHE 621  ,0.8831168831168831,88400.0
 3     3  2269   ARG 104  , 3     3  2265   TYR 100  ,0.8741258741258742,87500.0
 3     3  2166   MET 1    , 0     0   516   TRP 517  ,0.8731268731268731,87400.0
 1     1   904   ARG 183  , 1     1   857   PHE 136  ,0.8721278721278721,87300.0
 3     3  2812   ARG 647  , 3     3  2786   PHE 621  ,0.8701298701298701,87100.0
 0     0   182   ARG 183  , 0     0   109   PHE 110  ,0.8651348651348651,86600.0
 2     2  1782   ARG 339  , 2     2  1734   TYR 291  ,0.8631368631368631,86400.0
 0     0   219   TRP 220  , 0     0   216   LYS 217  ,0.8561438561438561,85700.0
 0     0   103   ARG 104  , 0     0    99   TYR 100  ,0.8511488511488512,85200.0
 2     2  1989   ARG 546  , 2     2  1986   HIS 543  ,0.8401598401598401,84100.0
 1     1  1387   ARG 666  , 1     1  1383   HIS 662  ,0.8361638361638362,83700.0
 2     2  2161   ARG 718  , 2     2  2157   PHE 714  ,0.8331668331668332,83400.0
 2     2  1786   HIS 343  , 2     2  1783   LYS 340  ,0.8101898101898102,81100.0
 0     0   136   LYS 137  , 0     0   107   TRP 108  ,0.8091908091908092,81000.0
 1     1   934   TYR 213  , 1     1   728   ARG 7    ,0.8071928071928072,80800.0
 0     0   339   LYS 340  , 0     0   221   TRP 222  ,0.7912087912087912,79200.0
 2     2  2109   ARG 666  , 2     2  2105   HIS 662  ,0.7742257742257742,77500.0
 3     3  2682   TRP 517  , 2     2  1450   ARG 7    ,0.7612387612387612,76200.0
 1     1   823   LYS 102  , 1     1   776   TYR 55   ,0.7582417582417582,75900.0
 0     0   211   HIS 212  , 0     0     6   ARG 7    ,0.7542457542457542,75500.0
 0     0   101   LYS 102  , 0     0    54   TYR 55   ,0.7432567432567433,74400.0
 3     3  2505   LYS 340  , 3     3  2377   HIS 212  ,0.7362637362637363,73700.0
 3     3  2508   HIS 343  , 3     3  2505   LYS 340  ,0.7362637362637363,73700.0
 0     0   212   TYR 213  , 0     0     6   ARG 7    ,0.7352647352647352,73600.0
 2     2  2090   ARG 647  , 2     2  2064   PHE 621  ,0.7202797202797203,72100.0
 0     0   545   ARG 546  , 0     0   542   HIS 543  ,0.7172827172827173,71800.0
 1     1   941   TRP 220  , 1     1   938   LYS 217  ,0.7092907092907093,71000.0
 1     1  1149   TYR 428  , 0     0   449   LYS 450  ,0.6983016983016983,69900.0
 3     3  2877   ARG 712  , 3     3  2873   HIS 708  ,0.6873126873126874,68800.0
 1     1   805   ARG 84   , 1     1   761   TRP 40   ,0.6843156843156843,68500.0
 1     1  1303   TYR 582  , 0     0   533   LYS 534  ,0.6813186813186813,68200.0
 1     1  1009   ARG 288  , 1     1   990   PHE 269  ,0.6783216783216783,67900.0
 1     1  1068   TYR 347  , 1     1   728   ARG 7    ,0.6743256743256744,67500.0
 1     1   825   ARG 104  , 1     1   821   TYR 100  ,0.6693306693306693,67000.0
 3     3  2883   ARG 718  , 3     3  2879   PHE 714  ,0.6653346653346653,66600.0
 3     3  2831   ARG 666  , 3     3  2827   HIS 662  ,0.6623376623376623,66300.0
 2     2  2161   ARG 718  , 2     2  2160   PHE 717  ,0.6573426573426573,65800.0
 2     2  1731   ARG 288  , 2     2  1712   PHE 269  ,0.6543456543456544,65500.00000000001
 0     0   720   LYS 721  , 0     0   716   PHE 717  ,0.6483516483516484,64900.0
 2     2  1871   TYR 428  , 1     1  1171   LYS 450  ,0.6403596403596403,64100.0
 3     3  2249   ARG 84   , 3     3  2205   TRP 40   ,0.6383616383616384,63900.0
 0     0   343   TYR 344  , 0     0   339   LYS 340  ,0.6343656343656343,63499.99999999999
 0     0   711   ARG 712  , 0     0   707   HIS 708  ,0.6343656343656343,63499.99999999999
 1     1  1439   ARG 718  , 1     1  1435   PHE 714  ,0.6203796203796204,62100.0
 2     2  1827   LYS 384  , 2     2  1822   PHE 379  ,0.6103896103896104,61100.0
 2     2  1786   HIS 343  , 2     2  1450   ARG 7    ,0.6033966033966034,60400.0
 2     2  1779   ARG 336  , 2     2  1734   TYR 291  ,0.5934065934065934,59400.0
 3     3  2385   TRP 220  , 3     3  2382   LYS 217  ,0.5874125874125874,58800.0
 3     3  2267   LYS 102  , 3     3  2220   TYR 55   ,0.5824175824175825,58300.00000000001
 0     0   287   ARG 288  , 0     0   269   HIS 270  ,0.5684315684315684,56899.99999999999
 0     0   717   ARG 718  , 0     0   713   PHE 714  ,0.5654345654345654,56599.99999999999
 2     2  1545   LYS 102  , 2     2  1498   TYR 55   ,0.5514485514485514,55200.0
 1     1   933   HIS 212  , 1     1   728   ARG 7    ,0.5494505494505495,55000.00000000001
 0     0   516   TRP 517  , 0     0   483   ARG 484  ,0.5434565434565435,54400.0
 1     1  1009   ARG 288  , 1     1   991   HIS 270  ,0.5374625374625375,53800.0
 1     1  1432   ARG 711  , 1     1  1429   HIS 708  ,0.5374625374625375,53800.0
 0     0   178   HIS 179  , 0     0   173   LYS 174  ,0.5374625374625375,53800.0
 3     3  2876   ARG 711  , 3     3  2873   HIS 708  ,0.5354645354645354,53600.0
 3     3  2509   TYR 344  , 3     3  2505   LYS 340  ,0.5344655344655345,53500.0
 0     0   182   ARG 183  , 0     0   135   PHE 136  ,0.5304695304695305,53100.0
 4     4  2898   TYR 1011 , 1     1  1171   LYS 450  ,0.5214785214785215,52200.0
 1     1  1360   TYR 639  , 0     0     7   ARG 8    ,0.5114885114885115,51200.0
 0     0   335   ARG 336  , 0     0   294   TRP 295  ,0.4925074925074925,49300.0
 1     1  1060   ARG 339  , 1     1  1016   TRP 295  ,0.4785214785214785,47900.0
 2     2  1512   PHE 69   , 2     2  1506   LYS 63   ,0.4595404595404595,46000.0
 3     3  2505   LYS 340  , 3     3  2387   TRP 222  ,0.42157842157842157,42200.0
 2     2  2151   HIS 708  , 2     2  2140   LYS 697  ,0.4115884115884116,41200.0
 3     3  2453   ARG 288  , 3     3  2434   PHE 269  ,0.4045954045954046,40500.0
 3     3  2739   HIS 574  , 2     2  1451   ARG 8    ,0.3986013986013986,39900.0
 0     0   326   LYS 327  , 0     0   322   PHE 323  ,0.3836163836163836,38400.0
 0     0   383   LYS 384  , 0     0   378   PHE 379  ,0.3646353646353646,36500.0
 3     3  2886   LYS 721  , 3     3  2882   PHE 717  ,0.36163836163836166,36200.0
 2     2  1731   ARG 288  , 2     2  1713   HIS 270  ,0.36163836163836166,36200.0
 1     1  1048   LYS 327  , 1     1  1044   PHE 323  ,0.34865134865134867,34900.0
 3     3  2568   TYR 403  , 3     3  2549   LYS 384  ,0.3436563436563437,34400.0
 3     3  2821   PHE 656  , 0     0   646   ARG 647  ,0.33966033966033965,34000.0
 0     0   661   HIS 662  , 0     0   555   ARG 556  ,0.33666333666333664,33700.0
 2     2  1527   ARG 84   , 2     2  1483   TRP 40   ,0.3256743256743257,32600.000000000004
 1     1  1344   LYS 623  , 1     1  1343   TRP 622  ,0.3116883116883117,31200.0
 2     2  1862   LYS 419  , 2     2  1814   TYR 371  ,0.2997002997002997,30000.0
 3     3  2504   ARG 339  , 3     3  2438   PHE 273  ,0.2997002997002997,30000.0
 4     4  2919   PHE 1032 , 4     4  2893   LYS 1006 ,0.2977022977022977,29800.000000000004
 1     1  1057   ARG 336  , 1     1  1012   TYR 291  ,0.29270729270729273,29300.000000000004
 2     2  2086   HIS 643  , 2     2  1990   LYS 547  ,0.27672327672327673,27700.0
 1     1  1442   LYS 721  , 1     1  1438   PHE 717  ,0.27672327672327673,27700.0
 3     3  2699   LYS 534  , 0     0   581   TYR 582  ,0.2647352647352647,26499.999999999996
 3     3  2234   PHE 69   , 3     3  2228   LYS 63   ,0.24375624375624375,24400.0
 0     0    83   ARG 84   , 0     0    39   TRP 40   ,0.24075924075924077,24100.0
 0     0   622   LYS 623  , 0     0   621   TRP 622  ,0.23976023976023977,24000.0
 3     3  2382   LYS 217  , 3     3  2377   HIS 212  ,0.23876123876123875,23900.0
 3     3  2593   TYR 428  , 2     2  1893   LYS 450  ,0.23576423576423577,23600.0
 3     3  2800   ARG 635  , 2     2  1641   TYR 198  ,0.23276723276723277,23300.0
 2     2  1731   ARG 288  , 2     2  1651   HIS 208  ,0.23176823176823177,23200.0
 0     0    68   PHE 69   , 0     0    62   LYS 63   ,0.22577422577422576,22600.0
 2     2  1623   LYS 180  , 2     2  1579   PHE 136  ,0.22477522477522477,22500.0
 0     0   386   ARG 387  , 0     0   375   TYR 376  ,0.2217782217782218,22200.0
 1     1   869   TRP 148  , 1     1   867   LYS 146  ,0.2217782217782218,22200.0
 1     1   790   PHE 69   , 1     1   784   LYS 63   ,0.2177822177822178,21800.0
 0     0   411   LYS 412  , 0     0   378   PHE 379  ,0.21178821178821178,21200.0
 0     0   717   ARG 718  , 0     0   716   PHE 717  ,0.2097902097902098,21000.0
 3     3  2453   ARG 288  , 3     3  2435   HIS 270  ,0.2087912087912088,20900.0
 2     2  1599   ARG 156  , 2     2  1594   PHE 151  ,0.2087912087912088,20900.0
 2     2  2154   ARG 711  , 2     2  2151   HIS 708  ,0.20679320679320679,20700.0
 2     2  1527   ARG 84   , 2     2  1514   TYR 71   ,0.20679320679320679,20700.0
 3     3  2501   ARG 336  , 3     3  2456   TYR 291  ,0.2037962037962038,20400.0
 2     2  2164   LYS 721  , 2     2  2160   PHE 717  ,0.20279720279720279,20300.0
 3     3  2788   LYS 623  , 3     3  2787   TRP 622  ,0.1968031968031968,19700.0
 1     1  1097   TYR 376  , 1     1   963   LYS 242  ,0.1958041958041958,19600.0
 2     2  1862   LYS 419  , 2     2  1680   TYR 237  ,0.19480519480519481,19500.0
 0     0   182   ARG 183  , 0     0   178   HIS 179  ,0.1938061938061938,19400.0
 3     3  2747   TYR 582  , 2     2  1977   LYS 534  ,0.18181818181818182,18200.0
 3     3  2686   ARG 521  , 3     3  2682   TRP 517  ,0.17882117882117882,17900.0
 2     2  2026   HIS 583  , 1     1  1285   ARG 564  ,0.15984015984015984,16000.0
 3     3  2249   ARG 84   , 3     3  2236   TYR 71   ,0.15984015984015984,16000.0
 0     0   342   HIS 343  , 0     0     6   ARG 7    ,0.15984015984015984,16000.0
 0     0   713   PHE 714  , 0     0   710   ARG 711  ,0.15584415584415584,15600.0
 3     3  2658   ARG 493  , 3     3  2651   HIS 486  ,0.15484515484515485,15500.0
 2     2  2066   LYS 623  , 2     2  2065   TRP 622  ,0.14785214785214784,14799.999999999998
 0     0   418   LYS 419  , 0     0   370   TYR 371  ,0.14285714285714285,14300.0
 3     3  2804   TYR 639  , 2     2  1451   ARG 8    ,0.13686313686313686,13700.0
 3     3  2664   TYR 499  , 2     2  1990   LYS 547  ,0.13086913086913088,13100.000000000002
 0     0   180   HIS 181  , 0     0    23   ARG 24   ,0.12987012987012986,12999.999999999998
 3     3  2882   PHE 717  , 3     3  2861   ARG 696  ,0.12687312687312688,12700.0
 2     2  1599   ARG 156  , 2     2  1591   TRP 148  ,0.12287712287712288,12300.0
 2     2  1770   LYS 327  , 2     2  1766   PHE 323  ,0.12187812187812187,12200.0
 2     2  1663   TRP 220  , 2     2  1660   LYS 217  ,0.12187812187812187,12200.0
 3     3  2255   TYR 90   , 0     0   686   LYS 687  ,0.12087912087912088,12100.0
 3     3  2345   LYS 180  , 3     3  2275   PHE 110  ,0.11788211788211789,11800.0
 2     2  2078   ARG 635  , 1     1   919   TYR 198  ,0.11588411588411589,11600.0
 3     3  2458   LYS 293  , 3     3  2438   PHE 273  ,0.10589410589410589,10600.0
 4     4  2908   PHE 1021 , 4     4  2907   LYS 1020 ,0.1048951048951049,10500.0
 3     3  2282   ARG 117  , 3     3  2255   TYR 90   ,0.1048951048951049,10500.0
 1     1  1438   PHE 717  , 1     1  1437   ARG 716  ,0.1028971028971029,10300.0
 1     1  1064   HIS 343  , 1     1   938   LYS 217  ,0.1008991008991009,10100.0
