 3     3  2556   TRP 391  , 3     3  2535   TRP 370  ,1.0,100100.0
 1     1  1238   TRP 517  , 1     1  1206   TYR 485  ,1.0,100100.0
 1     1   847   PHE 126  , 1     1   808   PHE 87   ,1.0,100100.0
 3     3  2594   PHE 429  , 3     3  2535   TRP 370  ,1.0,100100.0
 2     2  1834   TRP 391  , 2     2  1813   TRP 370  ,1.0,100100.0
 0     0   428   PHE 429  , 0     0   369   TRP 370  ,1.0,100100.0
 3     3  2291   PHE 126  , 3     3  2252   PHE 87   ,0.997002997002997,99800.0
 2     2  1779   ARG 336  , 2     2  1704   PHE 261  ,0.997002997002997,99800.0
 0     0   125   PHE 126  , 0     0    86   PHE 87   ,0.996003996003996,99700.0
 1     1  1368   ARG 647  , 1     1  1342   PHE 621  ,0.995004995004995,99600.0
 2     2  1872   PHE 429  , 2     2  1813   TRP 370  ,0.995004995004995,99600.0
 0     0   663   PHE 664  , 0     0   621   TRP 622  ,0.995004995004995,99600.0
 2     2  1569   PHE 126  , 2     2  1530   PHE 87   ,0.995004995004995,99600.0
 0     0   656   TYR 657  , 0     0   655   PHE 656  ,0.9920079920079921,99300.0
 3     3  2682   TRP 517  , 3     3  2650   TYR 485  ,0.9920079920079921,99300.0
 2     2  1911   PHE 468  , 2     2  1907   TYR 464  ,0.991008991008991,99200.0
 1     1  1276   PHE 555  , 1     1  1270   PHE 549  ,0.988011988011988,98900.0
 1     1  1304   HIS 583  , 0     0   563   ARG 564  ,0.986013986013986,98700.0
 0     0   332   ARG 333  , 0     0   329   ARG 330  ,0.981018981018981,98200.0
 1     1  1150   PHE 429  , 1     1  1091   TRP 370  ,0.974025974025974,97500.0
 1     1  1242   ARG 521  , 1     1  1238   TRP 517  ,0.97002997002997,97100.0
 3     3  2633   PHE 468  , 0     0   467   PHE 468  ,0.97002997002997,97100.0
 1     1  1189   PHE 468  , 1     1  1185   TYR 464  ,0.967032967032967,96800.0
 0     0   390   TRP 391  , 0     0   369   TRP 370  ,0.967032967032967,96800.0
 3     3  2344   HIS 179  , 3     3  2301   PHE 136  ,0.9660339660339661,96700.0
 3     3  2578   TRP 413  , 3     3  2570   PHE 405  ,0.965034965034965,96600.0
 0     0   370   TYR 371  , 0     0   240   PHE 241  ,0.955044955044955,95600.0
 1     1  1092   TYR 371  , 1     1   962   PHE 241  ,0.9530469530469531,95400.0
 3     3  2720   PHE 555  , 3     3  2714   PHE 549  ,0.945054945054945,94600.0
 0     0   335   ARG 336  , 0     0   260   PHE 261  ,0.9440559440559441,94500.0
 1     1  1134   TRP 413  , 1     1  1124   TYR 403  ,0.9400599400599401,94100.0
 0     0   592   PHE 593  , 0     0   551   HIS 552  ,0.939060939060939,94000.0
 2     2  2036   PHE 593  , 2     2  1995   HIS 552  ,0.935064935064935,93600.0
 0     0    68   PHE 69   , 0     0    54   TYR 55   ,0.9340659340659341,93500.0
 3     3  2508   HIS 343  , 3     3  2173   ARG 8    ,0.9330669330669331,93400.0
 3     3  2498   ARG 333  , 3     3  2426   PHE 261  ,0.932067932067932,93300.0
 1     1   851   PHE 130  , 1     1   770   PHE 49   ,0.926073926073926,92700.0
 1     1  1385   PHE 664  , 1     1  1276   PHE 555  ,0.9210789210789211,92200.0
 0     0   290   TYR 291  , 0     0   268   PHE 269  ,0.919080919080919,92000.0
 0     0   621   TRP 622  , 0     0   620   PHE 621  ,0.9180819180819181,91900.0
 0     0   212   TYR 213  , 0     0   211   HIS 212  ,0.9150849150849151,91600.0
 1     1  1065   TYR 344  , 1     1   943   TRP 222  ,0.913086913086913,91400.0
 3     3  2234   PHE 69   , 3     3  2220   TYR 55   ,0.9120879120879121,91300.0
 3     3  2729   ARG 564  , 0     0   582   HIS 583  ,0.9110889110889111,91200.0
 1     1   962   PHE 241  , 1     1   958   TYR 237  ,0.9090909090909091,91000.0
 3     3  2711   ARG 546  , 3     3  2708   HIS 543  ,0.9070929070929071,90800.0
 3     3  2748   HIS 583  , 2     2  2007   ARG 564  ,0.8971028971028971,89800.0
 2     2  1911   PHE 468  , 1     1  1189   PHE 468  ,0.8941058941058941,89500.0
 2     2  1512   PHE 69   , 2     2  1498   TYR 55   ,0.8931068931068931,89400.0
 1     1   790   PHE 69   , 1     1   776   TYR 55   ,0.8931068931068931,89400.0
 1     1  1054   ARG 333  , 1     1   982   PHE 261  ,0.8921078921078921,89300.0
 1     1  1267   ARG 546  , 1     1  1264   HIS 543  ,0.8921078921078921,89300.0
 0     0    56   ARG 57   , 0     0    43   TYR 44   ,0.8881118881118881,88900.0
 0     0   467   PHE 468  , 0     0   463   TYR 464  ,0.8861138861138861,88700.0
 0     0   129   PHE 130  , 0     0    48   PHE 49   ,0.8861138861138861,88700.0
 2     2  1866   TYR 423  , 2     2  1680   TYR 237  ,0.8781218781218781,87900.0
 0     0   554   PHE 555  , 0     0   548   PHE 549  ,0.8741258741258742,87500.0
 2     2  1776   ARG 333  , 2     2  1773   ARG 330  ,0.8701298701298701,87100.0
 2     2  1866   TYR 423  , 2     2  1684   PHE 241  ,0.8671328671328671,86800.0
 0     0   516   TRP 517  , 0     0   484   TYR 485  ,0.8671328671328671,86800.0
 3     3  2378   TYR 213  , 3     3  2377   HIS 212  ,0.8621378621378621,86300.0
 1     1   919   TYR 198  , 1     1   738   PHE 17   ,0.8611388611388612,86200.0
 2     2  1500   ARG 57   , 2     2  1487   TYR 44   ,0.8601398601398601,86100.0
 2     2  1530   PHE 87   , 2     2  1483   TRP 40   ,0.8551448551448552,85600.0
 1     1   778   ARG 57   , 1     1   765   TYR 44   ,0.8531468531468531,85400.0
 2     2  1782   ARG 339  , 2     2  1738   TRP 295  ,0.8451548451548452,84600.0
 2     2  1964   ARG 521  , 2     2  1928   TYR 485  ,0.8351648351648352,83600.0
 2     2  1814   TYR 371  , 2     2  1684   PHE 241  ,0.8331668331668332,83400.0
 3     3  2829   PHE 664  , 3     3  2720   PHE 555  ,0.8291708291708292,83000.0
 0     0   422   TYR 423  , 0     0   236   TYR 237  ,0.8281718281718282,82900.0
 3     3  2735   PHE 570  , 3     3  2714   PHE 549  ,0.8191808191808192,82000.0
 3     3  2488   PHE 323  , 3     3  2471   TYR 306  ,0.8181818181818182,81900.0
 2     2  1856   TRP 413  , 2     2  1848   PHE 405  ,0.8161838161838162,81700.0
 2     2  2065   TRP 622  , 2     2  2064   PHE 621  ,0.8121878121878122,81300.0
 1     1  1378   TYR 657  , 1     1  1377   PHE 656  ,0.8101898101898102,81100.0
 1     1  1220   TYR 499  , 1     1  1216   PHE 495  ,0.8041958041958042,80500.0
 0     0   332   ARG 333  , 0     0   260   PHE 261  ,0.8011988011988012,80200.0
 3     3  2252   PHE 87   , 3     3  2205   TRP 40   ,0.7992007992007992,80000.0
 3     3  2295   PHE 130  , 3     3  2214   PHE 49   ,0.7862137862137862,78700.0
 2     2  1547   ARG 104  , 2     2  1543   TYR 100  ,0.7832167832167832,78400.0
 0     0   438   PHE 439  , 0     0   427   TYR 428  ,0.7822177822177823,78300.0
 2     2  1776   ARG 333  , 2     2  1704   PHE 261  ,0.7812187812187812,78200.0
 3     3  2222   ARG 57   , 3     3  2209   TYR 44   ,0.7792207792207793,78000.0
 3     3  2495   ARG 330  , 3     3  2471   TYR 306  ,0.7502497502497503,75100.0
 2     2  1569   PHE 126  , 2     2  1483   TRP 40   ,0.7452547452547452,74600.0
 1     1  1057   ARG 336  , 1     1   982   PHE 261  ,0.7452547452547452,74600.0
 0     0   125   PHE 126  , 0     0    39   TRP 40   ,0.7432567432567433,74400.0
 1     1  1065   TYR 344  , 1     1  1064   HIS 343  ,0.7432567432567433,74400.0
 1     1  1112   TRP 391  , 1     1  1091   TRP 370  ,0.7412587412587412,74200.0
 3     3  2588   TYR 423  , 3     3  2402   TYR 237  ,0.7372627372627373,73800.0
 0     0   182   ARG 183  , 0     0   109   PHE 110  ,0.7342657342657343,73500.0
 3     3  2588   TYR 423  , 3     3  2406   PHE 241  ,0.7262737262737263,72700.0
 0     0   665   ARG 666  , 0     0   661   HIS 662  ,0.7092907092907093,71000.0
 2     2  2100   TYR 657  , 2     2  2099   PHE 656  ,0.6983016983016983,69900.0
 0     0    86   PHE 87   , 0     0    39   TRP 40   ,0.6953046953046953,69600.0
 2     2  2107   PHE 664  , 2     2  2065   TRP 622  ,0.6943056943056943,69500.0
 3     3  2269   ARG 104  , 3     3  2265   TYR 100  ,0.6933066933066933,69400.0
 1     1  1124   TYR 403  , 1     1  1100   PHE 379  ,0.6913086913086913,69200.0
 3     3  2536   TYR 371  , 3     3  2406   PHE 241  ,0.6913086913086913,69200.0
 0     0   679   PHE 680  , 0     0   676   ARG 677  ,0.6793206793206793,68000.0
 3     3  2501   ARG 336  , 3     3  2426   PHE 261  ,0.6783216783216783,67900.0
 1     1   808   PHE 87   , 1     1   761   TRP 40   ,0.6773226773226774,67800.0
 1     1  1144   TYR 423  , 1     1   958   TYR 237  ,0.6743256743256744,67500.0
 1     1  1291   PHE 570  , 1     1  1270   PHE 549  ,0.6713286713286714,67200.0
 1     1  1189   PHE 468  , 0     0   467   PHE 468  ,0.6683316683316683,66900.0
 2     2  1998   PHE 555  , 2     2  1992   PHE 549  ,0.6553446553446554,65600.0
 0     0   412   TRP 413  , 0     0   404   PHE 405  ,0.6503496503496503,65099.99999999999
 2     2  1766   PHE 323  , 2     2  1749   TYR 306  ,0.6403596403596403,64100.0
 1     1  1295   HIS 574  , 0     0     7   ARG 8    ,0.6343656343656343,63499.99999999999
 3     3  2758   PHE 593  , 3     3  2717   HIS 552  ,0.6113886113886113,61199.99999999999
 0     0   103   ARG 104  , 0     0    99   TYR 100  ,0.6033966033966034,60400.0
 3     3  2291   PHE 126  , 3     3  2205   TRP 40   ,0.5824175824175825,58300.00000000001
 1     1  1160   PHE 439  , 0     0   428   PHE 429  ,0.5804195804195804,58100.0
 0     0   240   PHE 241  , 0     0   236   TYR 237  ,0.5774225774225774,57800.0
 3     3  2249   ARG 84   , 3     3  2205   TRP 40   ,0.5664335664335665,56700.0
 2     2  2161   ARG 718  , 2     2  2160   PHE 717  ,0.5644355644355644,56500.0
 0     0   545   ARG 546  , 0     0   542   HIS 543  ,0.5604395604395604,56100.0
 0     0   343   TYR 344  , 0     0   221   TRP 222  ,0.5594405594405595,56000.00000000001
 1     1  1207   HIS 486  , 1     1  1206   TYR 485  ,0.5484515484515484,54900.0
 0     0   663   PHE 664  , 0     0   554   PHE 555  ,0.5434565434565435,54400.0
 1     1  1314   PHE 593  , 1     1  1273   HIS 552  ,0.5304695304695305,53100.0
 3     3  2822   TYR 657  , 3     3  2821   PHE 656  ,0.5134865134865135,51400.00000000001
 2     2  1573   PHE 130  , 2     2  1552   PHE 109  ,0.5084915084915085,50900.0
 2     2  2107   PHE 664  , 2     2  1998   PHE 555  ,0.5064935064935064,50699.99999999999
 2     2  1786   HIS 343  , 2     2  1450   ARG 7    ,0.4955044955044955,49600.0
 1     1   805   ARG 84   , 1     1   761   TRP 40   ,0.4905094905094905,49100.0
 1     1  1207   HIS 486  , 0     0   346   TYR 347  ,0.48451548451548454,48500.0
 3     3  2664   TYR 499  , 3     3  2660   PHE 495  ,0.48451548451548454,48500.0
 2     2  1782   ARG 339  , 2     2  1779   ARG 336  ,0.4825174825174825,48300.0
 2     2  1713   HIS 270  , 2     2  1712   PHE 269  ,0.4755244755244755,47600.0
 1     1  1387   ARG 666  , 1     1  1383   HIS 662  ,0.4745254745254745,47500.0
 2     2  2109   ARG 666  , 2     2  2105   HIS 662  ,0.4595404595404595,46000.0
 1     1   847   PHE 126  , 1     1   761   TRP 40   ,0.4595404595404595,46000.0
 2     2  2161   ARG 718  , 1     1   805   ARG 84   ,0.4565434565434565,45700.0
 1     1  1437   ARG 716  , 1     1  1409   ARG 688  ,0.44455544455544455,44500.0
 0     0   212   TYR 213  , 0     0     6   ARG 7    ,0.44455544455544455,44500.0
 1     1  1044   PHE 323  , 1     1  1027   TYR 306  ,0.4435564435564436,44400.0
 3     3  2435   HIS 270  , 3     3  2434   PHE 269  ,0.43156843156843155,43200.0
 0     0   295   PHE 296  , 0     0   268   PHE 269  ,0.4015984015984016,40200.0
 1     1  1385   PHE 664  , 1     1  1381   PHE 660  ,0.4005994005994006,40100.0
 3     3  2509   TYR 344  , 3     3  2387   TRP 222  ,0.3996003996003996,40000.0
 0     0   498   TYR 499  , 0     0   494   PHE 495  ,0.3986013986013986,39900.0
 1     1   904   ARG 183  , 1     1   857   PHE 136  ,0.3966033966033966,39700.0
 0     0   516   TRP 517  , 0     0   483   ARG 484  ,0.3926073926073926,39300.0
 3     3  2829   PHE 664  , 3     3  2825   PHE 660  ,0.3916083916083916,39200.0
 0     0   322   PHE 323  , 0     0   305   TYR 306  ,0.37962037962037964,38000.0
 2     2  1786   HIS 343  , 2     2  1665   TRP 222  ,0.3786213786213786,37900.0
 1     1   825   ARG 104  , 1     1   821   TYR 100  ,0.37662337662337664,37700.0
 2     2  1942   TYR 499  , 2     2  1938   PHE 495  ,0.3756243756243756,37600.0
 3     3  2629   TYR 464  , 3     3  2524   PHE 359  ,0.37162837162837165,37200.0
 3     3  2456   TYR 291  , 3     3  2434   PHE 269  ,0.3596403596403596,36000.0
 3     3  2363   TYR 198  , 3     3  2182   PHE 17   ,0.35364635364635366,35400.0
 2     2  1656   TYR 213  , 2     2  1655   HIS 212  ,0.35064935064935066,35100.0
 0     0   178   HIS 179  , 0     0   135   PHE 136  ,0.34465534465534464,34500.0
 3     3  2629   TYR 464  , 2     2  1907   TYR 464  ,0.34265734265734266,34300.0
 3     3  2831   ARG 666  , 3     3  2827   HIS 662  ,0.34065934065934067,34100.0
 1     1  1064   HIS 343  , 1     1   728   ARG 7    ,0.3256743256743257,32600.000000000004
 1     1   877   ARG 156  , 1     1   874   ARG 153  ,0.32167832167832167,32200.0
 3     3  2758   PHE 593  , 3     3  2720   PHE 555  ,0.3126873126873127,31300.0
 3     3  2829   PHE 664  , 3     3  2787   TRP 622  ,0.2917082917082917,29200.0
 0     0   422   TYR 423  , 0     0   240   PHE 241  ,0.2777222777222777,27799.999999999996
 2     2  1594   PHE 151  , 2     2  1591   TRP 148  ,0.2777222777222777,27799.999999999996
 0     0   287   ARG 288  , 0     0   269   HIS 270  ,0.27672327672327673,27700.0
 0     0   338   ARG 339  , 0     0   335   ARG 336  ,0.2757242757242757,27600.0
 1     1  1173   PHE 452  , 1     1  1091   TRP 370  ,0.2757242757242757,27600.0
 1     1  1012   TYR 291  , 1     1   990   PHE 269  ,0.26873126873126874,26900.0
 3     3  2504   ARG 339  , 3     3  2438   PHE 273  ,0.26373626373626374,26400.0
 3     3  2883   ARG 718  , 3     3  2879   PHE 714  ,0.26173826173826176,26200.000000000004
 2     2  1989   ARG 546  , 2     2  1986   HIS 543  ,0.26173826173826176,26200.000000000004
 2     2  1663   TRP 220  , 2     2  1659   PHE 216  ,0.25774225774225773,25800.0
 3     3  2633   PHE 468  , 1     1  1189   PHE 468  ,0.2517482517482518,25200.000000000004
 0     0   129   PHE 130  , 0     0   108   PHE 109  ,0.24575424575424576,24600.0
 3     3  2651   HIS 486  , 2     2  1790   TYR 347  ,0.23876123876123875,23900.0
 2     2  1527   ARG 84   , 2     2  1483   TRP 40   ,0.23876123876123875,23900.0
 3     3  2461   PHE 296  , 3     3  2456   TYR 291  ,0.23376623376623376,23400.0
 1     1   902   HIS 181  , 1     1   900   HIS 179  ,0.22877122877122877,22900.0
 1     1  1276   PHE 555  , 1     1  1273   HIS 552  ,0.22777222777222778,22800.0
 3     3  2877   ARG 712  , 3     3  2873   HIS 708  ,0.22377622377622378,22400.0
 2     2  1734   TYR 291  , 2     2  1712   PHE 269  ,0.22277722277722278,22300.0
 3     3  2512   TYR 347  , 0     0   485   HIS 486  ,0.21578421578421578,21600.0
 1     1  1439   ARG 718  , 1     1  1435   PHE 714  ,0.20679320679320679,20700.0
 0     0   197   TYR 198  , 0     0    16   PHE 17   ,0.2047952047952048,20500.0
 0     0   150   PHE 151  , 0     0   147   TRP 148  ,0.2037962037962038,20400.0
 1     1  1433   ARG 712  , 1     1  1429   HIS 708  ,0.1998001998001998,20000.0
 2     2  2090   ARG 647  , 2     2  2064   PHE 621  ,0.1968031968031968,19700.0
 3     3  2720   PHE 555  , 3     3  2717   HIS 552  ,0.1958041958041958,19600.0
 0     0   402   TYR 403  , 0     0   378   PHE 379  ,0.19080919080919082,19100.0
 0     0   343   TYR 344  , 0     0   342   HIS 343  ,0.18081918081918083,18100.0
 3     3  2295   PHE 130  , 3     3  2274   PHE 109  ,0.17682317682317683,17700.0
 3     3  2316   PHE 151  , 3     3  2313   TRP 148  ,0.17382617382617382,17400.0
 2     2  2086   HIS 643  , 2     2  2013   PHE 570  ,0.17282717282717283,17300.0
 2     2  1787   TYR 344  , 2     2  1665   TRP 222  ,0.17282717282717283,17300.0
 2     2  1739   PHE 296  , 2     2  1712   PHE 269  ,0.17082917082917082,17100.0
 2     2  2013   PHE 570  , 2     2  1992   PHE 549  ,0.16883116883116883,16900.0
 0     0   646   ARG 647  , 0     0   620   PHE 621  ,0.16483516483516483,16500.0
 1     1  1314   PHE 593  , 1     1  1276   PHE 555  ,0.16283716283716285,16300.000000000002
 3     3  2509   TYR 344  , 3     3  2508   HIS 343  ,0.16283716283716285,16300.000000000002
 3     3  2501   ARG 336  , 3     3  2456   TYR 291  ,0.16183816183816183,16199.999999999998
 3     3  2348   ARG 183  , 3     3  2344   HIS 179  ,0.15884115884115885,15900.0
 2     2  1882   PHE 439  , 2     2  1871   TYR 428  ,0.15784215784215785,15800.000000000002
 0     0   412   TRP 413  , 0     0   378   PHE 379  ,0.15684315684315683,15699.999999999998
 3     3  2739   HIS 574  , 3     3  2677   TYR 512  ,0.15284715284715283,15299.999999999998
 1     1   851   PHE 130  , 1     1   830   PHE 109  ,0.14985014985014986,15000.0
 0     0   342   HIS 343  , 0     0     6   ARG 7    ,0.14485514485514486,14500.0
 0     0   182   ARG 183  , 0     0   135   PHE 136  ,0.14185814185814186,14200.0
 0     0   642   HIS 643  , 0     0   569   PHE 570  ,0.14085914085914086,14100.0
 0     0   155   ARG 156  , 0     0   152   ARG 153  ,0.13586413586413587,13600.0
 3     3  2876   ARG 711  , 3     3  2873   HIS 708  ,0.13386613386613386,13400.0
 0     0   342   HIS 343  , 0     0   221   TRP 222  ,0.13186813186813187,13200.0
 2     2  1684   PHE 241  , 2     2  1680   TYR 237  ,0.13086913086913088,13100.000000000002
 3     3  2406   PHE 241  , 3     3  2402   TYR 237  ,0.12987012987012986,12999.999999999998
 2     2  1787   TYR 344  , 2     2  1786   HIS 343  ,0.12887112887112886,12900.0
 1     1   934   TYR 213  , 1     1   728   ARG 7    ,0.12487512487512488,12500.0
 1     1  1432   ARG 711  , 1     1  1429   HIS 708  ,0.12387612387612387,12400.0
 2     2  2159   ARG 716  , 2     2  2155   ARG 712  ,0.12087912087912088,12100.0
 1     1  1385   PHE 664  , 1     1  1343   TRP 622  ,0.11688311688311688,11700.0
 2     2  1911   PHE 468  , 1     1  1185   TYR 464  ,0.11588411588411589,11600.0
 3     3  2812   ARG 647  , 3     3  2786   PHE 621  ,0.11288711288711288,11300.0
 1     1  1437   ARG 716  , 1     1  1433   ARG 712  ,0.11288711288711288,11300.0
 1     1  1242   ARG 521  , 0     0     6   ARG 7    ,0.1108891108891109,11100.0
 2     2  1599   ARG 156  , 2     2  1594   PHE 151  ,0.10789210789210789,10800.0
 0     0   295   PHE 296  , 0     0   290   TYR 291  ,0.10789210789210789,10800.0
 0     0   711   ARG 712  , 0     0   707   HIS 708  ,0.10589410589410589,10600.0
 0     0   665   ARG 666  , 0     0   555   ARG 556  ,0.1048951048951049,10500.0
 3     3  2739   HIS 574  , 2     2  1451   ARG 8    ,0.1048951048951049,10500.0
 3     3  2435   HIS 270  , 3     3  2373   HIS 208  ,0.1038961038961039,10400.0
