 3     3  2495   ARG 330  , 3     3  2472   ASP 307  ,1.0,100100.0
 1     1   942   ASP 221  , 1     1   938   LYS 217  ,1.0,100100.0
 3     3  2800   ARG 635  , 3     3  2765   GLU 600  ,1.0,100100.0
 3     3  2840   ARG 675  , 3     3  2784   ASP 619  ,1.0,100100.0
 1     1  1410   GLU 689  , 1     1  1402   ARG 681  ,1.0,100100.0
 1     1  1356   ARG 635  , 1     1  1321   GLU 600  ,1.0,100100.0
 1     1  1336   ASP 615  , 0     0    56   ARG 57   ,1.0,100100.0
 3     3  2850   ASP 685  , 3     3  2846   ARG 681  ,1.0,100100.0
 1     1  1067   GLU 346  , 1     1   728   ARG 7    ,1.0,100100.0
 2     2  1619   GLU 176  , 2     2  1605   ARG 162  ,1.0,100100.0
 1     1  1061   LYS 340  , 1     1   942   ASP 221  ,1.0,100100.0
 0     0   345   GLU 346  , 0     0     6   ARG 7    ,1.0,100100.0
 1     1  1057   ARG 336  , 1     1  1020   ASP 299  ,1.0,100100.0
 1     1  1057   ARG 336  , 1     1   985   ASP 264  ,1.0,100100.0
 1     1   914   ASP 193  , 1     1   745   ARG 24   ,1.0,100100.0
 0     0   676   ARG 677  , 0     0   603   ASP 604  ,1.0,100100.0
 1     1  1051   ARG 330  , 1     1   979   ASP 258  ,1.0,100100.0
 0     0   332   ARG 333  , 0     0   257   ASP 258  ,1.0,100100.0
 2     2  2058   ASP 615  , 1     1   778   ARG 57   ,1.0,100100.0
 3     3  2498   ARG 333  , 3     3  2423   ASP 258  ,1.0,100100.0
 2     2  1779   ARG 336  , 2     2  1742   ASP 299  ,1.0,100100.0
 2     2  1779   ARG 336  , 2     2  1707   ASP 264  ,1.0,100100.0
 2     2  1776   ARG 333  , 2     2  1701   ASP 258  ,1.0,100100.0
 3     3  2501   ARG 336  , 3     3  2429   ASP 264  ,1.0,100100.0
 2     2  1773   ARG 330  , 2     2  1701   ASP 258  ,1.0,100100.0
 2     2  2007   ARG 564  , 2     2  1978   ASP 535  ,1.0,100100.0
 0     0   220   ASP 221  , 0     0   216   LYS 217  ,1.0,100100.0
 2     2  2007   ARG 564  , 2     2  1982   ASP 539  ,1.0,100100.0
 0     0   329   ARG 330  , 0     0   253   ASP 254  ,1.0,100100.0
 0     0   329   ARG 330  , 0     0   257   ASP 258  ,1.0,100100.0
 3     3  2501   ARG 336  , 3     3  2464   ASP 299  ,1.0,100100.0
 3     3  2495   ARG 330  , 3     3  2423   ASP 258  ,1.0,100100.0
 1     1  1061   LYS 340  , 1     1   985   ASP 264  ,0.999000999000999,100000.0
 3     3  2386   ASP 221  , 3     3  2382   LYS 217  ,0.999000999000999,100000.0
 3     3  2222   ARG 57   , 0     0   614   ASP 615  ,0.999000999000999,100000.0
 1     1  1051   ARG 330  , 1     1   975   ASP 254  ,0.999000999000999,100000.0
 0     0   338   ARG 339  , 0     0   298   ASP 299  ,0.999000999000999,100000.0
 2     2  1789   GLU 346  , 2     2  1450   ARG 7    ,0.999000999000999,100000.0
 2     2  1770   LYS 327  , 2     2  1750   ASP 307  ,0.999000999000999,100000.0
 0     0   674   ARG 675  , 0     0   618   ASP 619  ,0.998001998001998,99900.0
 2     2  1664   ASP 221  , 2     2  1660   LYS 217  ,0.998001998001998,99900.0
 3     3  2854   GLU 689  , 3     3  2846   ARG 681  ,0.998001998001998,99900.0
 2     2  2132   GLU 689  , 2     2  2124   ARG 681  ,0.997002997002997,99800.0
 1     1  1406   ASP 685  , 1     1  1402   ARG 681  ,0.997002997002997,99800.0
 2     2  2128   ASP 685  , 2     2  2124   ARG 681  ,0.997002997002997,99800.0
 0     0   721   GLU 722  , 0     0   696   LYS 697  ,0.996003996003996,99700.0
 0     0   341   ASP 342  , 0     0     6   ARG 7    ,0.996003996003996,99700.0
 0     0   688   GLU 689  , 0     0   680   ARG 681  ,0.996003996003996,99700.0
 1     1  1443   GLU 722  , 0     0   555   ARG 556  ,0.996003996003996,99700.0
 3     3  2780   ASP 615  , 2     2  1500   ARG 57   ,0.995004995004995,99600.0
 1     1  1307   GLU 586  , 0     0   563   ARG 564  ,0.994005994005994,99500.0
 2     2  2078   ARG 635  , 2     2  2043   GLU 600  ,0.994005994005994,99500.0
 3     3  2507   ASP 342  , 3     3  2173   ARG 8    ,0.994005994005994,99500.0
 1     1  1443   GLU 722  , 0     0   665   ARG 666  ,0.993006993006993,99400.0
 2     2  1964   ARG 521  , 1     1  1067   GLU 346  ,0.993006993006993,99400.0
 2     2  2118   ARG 675  , 2     2  2062   ASP 619  ,0.9920079920079921,99300.0
 0     0   634   ARG 635  , 0     0   599   GLU 600  ,0.9920079920079921,99300.0
 3     3  2318   ARG 153  , 3     3  2308   ASP 143  ,0.991008991008991,99200.0
 0     0   717   ARG 718  , 0     0   698   GLU 699  ,0.989010989010989,99000.0
 0     0   674   ARG 675  , 0     0   623   GLU 624  ,0.988011988011988,98900.0
 1     1  1437   ARG 716  , 1     1  1413   GLU 692  ,0.988011988011988,98900.0
 1     1  1396   ARG 675  , 1     1  1340   ASP 619  ,0.987012987012987,98800.0
 1     1  1054   ARG 333  , 1     1   979   ASP 258  ,0.986013986013986,98700.0
 1     1   823   LYS 102  , 1     1   780   GLU 59   ,0.986013986013986,98700.0
 0     0   411   LYS 412  , 0     0   374   ASP 375  ,0.985014985014985,98600.0
 0     0   698   GLU 699  , 0     0   696   LYS 697  ,0.985014985014985,98600.0
 3     3  2751   GLU 586  , 2     2  2007   ARG 564  ,0.985014985014985,98600.0
 0     0   386   ARG 387  , 0     0   376   GLU 377  ,0.984015984015984,98500.0
 1     1  1170   GLU 449  , 1     1  1108   ARG 387  ,0.983016983016983,98400.0
 2     2  1629   GLU 186  , 2     2  1626   ARG 183  ,0.983016983016983,98400.0
 0     0   141   ASP 142  , 0     0   103   ARG 104  ,0.981018981018981,98200.0
 2     2  1937   ASP 494  , 0     0     0   MET 1    ,0.981018981018981,98200.0
 3     3  2267   LYS 102  , 3     3  2224   GLU 59   ,0.981018981018981,98200.0
 1     1  1285   ARG 564  , 1     1  1260   ASP 539  ,0.977022977022977,97800.0
 3     3  2345   LYS 180  , 3     3  2261   GLU 96   ,0.977022977022977,97800.0
 0     0   101   LYS 102  , 0     0    58   GLU 59   ,0.975024975024975,97600.0
 0     0   335   ARG 336  , 0     0   298   ASP 299  ,0.974025974025974,97500.0
 3     3  2744   ASP 579  , 3     3  2673   ARG 508  ,0.973026973026973,97400.0
 0     0   335   ARG 336  , 0     0   263   ASP 264  ,0.971028971028971,97200.0
 0     0   136   LYS 137  , 0     0    95   GLU 96   ,0.97002997002997,97100.0
 2     2  2154   ARG 711  , 2     2  2150   ASP 707  ,0.9690309690309691,97000.0
 3     3  2358   ASP 193  , 3     3  2189   ARG 24   ,0.968031968031968,96900.0
 0     0   152   ARG 153  , 0     0   140   GLU 141  ,0.967032967032967,96800.0
 1     1  1048   LYS 327  , 1     1  1028   ASP 307  ,0.964035964035964,96500.0
 2     2  1636   ASP 193  , 2     2  1467   ARG 24   ,0.9600399600399601,96100.0
 2     2  1580   LYS 137  , 2     2  1539   GLU 96   ,0.9590409590409591,96000.0
 2     2  1545   LYS 102  , 2     2  1502   GLU 59   ,0.957042957042957,95800.0
 3     3  2840   ARG 675  , 3     3  2789   GLU 624  ,0.957042957042957,95800.0
 0     0   326   LYS 327  , 0     0   306   ASP 307  ,0.954045954045954,95500.0
 1     1  1300   ASP 579  , 1     1  1229   ARG 508  ,0.952047952047952,95300.0
 0     0   332   ARG 333  , 0     0   253   ASP 254  ,0.951048951048951,95200.0
 0     0   721   GLU 722  , 0     0   717   ARG 718  ,0.939060939060939,94000.0
 3     3  2302   LYS 137  , 3     3  2261   GLU 96   ,0.9370629370629371,93800.0
 2     2  2022   ASP 579  , 2     2  1951   ARG 508  ,0.9370629370629371,93800.0
 1     1  1398   ARG 677  , 1     1  1325   ASP 604  ,0.9340659340659341,93500.0
 3     3  2351   GLU 186  , 3     3  2327   ARG 162  ,0.9330669330669331,93400.0
 0     0   523   ASP 524  , 0     0   483   ARG 484  ,0.9180819180819181,91900.0
 2     2  1773   ARG 330  , 2     2  1697   ASP 254  ,0.9140859140859141,91500.0
 3     3  2699   LYS 534  , 0     0   585   GLU 586  ,0.913086913086913,91400.0
 1     1   858   LYS 137  , 1     1   817   GLU 96   ,0.9100899100899101,91100.0
 2     2  2120   ARG 677  , 2     2  2047   ASP 604  ,0.9050949050949051,90600.0
 0     0   684   ASP 685  , 0     0   680   ARG 681  ,0.9020979020979021,90300.0
 3     3  2492   LYS 327  , 3     3  2472   ASP 307  ,0.8921078921078921,89300.0
 3     3  2172   ARG 7    , 0     0   510   ASP 511  ,0.8911088911088911,89200.0
 3     3  2348   ARG 183  , 3     3  2192   ASP 27   ,0.8891108891108891,89000.0
 2     2  1930   GLU 487  , 1     1  1205   ARG 484  ,0.8741258741258742,87500.0
 0     0   721   GLU 722  , 0     0   692   ARG 693  ,0.8701298701298701,87100.0
 1     1  1413   GLU 692  , 1     1  1409   ARG 688  ,0.8691308691308691,87000.0
 0     0   563   ARG 564  , 0     0   534   ASP 535  ,0.8651348651348651,86600.0
 1     1   805   ARG 84   , 1     1   802   GLU 81   ,0.8571428571428571,85800.0
 0     0   721   GLU 722  , 0     0   695   ARG 696  ,0.8531468531468531,85400.0
 0     0   710   ARG 711  , 0     0   706   ASP 707  ,0.8521478521478522,85300.0
 2     2  1951   ARG 508  , 1     1  1256   ASP 535  ,0.8511488511488512,85200.0
 1     1   874   ARG 153  , 1     1   864   ASP 143  ,0.8441558441558441,84500.0
 0     0    83   ARG 84   , 0     0    80   GLU 81   ,0.8421578421578422,84300.0
 0     0   103   ARG 104  , 0     0    72   GLU 73   ,0.8351648351648352,83600.0
 3     3  2842   ARG 677  , 3     3  2769   ASP 604  ,0.8341658341658341,83500.0
 1     1  1409   ARG 688  , 1     1  1406   ASP 685  ,0.8321678321678322,83300.0
 2     2  1525   LYS 82   , 2     2  1521   ASP 78   ,0.8291708291708292,83000.0
 3     3  2876   ARG 711  , 3     3  2872   ASP 707  ,0.8271728271728271,82800.0
 0     0    87   GLU 88   , 0     0    83   ARG 84   ,0.8251748251748252,82600.0
 1     1   803   LYS 82   , 1     1   799   ASP 78   ,0.8211788211788211,82200.0
 1     1  1432   ARG 711  , 1     1  1428   ASP 707  ,0.8141858141858141,81500.0
 1     1   904   ARG 183  , 1     1   817   GLU 96   ,0.8121878121878122,81300.0
 1     1   925   LYS 204  , 1     1   922   GLU 201  ,0.8091908091908092,81000.0
 3     3  2247   LYS 82   , 3     3  2243   ASP 78   ,0.8061938061938062,80700.0
 3     3  2341   GLU 176  , 3     3  2302   LYS 137  ,0.7992007992007992,80000.0
 2     2  2136   ARG 693  , 2     2  2133   GLU 690  ,0.7902097902097902,79100.0
 3     3  2853   ARG 688  , 3     3  2850   ASP 685  ,0.7832167832167832,78400.0
 1     1  1433   ARG 712  , 1     1  1413   GLU 692  ,0.7822177822177823,78300.0
 1     1   744   ARG 23   , 1     1   740   GLU 19   ,0.7802197802197802,78100.0
 1     1   871   LYS 150  , 1     1   863   ASP 142  ,0.7762237762237763,77700.0
 0     0   692   ARG 693  , 0     0   688   GLU 689  ,0.7752247752247752,77600.0
 1     1  1229   ARG 508  , 0     0   534   ASP 535  ,0.7662337662337663,76700.0
 2     2  2089   LYS 646  , 2     2  2032   ASP 589  ,0.7602397602397603,76100.0
 0     0   687   ARG 688  , 0     0   684   ASP 685  ,0.7602397602397603,76100.0
 2     2  2131   ARG 688  , 2     2  2128   ASP 685  ,0.7432567432567433,74400.0
 3     3  2858   ARG 693  , 3     3  2855   GLU 690  ,0.7412587412587412,74200.0
 2     2  1818   ASP 375  , 2     2  1685   LYS 242  ,0.7332667332667333,73400.0
 3     3  2216   LYS 51   , 3     3  2212   ASP 47   ,0.7292707292707292,73000.0
 3     3  2345   LYS 180  , 3     3  2341   GLU 176  ,0.7252747252747253,72600.0
 2     2  1830   ARG 387  , 2     2  1820   GLU 377  ,0.7252747252747253,72600.0
 3     3  2841   LYS 676  , 3     3  2789   GLU 624  ,0.7232767232767233,72400.0
 4     4  2923   PHE 1036 , 4     4  2914   LYS 1027 ,0.7212787212787213,72200.0
 4     4  2914   LYS 1027 , 3     3  2563   ASP 398  ,0.7162837162837162,71700.0
 0     0    81   LYS 82   , 0     0    77   ASP 78   ,0.7152847152847153,71600.0
 0     0   675   LYS 676  , 0     0   623   GLU 624  ,0.6963036963036963,69700.0
 2     2  1531   GLU 88   , 2     2  1527   ARG 84   ,0.6953046953046953,69600.0
 3     3  2492   LYS 327  , 3     3  2482   GLU 317  ,0.6933066933066933,69400.0
 3     3  2729   ARG 564  , 3     3  2700   ASP 535  ,0.6883116883116883,68900.0
 3     3  2311   LYS 146  , 3     3  2307   ASP 142  ,0.6813186813186813,68200.0
 3     3  2495   ARG 330  , 3     3  2419   ASP 254  ,0.6803196803196803,68100.0
 0     0    50   LYS 51   , 0     0    46   ASP 47   ,0.6773226773226774,67800.0
 1     1  1215   ASP 494  , 0     0   520   ARG 521  ,0.6683316683316683,66900.0
 1     1  1417   ARG 696  , 1     1  1412   GLU 691  ,0.6653346653346653,66600.0
 0     0    22   ARG 23   , 0     0    18   GLU 19   ,0.6633366633366633,66400.0
 0     0   645   LYS 646  , 0     0   588   ASP 589  ,0.6623376623376623,66300.0
 1     1   809   GLU 88   , 1     1   805   ARG 84   ,0.6593406593406593,66000.0
 2     2  1596   ARG 153  , 2     2  1586   ASP 143  ,0.6583416583416584,65900.0
 2     2  1527   ARG 84   , 2     2  1524   GLU 81   ,0.6543456543456544,65500.00000000001
 1     1  1285   ARG 564  , 1     1  1256   ASP 535  ,0.6513486513486514,65200.00000000001
 3     3  2673   ARG 508  , 2     2  1978   ASP 535  ,0.6433566433566433,64400.0
 3     3  2858   ARG 693  , 3     3  2854   GLU 689  ,0.6053946053946054,60600.00000000001
 3     3  2754   ASP 589  , 2     2  1977   LYS 534  ,0.6043956043956044,60499.99999999999
 0     0   493   ASP 494  , 0     0   492   ARG 493  ,0.5934065934065934,59400.0
 1     1  1437   ARG 716  , 1     1  1420   GLU 699  ,0.5874125874125874,58800.0
 1     1  1310   ASP 589  , 0     0   533   LYS 534  ,0.5814185814185814,58199.99999999999
 1     1  1242   ARG 521  , 0     0   341   ASP 342  ,0.5764235764235764,57700.0
 1     1  1242   ARG 521  , 0     0   345   GLU 346  ,0.5744255744255744,57500.0
 1     1  1000   GLU 279  , 1     1   744   ARG 23   ,0.5684315684315684,56899.99999999999
 0     0   306   ASP 307  , 0     0   243   ARG 244  ,0.5584415584415584,55900.0
 3     3  2857   GLU 692  , 3     3  2853   ARG 688  ,0.5574425574425574,55800.0
 3     3  2817   LYS 652  , 3     3  2813   ASP 648  ,0.5534465534465535,55400.0
 1     1  1417   ARG 696  , 1     1  1411   GLU 690  ,0.5424575424575424,54299.99999999999
 1     1  1006   LYS 285  , 1     1  1004   ASP 283  ,0.5394605394605395,54000.00000000001
 3     3  2481   ASP 316  , 3     3  2409   ARG 244  ,0.5384615384615384,53900.0
 2     2  2135   GLU 692  , 2     2  2131   ARG 688  ,0.5354645354645354,53600.0
 2     2  2165   GLU 722  , 2     2  2159   ARG 716  ,0.5324675324675324,53299.99999999999
 2     2  2136   ARG 693  , 2     2  2132   GLU 689  ,0.5254745254745254,52600.0
 2     2  1841   ASP 398  , 1     1  1171   LYS 450  ,0.5234765234765235,52400.00000000001
 0     0   386   ARG 387  , 0     0   379   ASP 380  ,0.5144855144855145,51500.0
 0     0   182   ARG 183  , 0     0    26   ASP 27   ,0.5104895104895105,51100.0
 2     2  1494   LYS 51   , 2     2  1490   ASP 47   ,0.5014985014985015,50200.0
 2     2  2139   ARG 696  , 2     2  2135   GLU 692  ,0.5004995004995005,50100.00000000001
 0     0   691   GLU 692  , 0     0   687   ARG 688  ,0.4945054945054945,49500.0
 3     3  2652   GLU 487  , 2     2  1927   ARG 484  ,0.4885114885114885,48900.0
 3     3  2887   GLU 722  , 3     3  2883   ARG 718  ,0.4865134865134865,48700.0
 0     0   563   ARG 564  , 0     0   538   ASP 539  ,0.4805194805194805,48100.0
 1     1   772   LYS 51   , 1     1   768   ASP 47   ,0.4805194805194805,48100.0
 3     3  2249   ARG 84   , 3     3  2246   GLU 81   ,0.47352647352647353,47400.0
 3     3  2327   ARG 162  , 3     3  2192   ASP 27   ,0.47052947052947053,47100.0
 0     0   338   ARG 339  , 0     0   263   ASP 264  ,0.4695304695304695,47000.0
 3     3  2351   GLU 186  , 3     3  2348   ARG 183  ,0.4645354645354645,46500.0
 1     1  1038   GLU 317  , 1     1   965   ARG 244  ,0.45754245754245754,45800.0
 1     1  1433   ARG 712  , 1     1  1420   GLU 699  ,0.45454545454545453,45500.0
 3     3  2649   ARG 484  , 0     0   486   GLU 487  ,0.44755244755244755,44800.0
 1     1  1414   ARG 693  , 1     1  1410   GLU 689  ,0.44755244755244755,44800.0
 3     3  2672   GLU 507  , 3     3  2668   LYS 503  ,0.43356643356643354,43400.0
 4     4  2907   ARG 1020 , 4     4  2891   ASP 1004 ,0.42157842157842157,42200.0
 3     3  2811   LYS 646  , 3     3  2754   ASP 589  ,0.4145854145854146,41500.0
 1     1   897   GLU 176  , 1     1   883   ARG 162  ,0.4145854145854146,41500.0
 1     1   901   LYS 180  , 1     1   817   GLU 96   ,0.4065934065934066,40700.0
 2     2  1647   LYS 204  , 2     2  1644   GLU 201  ,0.4065934065934066,40700.0
 1     1  1369   ASP 648  , 1     1  1367   LYS 646  ,0.4035964035964036,40400.0
 0     0   338   ARG 339  , 0     0   220   ASP 221  ,0.4025974025974026,40300.0
 0     0   506   GLU 507  , 0     0   502   LYS 503  ,0.4025974025974026,40300.0
 4     4  2888   ARG 1001 , 0     0   397   ASP 398  ,0.4015984015984016,40200.0
 0     0   689   GLU 690  , 0     0   686   LYS 687  ,0.3906093906093906,39100.0
 2     2  2095   LYS 652  , 2     2  2012   GLU 569  ,0.37962037962037964,38000.0
 3     3  2700   ASP 535  , 0     0   507   ARG 508  ,0.3786213786213786,37900.0
 2     2  2142   GLU 699  , 2     2  2138   LYS 695  ,0.3776223776223776,37800.0
 3     3  2716   GLU 551  , 3     3  2712   LYS 547  ,0.37662337662337664,37700.0
 2     2  2118   ARG 675  , 2     2  2067   GLU 624  ,0.37662337662337664,37700.0
 3     3  2505   LYS 340  , 3     3  2386   ASP 221  ,0.37462537462537465,37500.0
 0     0   152   ARG 153  , 0     0   142   ASP 143  ,0.37162837162837165,37200.0
 0     0   145   LYS 146  , 0     0   141   ASP 142  ,0.3706293706293706,37100.0
 1     1  1285   ARG 564  , 1     1  1281   ASP 560  ,0.36863136863136864,36900.0
 3     3  2692   LYS 527  , 3     3  2689   ASP 524  ,0.3646353646353646,36500.0
 3     3  2366   GLU 201  , 3     3  2364   LYS 199  ,0.3646353646353646,36500.0
 0     0   284   LYS 285  , 0     0   282   ASP 283  ,0.3626373626373626,36300.0
 0     0   720   LYS 721  , 0     0   689   GLU 690  ,0.35764235764235763,35800.0
 2     2  1950   GLU 507  , 2     2  1946   LYS 503  ,0.35664335664335667,35700.0
 3     3  2549   LYS 384  , 3     3  2540   ASP 375  ,0.3516483516483517,35200.0
 3     3  2847   LYS 682  , 3     3  2771   GLU 606  ,0.3516483516483517,35200.0
 0     0   203   LYS 204  , 0     0   200   GLU 201  ,0.34865134865134867,34900.0
 3     3  2864   GLU 699  , 3     3  2861   ARG 696  ,0.34165834165834164,34200.0
 3     3  2686   ARG 521  , 2     2  1789   GLU 346  ,0.3386613386613387,33900.0
 4     4  2921   ASP 1034 , 4     4  2888   ARG 1001 ,0.33466533466533466,33500.0
 3     3  2188   ARG 23   , 3     3  2184   GLU 19   ,0.3306693306693307,33100.0
 3     3  2444   GLU 279  , 0     0   520   ARG 521  ,0.32667332667332666,32700.0
 2     2  1783   LYS 340  , 2     2  1664   ASP 221  ,0.3256743256743257,32600.000000000004
 4     4  2891   ASP 1004 , 4     4  2888   ARG 1001 ,0.3246753246753247,32500.0
 1     1  1228   GLU 507  , 1     1  1224   LYS 503  ,0.3196803196803197,32000.0
 3     3  2450   LYS 285  , 3     3  2448   ASP 283  ,0.3156843156843157,31600.000000000004
 1     1  1063   ASP 342  , 1     1  1060   ARG 339  ,0.3126873126873127,31300.0
 3     3  2729   ARG 564  , 0     0   585   GLU 586  ,0.3106893106893107,31100.000000000004
 3     3  2269   ARG 104  , 3     3  2238   GLU 73   ,0.3026973026973027,30300.000000000004
 1     1  1000   GLU 279  , 1     1   729   ARG 8    ,0.3006993006993007,30099.999999999996
 1     1  1248   LYS 527  , 1     1  1245   ASP 524  ,0.2997002997002997,30000.0
 3     3  2369   LYS 204  , 3     3  2366   GLU 201  ,0.2817182817182817,28200.0
 0     0   200   GLU 201  , 0     0   198   LYS 199  ,0.27972027972027974,28000.000000000004
 3     3  2692   LYS 527  , 3     3  2691   GLU 526  ,0.27372627372627373,27400.0
 3     3  2249   ARG 84   , 3     3  2204   ASP 39   ,0.2727272727272727,27299.999999999996
 3     3  2253   GLU 88   , 3     3  2249   ARG 84   ,0.27172827172827174,27200.0
 1     1  1133   LYS 412  , 1     1  1038   GLU 317  ,0.2707292707292707,27100.0
 3     3  2861   ARG 696  , 3     3  2857   GLU 692  ,0.26873126873126874,26900.0
 3     3  2511   GLU 346  , 3     3  2173   ARG 8    ,0.2627372627372627,26300.0
 1     1  1410   GLU 689  , 1     1  1409   ARG 688  ,0.2597402597402597,25999.999999999996
 3     3  2778   LYS 613  , 2     2  1462   GLU 19   ,0.25374625374625376,25400.0
 2     2  1644   GLU 201  , 2     2  1642   LYS 199  ,0.2517482517482518,25200.000000000004
 2     2  1728   LYS 285  , 2     2  1726   ASP 283  ,0.24875124875124874,24900.0
 3     3  2887   GLU 722  , 3     3  2861   ARG 696  ,0.24275724275724275,24300.0
 2     2  2125   LYS 682  , 2     2  2049   GLU 606  ,0.24075924075924077,24100.0
 2     2  1970   LYS 527  , 2     2  1967   ASP 524  ,0.23976023976023977,24000.0
 2     2  1830   ARG 387  , 2     2  1824   GLU 381  ,0.23876123876123875,23900.0
 3     3  2729   ARG 564  , 3     3  2704   ASP 539  ,0.23776223776223776,23800.0
 2     2  1707   ASP 264  , 2     2  1660   LYS 217  ,0.23476523476523475,23500.0
 2     2  1466   ARG 23   , 2     2  1462   GLU 19   ,0.23176823176823177,23200.0
 3     3  2887   GLU 722  , 3     3  2876   ARG 711  ,0.22977022977022976,23000.0
 0     0   418   LYS 419  , 0     0   413   GLU 414  ,0.22377622377622378,22400.0
 3     3  2579   GLU 414  , 3     3  2409   ARG 244  ,0.2217782217782218,22200.0
 2     2  1951   ARG 508  , 1     1  1260   ASP 539  ,0.21678321678321677,21700.0
 3     3  2253   GLU 88   , 0     0   686   LYS 687  ,0.21578421578421578,21600.0
 3     3  2652   GLU 487  , 1     1   722   MET 1    ,0.21578421578421578,21600.0
 0     0   695   ARG 696  , 0     0   691   GLU 692  ,0.21478521478521478,21500.0
 3     3  2864   GLU 699  , 3     3  2860   LYS 695  ,0.2097902097902098,21000.0
 3     3  2364   LYS 199  , 3     3  2284   GLU 119  ,0.20679320679320679,20700.0
 3     3  2579   GLU 414  , 3     3  2577   LYS 412  ,0.20679320679320679,20700.0
 2     2  1626   ARG 183  , 2     2  1470   ASP 27   ,0.2037962037962038,20400.0
 1     1  1414   ARG 693  , 1     1  1411   GLU 690  ,0.2037962037962038,20400.0
 1     1  1028   ASP 307  , 1     1   965   ARG 244  ,0.20279720279720279,20300.0
 0     0   651   LYS 652  , 0     0   568   GLU 569  ,0.2007992007992008,20100.0
 2     2  2049   GLU 606  , 1     1   843   LYS 122  ,0.1958041958041958,19600.0
 0     0   612   LYS 613  , 0     0   550   GLU 551  ,0.1928071928071928,19300.0
 1     1  1373   LYS 652  , 1     1  1290   GLU 569  ,0.18581418581418582,18600.0
 2     2  1830   ARG 387  , 2     2  1823   ASP 380  ,0.1848151848151848,18500.0
 2     2  1500   ARG 57   , 2     2  1490   ASP 47   ,0.1838161838161838,18400.0
 3     3  2482   GLU 317  , 3     3  2409   ARG 244  ,0.1798201798201798,18000.0
 2     2  2138   LYS 695  , 2     2  2134   GLU 691  ,0.17882117882117882,17900.0
 1     1  1412   GLU 691  , 1     1  1408   LYS 687  ,0.17782217782217782,17800.0
 1     1  1396   ARG 675  , 1     1  1345   GLU 624  ,0.17682317682317683,17700.0
 1     1   907   GLU 186  , 1     1   895   LYS 174  ,0.17482517482517482,17500.0
 4     4  2921   ASP 1034 , 4     4  2914   LYS 1027 ,0.17382617382617382,17400.0
 2     2  2165   GLU 722  , 2     2  2161   ARG 718  ,0.17382617382617382,17400.0
 0     0   694   LYS 695  , 0     0   690   GLU 691  ,0.17382617382617382,17400.0
 3     3  2854   GLU 689  , 3     3  2853   ARG 688  ,0.17282717282717283,17300.0
 3     3  2812   ARG 647  , 3     3  2784   ASP 619  ,0.16783216783216784,16800.0
 2     2  1855   LYS 412  , 2     2  1825   ASP 382  ,0.16583416583416583,16600.0
 1     1  1420   GLU 699  , 1     1  1409   ARG 688  ,0.16483516483516483,16500.0
 2     2  1547   ARG 104  , 2     2  1516   GLU 73   ,0.16383616383616384,16400.0
 3     3  2817   LYS 652  , 3     3  2734   GLU 569  ,0.16083916083916083,16100.0
 3     3  2860   LYS 695  , 3     3  2856   GLU 691  ,0.16083916083916083,16100.0
 2     2  1760   GLU 317  , 2     2  1687   ARG 244  ,0.16083916083916083,16100.0
 2     2  2095   LYS 652  , 2     2  2091   ASP 648  ,0.15784215784215785,15800.000000000002
 2     2  1857   GLU 414  , 2     2  1855   LYS 412  ,0.15384615384615385,15400.0
 3     3  2351   GLU 186  , 3     3  2189   ARG 24   ,0.15384615384615385,15400.0
 2     2  1722   GLU 279  , 2     2  1451   ARG 8    ,0.15284715284715283,15299.999999999998
 2     2  1642   LYS 199  , 2     2  1564   ASP 121  ,0.15184815184815184,15200.0
 1     1  1307   GLU 586  , 0     0   533   LYS 534  ,0.15084915084915085,15100.0
 3     3  2886   LYS 721  , 3     3  2864   GLU 699  ,0.15084915084915085,15100.0
 0     0   647   ASP 648  , 0     0   646   ARG 647  ,0.14885114885114886,14900.000000000002
 2     2  1596   ARG 153  , 2     2  1584   GLU 141  ,0.14585414585414586,14600.0
 2     2  1970   LYS 527  , 2     2  1969   GLU 526  ,0.14385614385614387,14400.000000000002
 2     2  1564   ASP 121  , 2     2  1560   ARG 117  ,0.14185814185814186,14200.0
 1     1  1367   LYS 646  , 1     1  1290   GLU 569  ,0.14185814185814186,14200.0
 3     3  2552   ARG 387  , 3     3  2542   GLU 377  ,0.13886113886113885,13899.999999999998
 0     0   149   LYS 150  , 0     0    72   GLU 73   ,0.13686313686313686,13700.0
 3     3  2315   LYS 150  , 3     3  2308   ASP 143  ,0.13486513486513488,13500.000000000002
 1     1  1411   GLU 690  , 1     1  1408   LYS 687  ,0.13386613386613386,13400.0
 2     2  2132   GLU 689  , 2     2  2131   ARG 688  ,0.13286713286713286,13300.0
 2     2  1596   ARG 153  , 2     2  1585   ASP 142  ,0.13186813186813187,13200.0
 3     3  2552   ARG 387  , 3     3  2545   ASP 380  ,0.12987012987012986,12999.999999999998
 3     3  2887   GLU 722  , 3     3  2877   ARG 712  ,0.12887112887112886,12900.0
 1     1  1367   LYS 646  , 1     1  1310   ASP 589  ,0.12887112887112886,12900.0
 1     1   920   LYS 199  , 1     1   842   ASP 121  ,0.1258741258741259,12600.000000000002
 3     3  2253   GLU 88   , 0     0   720   LYS 721  ,0.12487512487512488,12500.0
 1     1  1443   GLU 722  , 1     1  1439   ARG 718  ,0.12387612387612387,12400.0
 0     0   198   LYS 199  , 0     0   118   GLU 119  ,0.12287712287712288,12300.0
 1     1  1403   LYS 682  , 1     1  1327   GLU 606  ,0.11888111888111888,11900.0
 1     1  1133   LYS 412  , 1     1  1096   ASP 375  ,0.11888111888111888,11900.0
 0     0   681   LYS 682  , 0     0   605   GLU 606  ,0.11888111888111888,11900.0
 3     3  2855   GLU 690  , 3     3  2852   LYS 687  ,0.11688311688311688,11700.0
 4     4  2907   ARG 1020 , 0     0   397   ASP 398  ,0.11688311688311688,11700.0
 1     1  1277   ARG 556  , 1     1  1272   GLU 551  ,0.11288711288711288,11300.0
 0     0   651   LYS 652  , 0     0   647   ASP 648  ,0.10989010989010989,11000.0
 1     1  1373   LYS 652  , 1     1  1369   ASP 648  ,0.10989010989010989,11000.0
 1     1   842   ASP 121  , 1     1   838   ARG 117  ,0.1068931068931069,10700.0
 3     3  2852   LYS 687  , 2     2  1531   GLU 88   ,0.1048951048951049,10500.0
 3     3  2887   GLU 722  , 3     3  2886   LYS 721  ,0.1018981018981019,10200.0
