 1     1  1054   ARG 333  , 1     1   982   PHE 261  ,1.0,100100.0
 0     0   665   ARG 666  , 0     0   661   HIS 662  ,1.0,100100.0
 2     2  1782   ARG 339  , 2     2  1738   TRP 295  ,1.0,100100.0
 1     1  1057   ARG 336  , 1     1   982   PHE 261  ,1.0,100100.0
 3     3  2729   ARG 564  , 0     0   582   HIS 583  ,1.0,100100.0
 2     2  1779   ARG 336  , 2     2  1738   TRP 295  ,1.0,100100.0
 2     2  1786   HIS 343  , 2     2  1450   ARG 7    ,1.0,100100.0
 3     3  2812   ARG 647  , 3     3  2786   PHE 621  ,1.0,100100.0
 2     2  1776   ARG 333  , 2     2  1704   PHE 261  ,1.0,100100.0
 2     2  1782   ARG 339  , 2     2  1734   TYR 291  ,1.0,100100.0
 1     1  1242   ARG 521  , 1     1  1238   TRP 517  ,1.0,100100.0
 1     1  1368   ARG 647  , 1     1  1342   PHE 621  ,1.0,100100.0
 0     0   342   HIS 343  , 0     0   339   LYS 340  ,1.0,100100.0
 0     0   342   HIS 343  , 0     0     6   ARG 7    ,1.0,100100.0
 2     2  1964   ARG 521  , 2     2  1928   TYR 485  ,1.0,100100.0
 2     2  1779   ARG 336  , 2     2  1704   PHE 261  ,1.0,100100.0
 0     0   335   ARG 336  , 0     0   260   PHE 261  ,1.0,100100.0
 0     0   332   ARG 333  , 0     0   260   PHE 261  ,1.0,100100.0
 3     3  2498   ARG 333  , 3     3  2426   PHE 261  ,1.0,100100.0
 3     3  2302   LYS 137  , 3     3  2273   TRP 108  ,0.998001998001998,99900.0
 3     3  2501   ARG 336  , 3     3  2426   PHE 261  ,0.998001998001998,99900.0
 0     0   339   LYS 340  , 0     0   221   TRP 222  ,0.995004995004995,99600.0
 3     3  2508   HIS 343  , 3     3  2173   ARG 8    ,0.995004995004995,99600.0
 0     0   679   PHE 680  , 0     0   676   ARG 677  ,0.995004995004995,99600.0
 2     2  1580   LYS 137  , 2     2  1551   TRP 108  ,0.994005994005994,99500.0
 2     2  1731   ARG 288  , 2     2  1713   HIS 270  ,0.9920079920079921,99300.0
 3     3  2748   HIS 583  , 2     2  2007   ARG 564  ,0.98001998001998,98100.0
 3     3  2495   ARG 330  , 3     3  2471   TYR 306  ,0.978021978021978,97900.0
 1     1  1304   HIS 583  , 0     0   563   ARG 564  ,0.972027972027972,97300.0
 1     1  1061   LYS 340  , 1     1   941   TRP 220  ,0.972027972027972,97300.0
 1     1   778   ARG 57   , 1     1   765   TYR 44   ,0.972027972027972,97300.0
 1     1   858   LYS 137  , 1     1   829   TRP 108  ,0.968031968031968,96900.0
 3     3  2682   TRP 517  , 2     2  1450   ARG 7    ,0.967032967032967,96800.0
 3     3  2348   ARG 183  , 3     3  2344   HIS 179  ,0.961038961038961,96200.0
 0     0   103   ARG 104  , 0     0    99   TYR 100  ,0.9530469530469531,95400.0
 2     2  1500   ARG 57   , 2     2  1487   TYR 44   ,0.951048951048951,95200.0
 3     3  2222   ARG 57   , 3     3  2209   TYR 44   ,0.949050949050949,95000.0
 0     0   338   ARG 339  , 0     0   290   TYR 291  ,0.942057942057942,94300.0
 1     1   825   ARG 104  , 1     1   821   TYR 100  ,0.932067932067932,93300.0
 1     1  1267   ARG 546  , 1     1  1264   HIS 543  ,0.8941058941058941,89500.0
 3     3  2804   TYR 639  , 2     2  1451   ARG 8    ,0.8911088911088911,89200.0
 0     0   136   LYS 137  , 0     0   107   TRP 108  ,0.8861138861138861,88700.0
 2     2  2090   ARG 647  , 2     2  2064   PHE 621  ,0.8761238761238761,87700.0
 3     3  2269   ARG 104  , 3     3  2265   TYR 100  ,0.8691308691308691,87000.0
 2     2  1989   ARG 546  , 2     2  1986   HIS 543  ,0.8581418581418582,85900.0
 0     0   338   ARG 339  , 0     0   294   TRP 295  ,0.8541458541458542,85500.0
 3     3  2711   ARG 546  , 3     3  2708   HIS 543  ,0.8461538461538461,84700.0
 3     3  2504   ARG 339  , 3     3  2456   TYR 291  ,0.8411588411588412,84200.0
 0     0   646   ARG 647  , 0     0   620   PHE 621  ,0.8391608391608392,84000.0
 1     1  1009   ARG 288  , 1     1   990   PHE 269  ,0.8261738261738262,82700.0
 2     2  1547   ARG 104  , 2     2  1543   TYR 100  ,0.8141858141858141,81500.0
 0     0    56   ARG 57   , 0     0    43   TYR 44   ,0.8111888111888111,81200.0
 4     4  2923   PHE 1036 , 4     4  2914   LYS 1027 ,0.8101898101898102,81100.0
 3     3  2877   ARG 712  , 3     3  2873   HIS 708  ,0.7852147852147852,78600.0
 1     1  1048   LYS 327  , 1     1  1027   TYR 306  ,0.7812187812187812,78200.0
 2     2  2109   ARG 666  , 2     2  2105   HIS 662  ,0.7672327672327672,76800.0
 1     1  1433   ARG 712  , 1     1  1429   HIS 708  ,0.7662337662337663,76700.0
 1     1  1105   LYS 384  , 1     1  1100   PHE 379  ,0.7602397602397603,76100.0
 1     1  1387   ARG 666  , 1     1  1383   HIS 662  ,0.7592407592407593,76000.0
 1     1  1303   TYR 582  , 0     0   533   LYS 534  ,0.7412587412587412,74200.0
 1     1   941   TRP 220  , 1     1   938   LYS 217  ,0.7402597402597403,74100.0
 1     1  1068   TYR 347  , 1     1   728   ARG 7    ,0.7402597402597403,74100.0
 0     0   101   LYS 102  , 0     0    54   TYR 55   ,0.7372627372627373,73800.0
 3     3  2505   LYS 340  , 3     3  2387   TRP 222  ,0.7292707292707292,73000.0
 3     3  2501   ARG 336  , 3     3  2456   TYR 291  ,0.7212787212787213,72200.0
 0     0   411   LYS 412  , 0     0   378   PHE 379  ,0.7202797202797203,72100.0
 0     0   711   ARG 712  , 0     0   707   HIS 708  ,0.7082917082917083,70900.0
 3     3  2505   LYS 340  , 3     3  2377   HIS 212  ,0.7072927072927073,70800.0
 0     0   219   TRP 220  , 0     0   216   LYS 217  ,0.7062937062937062,70700.0
 3     3  2831   ARG 666  , 3     3  2827   HIS 662  ,0.6953046953046953,69600.0
 2     2  1663   TRP 220  , 2     2  1660   LYS 217  ,0.6943056943056943,69500.0
 3     3  2509   TYR 344  , 3     3  2505   LYS 340  ,0.6843156843156843,68500.0
 0     0   182   ARG 183  , 0     0   178   HIS 179  ,0.6773226773226774,67800.0
 1     1   823   LYS 102  , 1     1   776   TYR 55   ,0.6773226773226774,67800.0
 2     2  2155   ARG 712  , 2     2  2151   HIS 708  ,0.6753246753246753,67600.0
 1     1  1060   ARG 339  , 1     1   994   PHE 273  ,0.6703296703296703,67100.0
 0     0   545   ARG 546  , 0     0   542   HIS 543  ,0.6693306693306693,67000.0
 2     2  1545   LYS 102  , 2     2  1498   TYR 55   ,0.6363636363636364,63700.0
 0     0   516   TRP 517  , 0     0   483   ARG 484  ,0.6293706293706294,63000.0
 3     3  2508   HIS 343  , 3     3  2505   LYS 340  ,0.6273726273726273,62799.99999999999
 0     0   717   ARG 718  , 0     0   713   PHE 714  ,0.5834165834165834,58400.0
 0     0   287   ARG 288  , 0     0   269   HIS 270  ,0.5824175824175825,58300.00000000001
 3     3  2267   LYS 102  , 3     3  2220   TYR 55   ,0.5824175824175825,58300.00000000001
 3     3  2876   ARG 711  , 3     3  2873   HIS 708  ,0.5744255744255744,57500.0
 0     0   178   HIS 179  , 0     0   173   LYS 174  ,0.5694305694305695,57000.0
 2     2  1512   PHE 69   , 2     2  1506   LYS 63   ,0.5564435564435565,55700.0
 3     3  2385   TRP 220  , 3     3  2382   LYS 217  ,0.5454545454545454,54599.99999999999
 0     0   720   LYS 721  , 0     0   716   PHE 717  ,0.5404595404595405,54100.0
 1     1  1009   ARG 288  , 1     1   991   HIS 270  ,0.5344655344655345,53500.0
 1     1  1432   ARG 711  , 1     1  1429   HIS 708  ,0.5274725274725275,52800.0
 2     2  2161   ARG 718  , 2     2  2157   PHE 714  ,0.5274725274725275,52800.0
 4     4  2919   PHE 1032 , 4     4  2888   ARG 1001 ,0.5224775224775224,52299.99999999999
 4     4  2908   PHE 1021 , 4     4  2888   ARG 1001 ,0.5034965034965035,50400.00000000001
 4     4  2919   PHE 1032 , 4     4  2893   LYS 1006 ,0.5024975024975025,50300.0
 1     1  1140   LYS 419  , 1     1  1134   TRP 413  ,0.48451548451548454,48500.0
 2     2  1871   TYR 428  , 1     1  1171   LYS 450  ,0.46653346653346656,46700.0
 1     1  1064   HIS 343  , 1     1   728   ARG 7    ,0.46253746253746253,46300.0
 1     1  1295   HIS 574  , 0     0     7   ARG 8    ,0.45454545454545453,45500.0
 3     3  2382   LYS 217  , 3     3  2377   HIS 212  ,0.43956043956043955,44000.0
 1     1  1439   ARG 718  , 1     1  1435   PHE 714  ,0.42357642357642356,42400.0
 4     4  2910   LYS 1023 , 0     0   438   PHE 439  ,0.4205794205794206,42100.0
 2     2  1827   LYS 384  , 2     2  1822   PHE 379  ,0.4155844155844156,41600.0
 2     2  1779   ARG 336  , 2     2  1734   TYR 291  ,0.4125874125874126,41300.0
 1     1   904   ARG 183  , 1     1   831   PHE 110  ,0.4095904095904096,41000.0
 1     1  1438   PHE 717  , 1     1  1409   ARG 688  ,0.4045954045954046,40500.0
 2     2  2154   ARG 711  , 2     2  2151   HIS 708  ,0.4005994005994006,40100.0
 4     4  2910   LYS 1023 , 3     3  2594   PHE 429  ,0.3946053946053946,39500.0
 1     1   904   ARG 183  , 1     1   857   PHE 136  ,0.3916083916083916,39200.0
 1     1   805   ARG 84   , 1     1   761   TRP 40   ,0.3786213786213786,37900.0
 1     1   934   TYR 213  , 1     1   728   ARG 7    ,0.3726273726273726,37300.0
 4     4  2905   LYS 1018 , 4     4  2901   PHE 1014 ,0.35764235764235763,35800.0
 2     2  1783   LYS 340  , 2     2  1665   TRP 222  ,0.34665334665334663,34700.0
 3     3  2249   ARG 84   , 3     3  2205   TRP 40   ,0.34065934065934067,34100.0
 1     1  1438   PHE 717  , 1     1  1437   ARG 716  ,0.3386613386613387,33900.0
 0     0   338   ARG 339  , 0     0   219   TRP 220  ,0.33266733266733267,33300.0
 3     3  2883   ARG 718  , 3     3  2879   PHE 714  ,0.33166833166833165,33200.0
 3     3  2166   MET 1    , 0     0   516   TRP 517  ,0.32667332667332666,32700.0
 1     1  1112   TRP 391  , 1     1  1108   ARG 387  ,0.3106893106893107,31100.000000000004
 4     4  2910   LYS 1023 , 4     4  2908   PHE 1021 ,0.3016983016983017,30200.0
 2     2  2164   LYS 721  , 2     2  2160   PHE 717  ,0.2967032967032967,29700.0
 0     0   717   ARG 718  , 0     0   716   PHE 717  ,0.2957042957042957,29599.999999999996
 1     1  1134   TRP 413  , 1     1  1105   LYS 384  ,0.2817182817182817,28200.0
 0     0   179   LYS 180  , 0     0   135   PHE 136  ,0.26673326673326675,26700.0
 3     3  2686   ARG 521  , 3     3  2682   TRP 517  ,0.26573426573426573,26600.0
 1     1  1438   PHE 717  , 1     1  1402   ARG 681  ,0.26173826173826176,26200.000000000004
 3     3  2313   TRP 148  , 3     3  2311   LYS 146  ,0.25674325674325676,25700.000000000004
 3     3  2453   ARG 288  , 3     3  2435   HIS 270  ,0.25074925074925075,25100.0
 0     0    83   ARG 84   , 0     0    39   TRP 40   ,0.24675324675324675,24700.0
 3     3  2651   HIS 486  , 1     1   722   MET 1    ,0.24575424575424576,24600.0
 0     0   182   ARG 183  , 0     0   135   PHE 136  ,0.24575424575424576,24600.0
 0     0    68   PHE 69   , 0     0    62   LYS 63   ,0.24275724275724275,24300.0
 0     0   622   LYS 623  , 0     0   621   TRP 622  ,0.23876123876123875,23900.0
 3     3  2234   PHE 69   , 3     3  2228   LYS 63   ,0.23776223776223776,23800.0
 2     2  1596   ARG 153  , 2     2  1591   TRP 148  ,0.23176823176823177,23200.0
 3     3  2739   HIS 574  , 2     2  1451   ARG 8    ,0.22977022977022976,23000.0
 0     0   412   TRP 413  , 0     0   383   LYS 384  ,0.22877122877122877,22900.0
 2     2  1527   ARG 84   , 2     2  1483   TRP 40   ,0.22877122877122877,22900.0
 1     1  1134   TRP 413  , 1     1  1133   LYS 412  ,0.22677322677322678,22700.0
 2     2  2160   PHE 717  , 2     2  2159   ARG 716  ,0.22477522477522477,22500.0
 1     1  1360   TYR 639  , 0     0     7   ARG 8    ,0.21878121878121878,21900.0
 1     1   790   PHE 69   , 1     1   784   LYS 63   ,0.2127872127872128,21300.0
 3     3  2882   PHE 717  , 3     3  2861   ARG 696  ,0.2077922077922078,20800.0
 1     1  1439   ARG 718  , 1     1  1438   PHE 717  ,0.20679320679320679,20700.0
 0     0   386   ARG 387  , 0     0   375   TYR 376  ,0.2007992007992008,20100.0
 3     3  2568   TYR 403  , 3     3  2549   LYS 384  ,0.1998001998001998,20000.0
 3     3  2882   PHE 717  , 3     3  2881   ARG 716  ,0.1998001998001998,20000.0
 1     1  1344   LYS 623  , 1     1  1343   TRP 622  ,0.19480519480519481,19500.0
 3     3  2699   LYS 534  , 0     0   581   TYR 582  ,0.19480519480519481,19500.0
 0     0   326   LYS 327  , 0     0   305   TYR 306  ,0.19080919080919082,19100.0
 2     2  1623   LYS 180  , 2     2  1579   PHE 136  ,0.19080919080919082,19100.0
 3     3  2747   TYR 582  , 2     2  1977   LYS 534  ,0.18581418581418582,18600.0
 2     2  1599   ARG 156  , 2     2  1594   PHE 151  ,0.1838161838161838,18400.0
 3     3  2584   LYS 419  , 3     3  2402   TYR 237  ,0.18081918081918083,18100.0
 1     1   869   TRP 148  , 1     1   867   LYS 146  ,0.18081918081918083,18100.0
 1     1  1060   ARG 339  , 1     1   933   HIS 212  ,0.1798201798201798,18000.0
 3     3  2249   ARG 84   , 3     3  2236   TYR 71   ,0.17882117882117882,17900.0
 3     3  2886   LYS 721  , 3     3  2882   PHE 717  ,0.17582417582417584,17600.0
 2     2  1594   PHE 151  , 2     2  1593   LYS 150  ,0.16983016983016982,17000.0
 1     1  1124   TYR 403  , 1     1  1105   LYS 384  ,0.16883116883116883,16900.0
 1     1   805   ARG 84   , 1     1   792   TYR 71   ,0.16783216783216784,16800.0
 0     0   713   PHE 714  , 0     0   710   ARG 711  ,0.16583416583416583,16600.0
 2     2  1731   ARG 288  , 2     2  1651   HIS 208  ,0.16583416583416583,16600.0
 2     2  2066   LYS 623  , 2     2  2065   TRP 622  ,0.16383616383616384,16400.0
 1     1  1149   TYR 428  , 0     0   449   LYS 450  ,0.16183816183816183,16199.999999999998
 1     1  1060   ARG 339  , 1     1  1016   TRP 295  ,0.15584415584415584,15600.0
 0     0   287   ARG 288  , 0     0   268   PHE 269  ,0.15484515484515485,15500.0
 3     3  2664   TYR 499  , 2     2  1990   LYS 547  ,0.14085914085914086,14100.0
 3     3  2788   LYS 623  , 3     3  2787   TRP 622  ,0.14085914085914086,14100.0
 3     3  2615   LYS 450  , 0     0   427   TYR 428  ,0.13486513486513488,13500.000000000002
 1     1   902   HIS 181  , 1     1   901   LYS 180  ,0.13186813186813187,13200.0
 2     2  2161   ARG 718  , 2     2  2160   PHE 717  ,0.12687312687312688,12700.0
 3     3  2282   ARG 117  , 3     3  2255   TYR 90   ,0.12687312687312688,12700.0
 1     1  1064   HIS 343  , 1     1  1060   ARG 339  ,0.11688311688311688,11700.0
 3     3  2883   ARG 718  , 3     3  2882   PHE 717  ,0.11488511488511488,11500.0
 2     2  1960   TRP 517  , 2     2  1927   ARG 484  ,0.11288711288711288,11300.0
 1     1   901   LYS 180  , 1     1   900   HIS 179  ,0.1048951048951049,10500.0
 3     3  2269   ARG 104  , 3     3  2220   TYR 55   ,0.1018981018981019,10200.0
 2     2  1500   ARG 57   , 2     2  1499   HIS 56   ,0.1018981018981019,10200.0
 2     2  2078   ARG 635  , 1     1   919   TYR 198  ,0.1008991008991009,10100.0
 0     0   180   HIS 181  , 0     0   179   LYS 180  ,0.1008991008991009,10100.0
