 1     1   582   HIS 583  , 0     0   563   ARG 564  ,1.0,34600.0
 1     1   332   ARG 333  , 1     1   260   PHE 261  ,1.0,34600.0
 4     4    20   PHE 21   , 4     4     0   ARG 1    ,1.0,34600.0
 2     2    56   ARG 57   , 2     2    43   TYR 44   ,1.0,34600.0
 2     2   332   ARG 333  , 2     2   260   PHE 261  ,1.0,34600.0
 2     2   335   ARG 336  , 2     2   260   PHE 261  ,1.0,34600.0
 3     3   342   HIS 343  , 3     3     7   ARG 8    ,1.0,34600.0
 1     1   646   ARG 647  , 1     1   620   PHE 621  ,1.0,34600.0
 1     1   545   ARG 546  , 1     1   542   HIS 543  ,1.0,34600.0
 1     1   520   ARG 521  , 1     1   516   TRP 517  ,1.0,34600.0
 1     1   346   TYR 347  , 1     1     6   ARG 7    ,1.0,34600.0
 3     3   332   ARG 333  , 3     3   260   PHE 261  ,1.0,34600.0
 1     1   335   ARG 336  , 1     1   260   PHE 261  ,1.0,34600.0
 2     2   338   ARG 339  , 2     2   294   TRP 295  ,1.0,34600.0
 3     3   545   ARG 546  , 3     3   542   HIS 543  ,1.0,34600.0
 3     3   563   ARG 564  , 0     0   582   HIS 583  ,1.0,34600.0
 0     0   103   ARG 104  , 0     0    99   TYR 100  ,1.0,34600.0
 0     0   332   ARG 333  , 0     0   260   PHE 261  ,1.0,34600.0
 0     0   335   ARG 336  , 0     0   260   PHE 261  ,1.0,34600.0
 3     3   136   LYS 137  , 3     3   107   TRP 108  ,1.0,34600.0
 0     0   342   HIS 343  , 0     0   339   LYS 340  ,1.0,34600.0
 1     1    56   ARG 57   , 1     1    43   TYR 44   ,1.0,34600.0
 3     3   582   HIS 583  , 2     2   563   ARG 564  ,1.0,34600.0
 3     3   335   ARG 336  , 3     3   260   PHE 261  ,1.0,34600.0
 2     2   338   ARG 339  , 2     2   290   TYR 291  ,0.9971098265895953,34500.0
 2     2   335   ARG 336  , 2     2   294   TRP 295  ,0.9971098265895953,34500.0
 0     0   411   LYS 412  , 0     0   378   PHE 379  ,0.9884393063583815,34200.0
 2     2   136   LYS 137  , 2     2   107   TRP 108  ,0.9884393063583815,34200.0
 1     1   418   LYS 419  , 1     1   412   TRP 413  ,0.9855491329479769,34100.0
 2     2   427   TYR 428  , 1     1   449   LYS 450  ,0.9855491329479769,34100.0
 1     1   342   HIS 343  , 1     1     6   ARG 7    ,0.9826589595375722,34000.0
 1     1   136   LYS 137  , 1     1   107   TRP 108  ,0.9826589595375722,34000.0
 2     2   520   ARG 521  , 2     2   484   TYR 485  ,0.9797687861271677,33900.0
 3     3   329   ARG 330  , 3     3   305   TYR 306  ,0.976878612716763,33800.0
 3     3    56   ARG 57   , 3     3    43   TYR 44   ,0.9682080924855492,33500.0
 1     1   339   LYS 340  , 1     1   219   TRP 220  ,0.9624277456647399,33300.0
 2     2   103   ARG 104  , 2     2    99   TYR 100  ,0.9595375722543352,33200.0
 3     3   339   LYS 340  , 3     3   211   HIS 212  ,0.9566473988439307,33100.0
 3     3   287   ARG 288  , 3     3   268   PHE 269  ,0.953757225433526,33000.0
 3     3   339   LYS 340  , 3     3   221   TRP 222  ,0.9479768786127167,32800.0
 1     1   711   ARG 712  , 1     1   707   HIS 708  ,0.9421965317919075,32600.0
 0     0   182   ARG 183  , 0     0   135   PHE 136  ,0.9277456647398844,32100.0
 3     3   287   ARG 288  , 3     3   269   HIS 270  ,0.9219653179190751,31900.0
 0     0   338   ARG 339  , 0     0   290   TYR 291  ,0.9161849710982659,31700.0
 0     0    56   ARG 57   , 0     0    43   TYR 44   ,0.9161849710982659,31700.0
 0     0   516   TRP 517  , 0     0   483   ARG 484  ,0.9132947976878613,31600.0
 3     3   103   ARG 104  , 3     3    99   TYR 100  ,0.9046242774566474,31300.0
 0     0   679   PHE 680  , 0     0   676   ARG 677  ,0.9046242774566474,31300.0
 1     1   182   ARG 183  , 1     1   135   PHE 136  ,0.9017341040462428,31200.0
 1     1   103   ARG 104  , 1     1    99   TYR 100  ,0.8815028901734104,30500.0
 1     1   383   LYS 384  , 1     1   378   PHE 379  ,0.8786127167630058,30400.0
 2     2   545   ARG 546  , 2     2   542   HIS 543  ,0.8786127167630058,30400.0
 0     0   665   ARG 666  , 0     0   661   HIS 662  ,0.8641618497109826,29900.0
 3     3   182   ARG 183  , 3     3   178   HIS 179  ,0.8497109826589595,29400.0
 1     1   219   TRP 220  , 1     1   216   LYS 217  ,0.8352601156069365,28900.000000000004
 2     2   717   ARG 718  , 2     2   713   PHE 714  ,0.8063583815028902,27900.0
 2     2   665   ARG 666  , 2     2   661   HIS 662  ,0.8034682080924855,27800.0
 0     0   287   ARG 288  , 0     0   269   HIS 270  ,0.8005780346820809,27700.0
 0     0   136   LYS 137  , 0     0   107   TRP 108  ,0.791907514450867,27400.0
 0     0   711   ARG 712  , 0     0   707   HIS 708  ,0.7890173410404624,27300.0
 2     2   646   ARG 647  , 2     2   620   PHE 621  ,0.7803468208092486,27000.0
 1     1   581   TYR 582  , 0     0   533   LYS 534  ,0.7774566473988439,26900.0
 3     3   646   ARG 647  , 3     3   620   PHE 621  ,0.7687861271676301,26600.0
 0     0   211   HIS 212  , 0     0     6   ARG 7    ,0.7543352601156069,26100.0
 1     1   101   LYS 102  , 1     1    54   TYR 55   ,0.7485549132947977,25900.0
 0     0   178   HIS 179  , 0     0   173   LYS 174  ,0.7485549132947977,25900.0
 2     2   711   ARG 712  , 2     2   707   HIS 708  ,0.7427745664739884,25700.0
 1     1   665   ARG 666  , 1     1   661   HIS 662  ,0.7312138728323699,25300.0
 3     3   711   ARG 712  , 3     3   707   HIS 708  ,0.7254335260115607,25100.000000000004
 2     2   342   HIS 343  , 2     2     6   ARG 7    ,0.7196531791907514,24900.0
 3     3   219   TRP 220  , 3     3   216   LYS 217  ,0.6994219653179191,24200.0
 0     0   646   ARG 647  , 0     0   620   PHE 621  ,0.6994219653179191,24200.0
 1     1   573   HIS 574  , 0     0     7   ARG 8    ,0.6965317919075145,24100.0
 2     2   287   ARG 288  , 2     2   269   HIS 270  ,0.6936416184971098,24000.0
 0     0   219   TRP 220  , 0     0   216   LYS 217  ,0.6734104046242775,23300.0
 0     0   342   HIS 343  , 0     0     6   ARG 7    ,0.6705202312138728,23200.0
 3     3   665   ARG 666  , 3     3   661   HIS 662  ,0.6416184971098265,22200.0
 1     1   212   TYR 213  , 1     1     6   ARG 7    ,0.6213872832369942,21500.0
 3     3   520   ARG 521  , 3     3   516   TRP 517  ,0.6069364161849711,21000.0
 3     3   101   LYS 102  , 3     3    54   TYR 55   ,0.6069364161849711,21000.0
 3     3   717   ARG 718  , 3     3   713   PHE 714  ,0.5982658959537572,20700.0
 0     0   720   LYS 721  , 0     0   716   PHE 717  ,0.5924855491329479,20500.0
 0     0   101   LYS 102  , 0     0    54   TYR 55   ,0.5751445086705202,19900.0
 0     0   717   ARG 718  , 0     0   713   PHE 714  ,0.5722543352601156,19800.0
 1     1   710   ARG 711  , 1     1   707   HIS 708  ,0.5722543352601156,19800.0
 2     2   383   LYS 384  , 2     2   378   PHE 379  ,0.5664739884393064,19600.0
 1     1   720   LYS 721  , 1     1   716   PHE 717  ,0.5664739884393064,19600.0
 1     1   427   TYR 428  , 0     0   449   LYS 450  ,0.5578034682080925,19300.0
 0     0   661   HIS 662  , 0     0   555   ARG 556  ,0.5578034682080925,19300.0
 1     1   412   TRP 413  , 1     1   383   LYS 384  ,0.5578034682080925,19300.0
 1     1   717   ARG 718  , 1     1   713   PHE 714  ,0.546242774566474,18900.0
 3     3   343   TYR 344  , 3     3   339   LYS 340  ,0.5260115606936416,18200.0
 0     0   182   ARG 183  , 0     0   178   HIS 179  ,0.4913294797687861,17000.0
 3     3    83   ARG 84   , 3     3    70   TYR 71   ,0.48554913294797686,16800.0
 2     2    68   PHE 69   , 2     2    62   LYS 63   ,0.47398843930635837,16400.0
 2     2   101   LYS 102  , 2     2    54   TYR 55   ,0.47109826589595377,16300.0
 3     3   338   ARG 339  , 3     3   290   TYR 291  ,0.4653179190751445,16100.0
 3     3   720   LYS 721  , 3     3   716   PHE 717  ,0.45664739884393063,15800.0
 3     3   710   ARG 711  , 3     3   707   HIS 708  ,0.45375722543352603,15700.0
 2     2   339   LYS 340  , 2     2   221   TRP 222  ,0.4393063583815029,15200.0
 3     3   573   HIS 574  , 2     2     7   ARG 8    ,0.43352601156069365,15000.0
 0     0   545   ARG 546  , 0     0   542   HIS 543  ,0.3959537572254335,13700.0
 2     2   710   ARG 711  , 2     2   707   HIS 708  ,0.3872832369942196,13399.999999999998
 3     3   516   TRP 517  , 2     2     6   ARG 7    ,0.38439306358381503,13300.0
 3     3   335   ARG 336  , 3     3   290   TYR 291  ,0.3786127167630058,13100.0
 3     3   418   LYS 419  , 3     3   236   TYR 237  ,0.37572254335260113,13000.0
 1     1    68   PHE 69   , 1     1    62   LYS 63   ,0.3554913294797688,12300.0
 3     3   342   HIS 343  , 3     3   339   LYS 340  ,0.35260115606936415,12200.0
 2     2   219   TRP 220  , 2     2   216   LYS 217  ,0.34971098265895956,12100.0
 3     3     0   MET 1    , 0     0   516   TRP 517  ,0.34971098265895956,12100.0
 3     3   335   ARG 336  , 3     3   295   PHE 296  ,0.3468208092485549,12000.0
 1     1    83   ARG 84   , 1     1    39   TRP 40   ,0.3468208092485549,12000.0
 3     3   498   TYR 499  , 2     2   546   LYS 547  ,0.32947976878612717,11400.0
 2     2    83   ARG 84   , 2     2    39   TRP 40   ,0.32947976878612717,11400.0
 2     2   342   HIS 343  , 2     2   339   LYS 340  ,0.32947976878612717,11400.0
 3     3   533   LYS 534  , 0     0   581   TYR 582  ,0.3265895953757225,11300.0
 2     2   335   ARG 336  , 2     2   290   TYR 291  ,0.3265895953757225,11300.0
 0     0   622   LYS 623  , 0     0   621   TRP 622  ,0.315028901734104,10900.0
 0     0   343   TYR 344  , 0     0   339   LYS 340  ,0.3063583815028902,10600.0
 3     3    83   ARG 84   , 3     3    39   TRP 40   ,0.30057803468208094,10400.0
 4     4    31   PHE 32   , 4     4     5   LYS 6    ,0.2976878612716763,10300.0
 0     0    68   PHE 69   , 0     0    62   LYS 63   ,0.2832369942196532,9800.0
 2     2   717   ARG 718  , 2     2   716   PHE 717  ,0.2832369942196532,9800.0
 1     1   375   TYR 376  , 1     1   241   LYS 242  ,0.26878612716763006,9300.0
 2     2   179   LYS 180  , 2     2   135   PHE 136  ,0.2658959537572254,9200.0
 3     3   638   TYR 639  , 2     2     7   ARG 8    ,0.2514450867052023,8700.0
 0     0    83   ARG 84   , 0     0    39   TRP 40   ,0.24566473988439305,8500.0
 3     3    68   PHE 69   , 3     3    62   LYS 63   ,0.24566473988439305,8500.0
 3     3   402   TYR 403  , 3     3   383   LYS 384  ,0.2398843930635838,8300.0
 0     0   717   ARG 718  , 0     0   716   PHE 717  ,0.23121387283236994,8000.0
 2     2   582   HIS 583  , 1     1   563   ARG 564  ,0.21965317919075145,7600.0
 1     1   622   LYS 623  , 1     1   621   TRP 622  ,0.21098265895953758,7300.0
 1     1   329   ARG 330  , 1     1   305   TYR 306  ,0.19653179190751446,6800.0
 2     2   716   PHE 717  , 2     2   715   ARG 716  ,0.1936416184971098,6699.999999999999
 0     0   548   PHE 549  , 0     0   545   ARG 546  ,0.18497109826589594,6400.0
 1     1   116   ARG 117  , 1     1    89   TYR 90   ,0.18208092485549132,6300.0
 3     3   622   LYS 623  , 3     3   621   TRP 622  ,0.1676300578034682,5800.0
 0     0   338   ARG 339  , 0     0   294   TRP 295  ,0.1676300578034682,5800.0
 1     1   211   HIS 212  , 1     1     6   ARG 7    ,0.15606936416184972,5400.0
 3     3   449   LYS 450  , 0     0   427   TYR 428  ,0.1531791907514451,5300.0
 1     1   147   TRP 148  , 1     1   145   LYS 146  ,0.1531791907514451,5300.0
 1     1   335   ARG 336  , 1     1   290   TYR 291  ,0.14739884393063585,5100.0
 2     2   622   LYS 623  , 2     2   621   TRP 622  ,0.14739884393063585,5100.0
 3     3   216   LYS 217  , 3     3   211   HIS 212  ,0.14450867052023122,5000.0
 3     3   427   TYR 428  , 2     2   449   LYS 450  ,0.1416184971098266,4900.0
 1     1   326   LYS 327  , 1     1   305   TYR 306  ,0.13583815028901733,4700.0
 1     1   329   ARG 330  , 1     1   229   TYR 230  ,0.1329479768786127,4600.0
 2     2   418   LYS 419  , 2     2   370   TYR 371  ,0.12716763005780346,4400.0
 2     2   343   TYR 344  , 2     2   339   LYS 340  ,0.12716763005780346,4400.0
 3     3   147   TRP 148  , 3     3   145   LYS 146  ,0.12138728323699421,4200.0
 3     3   338   ARG 339  , 3     3   295   PHE 296  ,0.11849710982658959,4100.0
 2     2   150   PHE 151  , 2     2   149   LYS 150  ,0.11560693641618497,4000.0
 3     3    89   TYR 90   , 0     0   686   LYS 687  ,0.11560693641618497,4000.0
 1     1   179   LYS 180  , 1     1   178   HIS 179  ,0.11560693641618497,4000.0
 1     1   180   HIS 181  , 1     1   179   LYS 180  ,0.10982658959537572,3800.0
 0     0   182   ARG 183  , 0     0   109   PHE 110  ,0.1069364161849711,3700.0
 3     3   272   PHE 273  , 3     3     7   ARG 8    ,0.10404624277456648,3600.0
 1     1   638   TYR 639  , 0     0     7   ARG 8    ,0.10404624277456648,3600.0
