 1     1   125   PHE 126  , 1     1    86   PHE 87   ,1.0,34600.0
 0     0   335   ARG 336  , 0     0   260   PHE 261  ,1.0,34600.0
 2     2   390   TRP 391  , 2     2   369   TRP 370  ,1.0,34600.0
 2     2   428   PHE 429  , 2     2   369   TRP 370  ,1.0,34600.0
 1     1   582   HIS 583  , 0     0   563   ARG 564  ,1.0,34600.0
 1     1   390   TRP 391  , 1     1   369   TRP 370  ,1.0,34600.0
 0     0   390   TRP 391  , 0     0   369   TRP 370  ,1.0,34600.0
 2     2   125   PHE 126  , 2     2    86   PHE 87   ,1.0,34600.0
 0     0   125   PHE 126  , 0     0    86   PHE 87   ,1.0,34600.0
 1     1   412   TRP 413  , 1     1   402   TYR 403  ,0.9971098265895953,34500.0
 3     3   125   PHE 126  , 3     3    86   PHE 87   ,0.9971098265895953,34500.0
 2     2   338   ARG 339  , 2     2   294   TRP 295  ,0.9971098265895953,34500.0
 3     3   390   TRP 391  , 3     3   369   TRP 370  ,0.9971098265895953,34500.0
 2     2   332   ARG 333  , 2     2   260   PHE 261  ,0.9971098265895953,34500.0
 1     1   516   TRP 517  , 1     1   484   TYR 485  ,0.9971098265895953,34500.0
 0     0   663   PHE 664  , 0     0   621   TRP 622  ,0.9942196531791907,34400.0
 1     1   646   ARG 647  , 1     1   620   PHE 621  ,0.9942196531791907,34400.0
 3     3   582   HIS 583  , 2     2   563   ARG 564  ,0.9942196531791907,34400.0
 2     2   338   ARG 339  , 2     2   335   ARG 336  ,0.9942196531791907,34400.0
 1     1   520   ARG 521  , 1     1   516   TRP 517  ,0.9942196531791907,34400.0
 2     2   212   TYR 213  , 2     2   211   HIS 212  ,0.9942196531791907,34400.0
 1     1   554   PHE 555  , 1     1   548   PHE 549  ,0.9884393063583815,34200.0
 0     0   467   PHE 468  , 0     0   463   TYR 464  ,0.9855491329479769,34100.0
 3     3   428   PHE 429  , 3     3   369   TRP 370  ,0.9855491329479769,34100.0
 0     0   332   ARG 333  , 0     0   260   PHE 261  ,0.9855491329479769,34100.0
 3     3   335   ARG 336  , 3     3   260   PHE 261  ,0.9826589595375722,34000.0
 2     2   467   PHE 468  , 2     2   463   TYR 464  ,0.9826589595375722,34000.0
 3     3   178   HIS 179  , 3     3   135   PHE 136  ,0.976878612716763,33800.0
 0     0   621   TRP 622  , 0     0   620   PHE 621  ,0.976878612716763,33800.0
 0     0   554   PHE 555  , 0     0   548   PHE 549  ,0.976878612716763,33800.0
 3     3   212   TYR 213  , 3     3   211   HIS 212  ,0.9739884393063584,33700.0
 2     2   422   TYR 423  , 2     2   240   PHE 241  ,0.9739884393063584,33700.0
 2     2   663   PHE 664  , 2     2   621   TRP 622  ,0.9682080924855492,33500.0
 3     3   516   TRP 517  , 3     3   484   TYR 485  ,0.9682080924855492,33500.0
 3     3   422   TYR 423  , 3     3   240   PHE 241  ,0.9653179190751445,33400.0
 0     0   332   ARG 333  , 0     0   329   ARG 330  ,0.9624277456647399,33300.0
 1     1   545   ARG 546  , 1     1   542   HIS 543  ,0.9595375722543352,33200.0
 2     2   335   ARG 336  , 2     2   260   PHE 261  ,0.9566473988439307,33100.0
 1     1    68   PHE 69   , 1     1    54   TYR 55   ,0.9479768786127167,32800.0
 0     0   422   TYR 423  , 0     0   236   TYR 237  ,0.9450867052023122,32700.000000000004
 3     3   438   PHE 439  , 3     3   427   TYR 428  ,0.9450867052023122,32700.000000000004
 3     3   412   TRP 413  , 3     3   404   PHE 405  ,0.9421965317919075,32600.0
 3     3   663   PHE 664  , 3     3   554   PHE 555  ,0.9364161849710982,32400.0
 3     3   129   PHE 130  , 3     3    48   PHE 49   ,0.9364161849710982,32400.0
 2     2   332   ARG 333  , 2     2   329   ARG 330  ,0.9364161849710982,32400.0
 0     0   592   PHE 593  , 0     0   551   HIS 552  ,0.9335260115606936,32300.0
 3     3   545   ARG 546  , 3     3   542   HIS 543  ,0.9277456647398844,32100.0
 0     0    68   PHE 69   , 0     0    54   TYR 55   ,0.9277456647398844,32100.0
 1     1   370   TYR 371  , 1     1   240   PHE 241  ,0.9277456647398844,32100.0
 1     1   428   PHE 429  , 1     1   369   TRP 370  ,0.9248554913294798,32000.0
 3     3    68   PHE 69   , 3     3    54   TYR 55   ,0.9104046242774566,31500.0
 2     2   592   PHE 593  , 2     2   551   HIS 552  ,0.9104046242774566,31500.0
 0     0   370   TYR 371  , 0     0   240   PHE 241  ,0.9104046242774566,31500.0
 3     3   563   ARG 564  , 0     0   582   HIS 583  ,0.9046242774566474,31300.0
 0     0   129   PHE 130  , 0     0    48   PHE 49   ,0.8988439306358381,31100.0
 3     3   332   ARG 333  , 3     3   260   PHE 261  ,0.8988439306358381,31100.0
 1     1   197   TYR 198  , 1     1    16   PHE 17   ,0.8959537572254336,31000.0
 2     2   554   PHE 555  , 2     2   548   PHE 549  ,0.8930635838150289,30900.0
 2     2   103   ARG 104  , 2     2    99   TYR 100  ,0.8930635838150289,30900.0
 0     0   290   TYR 291  , 0     0   268   PHE 269  ,0.8786127167630058,30400.0
 2     2    86   PHE 87   , 2     2    39   TRP 40   ,0.8757225433526011,30300.0
 0     0   103   ARG 104  , 0     0    99   TYR 100  ,0.8728323699421965,30200.0
 0     0   322   PHE 323  , 0     0   305   TYR 306  ,0.8728323699421965,30200.0
 1     1   663   PHE 664  , 1     1   554   PHE 555  ,0.8670520231213873,30000.0
 2     2   422   TYR 423  , 2     2   236   TYR 237  ,0.8583815028901735,29700.0
 1     1   402   TYR 403  , 1     1   378   PHE 379  ,0.8554913294797688,29600.0
 0     0   428   PHE 429  , 0     0   369   TRP 370  ,0.8526011560693642,29500.0
 3     3   467   PHE 468  , 0     0   467   PHE 468  ,0.8497109826589595,29400.0
 1     1   129   PHE 130  , 1     1    48   PHE 49   ,0.8497109826589595,29400.0
 2     2   412   TRP 413  , 2     2   404   PHE 405  ,0.8497109826589595,29400.0
 2     2   485   HIS 486  , 2     2   484   TYR 485  ,0.8294797687861272,28700.0
 1     1   485   HIS 486  , 1     1   484   TYR 485  ,0.8092485549132948,28000.0
 2     2    56   ARG 57   , 2     2    43   TYR 44   ,0.8092485549132948,28000.0
 1     1   240   PHE 241  , 1     1   236   TYR 237  ,0.8063583815028902,27900.0
 2     2   467   PHE 468  , 1     1   467   PHE 468  ,0.8063583815028902,27900.0
 1     1   467   PHE 468  , 1     1   463   TYR 464  ,0.7976878612716763,27600.0
 3     3   569   PHE 570  , 3     3   548   PHE 549  ,0.7976878612716763,27600.0
 0     0    56   ARG 57   , 0     0    43   TYR 44   ,0.7890173410404624,27300.0
 2     2   370   TYR 371  , 2     2   240   PHE 241  ,0.7861271676300579,27200.0
 0     0   656   TYR 657  , 0     0   655   PHE 656  ,0.7861271676300579,27200.0
 3     3   498   TYR 499  , 3     3   494   PHE 495  ,0.7716763005780347,26700.0
 3     3   103   ARG 104  , 3     3    99   TYR 100  ,0.7630057803468208,26400.0
 3     3   463   TYR 464  , 2     2   463   TYR 464  ,0.7601156069364162,26300.0
 0     0   212   TYR 213  , 0     0   211   HIS 212  ,0.7572254335260116,26200.0
 3     3   422   TYR 423  , 3     3   236   TYR 237  ,0.7456647398843931,25800.0
 0     0   438   PHE 439  , 0     0   427   TYR 428  ,0.7427745664739884,25700.0
 1     1   125   PHE 126  , 1     1    39   TRP 40   ,0.7398843930635838,25600.0
 3     3   329   ARG 330  , 3     3   305   TYR 306  ,0.7369942196531792,25500.0
 2     2   125   PHE 126  , 2     2    39   TRP 40   ,0.7369942196531792,25500.0
 1     1   103   ARG 104  , 1     1    99   TYR 100  ,0.7341040462427746,25400.0
 3     3    86   PHE 87   , 3     3    39   TRP 40   ,0.7283236994219653,25200.0
 0     0   516   TRP 517  , 0     0   483   ARG 484  ,0.7254335260115607,25100.000000000004
 1     1   569   PHE 570  , 1     1   548   PHE 549  ,0.7254335260115607,25100.000000000004
 3     3   554   PHE 555  , 3     3   548   PHE 549  ,0.7196531791907514,24900.0
 2     2    68   PHE 69   , 2     2    54   TYR 55   ,0.7138728323699421,24700.0
 3     3   295   PHE 296  , 3     3   290   TYR 291  ,0.7138728323699421,24700.0
 0     0   516   TRP 517  , 0     0   484   TYR 485  ,0.708092485549133,24500.0
 2     2   467   PHE 468  , 1     1   463   TYR 464  ,0.708092485549133,24500.0
 0     0   125   PHE 126  , 0     0    39   TRP 40   ,0.7052023121387283,24400.0
 1     1   498   TYR 499  , 1     1   494   PHE 495  ,0.7023121387283237,24300.0
 2     2   656   TYR 657  , 2     2   655   PHE 656  ,0.6936416184971098,24000.0
 0     0   182   ARG 183  , 0     0   135   PHE 136  ,0.6878612716763006,23800.0
 1     1    56   ARG 57   , 1     1    43   TYR 44   ,0.6763005780346821,23400.0
 4     4    20   PHE 21   , 4     4     0   ARG 1    ,0.6676300578034682,23100.0
 2     2   322   PHE 323  , 2     2   305   TYR 306  ,0.6647398843930635,22999.999999999996
 0     0    86   PHE 87   , 0     0    39   TRP 40   ,0.6560693641618497,22700.0
 2     2   665   ARG 666  , 2     2   661   HIS 662  ,0.6358381502890174,22000.0
 3     3   322   PHE 323  , 3     3   305   TYR 306  ,0.6329479768786127,21900.0
 3     3    56   ARG 57   , 3     3    43   TYR 44   ,0.630057803468208,21800.0
 1     1   592   PHE 593  , 1     1   551   HIS 552  ,0.6271676300578035,21700.0
 1     1   467   PHE 468  , 0     0   467   PHE 468  ,0.6184971098265896,21400.0
 3     3   467   PHE 468  , 1     1   467   PHE 468  ,0.6098265895953757,21100.0
 1     1   656   TYR 657  , 1     1   655   PHE 656  ,0.6011560693641619,20800.0
 3     3   592   PHE 593  , 3     3   551   HIS 552  ,0.6011560693641619,20800.0
 2     2   295   PHE 296  , 2     2   268   PHE 269  ,0.5924855491329479,20500.0
 3     3   342   HIS 343  , 3     3     7   ARG 8    ,0.5867052023121387,20300.0
 0     0   665   ARG 666  , 0     0   661   HIS 662  ,0.5838150289017341,20200.0
 1     1    86   PHE 87   , 1     1    39   TRP 40   ,0.5809248554913294,20100.0
 2     2   219   TRP 220  , 2     2   215   PHE 216  ,0.5780346820809249,20000.0
 2     2   129   PHE 130  , 2     2   108   PHE 109  ,0.5780346820809249,20000.0
 0     0   679   PHE 680  , 0     0   676   ARG 677  ,0.5635838150289018,19500.0
 2     2   290   TYR 291  , 2     2   268   PHE 269  ,0.5635838150289018,19500.0
 2     2   663   PHE 664  , 2     2   554   PHE 555  ,0.5520231213872833,19100.0
 3     3   125   PHE 126  , 3     3    39   TRP 40   ,0.523121387283237,18100.0
 1     1   332   ARG 333  , 1     1   260   PHE 261  ,0.5202312138728323,18000.0
 1     1   520   ARG 521  , 0     0     6   ARG 7    ,0.5057803468208093,17500.000000000004
 1     1   332   ARG 333  , 1     1   329   ARG 330  ,0.5,17300.0
 0     0   485   HIS 486  , 0     0   484   TYR 485  ,0.4913294797687861,17000.0
 3     3   370   TYR 371  , 3     3   240   PHE 241  ,0.4884393063583815,16900.0
 1     1   573   HIS 574  , 0     0     7   ARG 8    ,0.48265895953757226,16700.0
 0     0   343   TYR 344  , 0     0   221   TRP 222  ,0.47398843930635837,16400.0
 3     3   287   ARG 288  , 3     3   268   PHE 269  ,0.47109826589595377,16300.0
 1     1   451   PHE 452  , 1     1   369   TRP 370  ,0.4682080924855491,16200.0
 2     2   520   ARG 521  , 2     2   484   TYR 485  ,0.4624277456647399,16000.0
 0     0   295   PHE 296  , 0     0   268   PHE 269  ,0.4421965317919075,15299.999999999998
 3     3   463   TYR 464  , 3     3   358   PHE 359  ,0.4393063583815029,15200.0
 2     2   717   ARG 718  , 2     2   713   PHE 714  ,0.43641618497109824,15100.0
 3     3   621   TRP 622  , 3     3   620   PHE 621  ,0.43641618497109824,15100.0
 0     0   342   HIS 343  , 0     0     6   ARG 7    ,0.430635838150289,14900.0
 3     3   342   HIS 343  , 3     3   211   HIS 212  ,0.42196531791907516,14600.0
 1     1   335   ARG 336  , 1     1   260   PHE 261  ,0.4190751445086705,14500.0
 1     1   342   HIS 343  , 1     1     6   ARG 7    ,0.41040462427745666,14200.0
 1     1   422   TYR 423  , 1     1   236   TYR 237  ,0.40173410404624277,13900.0
 0     0   402   TYR 403  , 0     0   378   PHE 379  ,0.3988439306358382,13800.0
 3     3   197   TYR 198  , 3     3    16   PHE 17   ,0.3815028901734104,13200.0
 3     3   520   ARG 521  , 3     3   516   TRP 517  ,0.3786127167630058,13100.0
 0     0   412   TRP 413  , 0     0   404   PHE 405  ,0.3699421965317919,12800.0
 3     3   665   ARG 666  , 3     3   661   HIS 662  ,0.3583815028901734,12400.0
 0     0   422   TYR 423  , 0     0   240   PHE 241  ,0.3583815028901734,12400.0
 0     0   498   TYR 499  , 0     0   494   PHE 495  ,0.3554913294797688,12300.0
 1     1   129   PHE 130  , 1     1   108   PHE 109  ,0.34104046242774566,11800.0
 3     3   269   HIS 270  , 3     3   268   PHE 269  ,0.33815028901734107,11700.0
 0     0   663   PHE 664  , 0     0   554   PHE 555  ,0.32947976878612717,11400.0
 0     0   295   PHE 296  , 0     0   290   TYR 291  ,0.3208092485549133,11100.0
 1     1   665   ARG 666  , 1     1   661   HIS 662  ,0.3092485549132948,10700.0
 0     0   150   PHE 151  , 0     0   147   TRP 148  ,0.3092485549132948,10700.0
 3     3   717   ARG 718  , 3     3   713   PHE 714  ,0.3063583815028902,10600.0
 1     1   438   PHE 439  , 0     0   428   PHE 429  ,0.30346820809248554,10500.0
 1     1   182   ARG 183  , 1     1   135   PHE 136  ,0.30346820809248554,10500.0
 1     1   663   PHE 664  , 1     1   659   PHE 660  ,0.2976878612716763,10300.0
 2     2   621   TRP 622  , 2     2   620   PHE 621  ,0.2861271676300578,9900.0
 3     3   335   ARG 336  , 3     3   295   PHE 296  ,0.2861271676300578,9900.0
 3     3   592   PHE 593  , 3     3   554   PHE 555  ,0.2832369942196532,9800.0
 2     2   478   TYR 479  , 2     2   474   PHE 475  ,0.2832369942196532,9800.0
 0     0   343   TYR 344  , 0     0   342   HIS 343  ,0.2774566473988439,9599.999999999998
 0     0   642   HIS 643  , 0     0   569   PHE 570  ,0.2745664739884393,9500.0
 0     0   240   PHE 241  , 0     0   236   TYR 237  ,0.2745664739884393,9500.0
 2     2   498   TYR 499  , 2     2   494   PHE 495  ,0.27167630057803466,9400.0
 3     3   711   ARG 712  , 3     3   707   HIS 708  ,0.26878612716763006,9300.0
 0     0   129   PHE 130  , 0     0   108   PHE 109  ,0.26878612716763006,9300.0
 3     3   656   TYR 657  , 3     3   655   PHE 656  ,0.2630057803468208,9100.0
 0     0   545   ARG 546  , 0     0   542   HIS 543  ,0.25722543352601157,8900.0
 1     1   422   TYR 423  , 1     1   363   HIS 364  ,0.2543352601156069,8800.0
 3     3   485   HIS 486  , 2     2   346   TYR 347  ,0.2514450867052023,8700.0
 2     2   711   ARG 712  , 2     2   707   HIS 708  ,0.2514450867052023,8700.0
 3     3    83   ARG 84   , 3     3    39   TRP 40   ,0.24855491329479767,8600.0
 3     3   346   TYR 347  , 0     0   485   HIS 486  ,0.24566473988439305,8500.0
 1     1   422   TYR 423  , 1     1   240   PHE 241  ,0.24277456647398843,8400.0
 2     2   569   PHE 570  , 2     2   548   PHE 549  ,0.24277456647398843,8400.0
 3     3    83   ARG 84   , 3     3    70   TYR 71   ,0.2398843930635838,8300.0
 3     3   150   PHE 151  , 3     3   147   TRP 148  ,0.23699421965317918,8200.0
 1     1   212   TYR 213  , 1     1   211   HIS 212  ,0.23410404624277456,8100.0
 1     1   422   TYR 423  , 1     1   370   TYR 371  ,0.22832369942196531,7900.0
 2     2   343   TYR 344  , 2     2   342   HIS 343  ,0.2254335260115607,7800.0
 1     1   715   ARG 716  , 1     1   711   ARG 712  ,0.2254335260115607,7800.0
 0     0   711   ARG 712  , 0     0   707   HIS 708  ,0.21676300578034682,7500.0
 3     3   710   ARG 711  , 3     3   707   HIS 708  ,0.21098265895953758,7300.0
 1     1   343   TYR 344  , 1     1   221   TRP 222  ,0.20809248554913296,7200.0
 1     1   290   TYR 291  , 1     1   268   PHE 269  ,0.2023121387283237,7000.0
 3     3   554   PHE 555  , 3     3   551   HIS 552  ,0.1907514450867052,6600.0
 1     1   710   ARG 711  , 1     1   707   HIS 708  ,0.1907514450867052,6600.0
 1     1   592   PHE 593  , 1     1   554   PHE 555  ,0.18786127167630057,6500.0
 3     3   129   PHE 130  , 3     3   108   PHE 109  ,0.18208092485549132,6300.0
 2     2   663   PHE 664  , 2     2   659   PHE 660  ,0.18208092485549132,6300.0
 3     3   335   ARG 336  , 3     3   290   TYR 291  ,0.18208092485549132,6300.0
 2     2    83   ARG 84   , 2     2    39   TRP 40   ,0.1791907514450867,6200.0
 1     1   412   TRP 413  , 1     1   378   PHE 379  ,0.17052023121387283,5900.0
 1     1   717   ARG 718  , 1     1   713   PHE 714  ,0.1676300578034682,5800.0
 0     0   178   HIS 179  , 0     0   135   PHE 136  ,0.1676300578034682,5800.0
 1     1    83   ARG 84   , 1     1    39   TRP 40   ,0.16184971098265896,5600.0
 3     3   343   TYR 344  , 3     3   342   HIS 343  ,0.15895953757225434,5500.0
 0     0   269   HIS 270  , 0     0   207   HIS 208  ,0.1531791907514451,5300.0
 2     2   342   HIS 343  , 2     2     6   ARG 7    ,0.15028901734104047,5200.0
 3     3   663   PHE 664  , 3     3   659   PHE 660  ,0.15028901734104047,5200.0
 2     2   716   PHE 717  , 2     2   715   ARG 716  ,0.14739884393063585,5100.0
 0     0   548   PHE 549  , 0     0   545   ARG 546  ,0.14450867052023122,5000.0
 0     0   592   PHE 593  , 0     0   569   PHE 570  ,0.1416184971098266,4900.0
 3     3   335   ARG 336  , 3     3   332   ARG 333  ,0.13872832369942195,4799.999999999999
 1     1   663   PHE 664  , 1     1   621   TRP 622  ,0.13583815028901733,4700.0
 2     2   710   ARG 711  , 2     2   707   HIS 708  ,0.1329479768786127,4600.0
 3     3   451   PHE 452  , 3     3   369   TRP 370  ,0.13005780346820808,4500.0
 1     1   155   ARG 156  , 1     1   152   ARG 153  ,0.12716763005780346,4400.0
 3     3   716   PHE 717  , 3     3   713   PHE 714  ,0.12716763005780346,4400.0
 2     2   438   PHE 439  , 1     1   428   PHE 429  ,0.12427745664739884,4300.0
 3     3   338   ARG 339  , 3     3   290   TYR 291  ,0.12138728323699421,4200.0
 3     3   343   TYR 344  , 3     3   221   TRP 222  ,0.11560693641618497,4000.0
 1     1   715   ARG 716  , 1     1   687   ARG 688  ,0.11271676300578035,3900.0
 1     1   180   HIS 181  , 1     1   178   HIS 179  ,0.10982658959537572,3800.0
 3     3   378   PHE 379  , 3     3   375   TYR 376  ,0.10982658959537572,3800.0
 3     3   616   PHE 617  , 3     3   581   TYR 582  ,0.1069364161849711,3700.0
 0     0   342   HIS 343  , 0     0   221   TRP 222  ,0.1069364161849711,3700.0
 1     1   554   PHE 555  , 1     1   551   HIS 552  ,0.1069364161849711,3700.0
 2     2   269   HIS 270  , 2     2   268   PHE 269  ,0.10115606936416185,3500.0
