 2     2   563   ARG 564  , 2     2   538   ASP 539  ,1.0,34600.0
 0     0   674   ARG 675  , 0     0   618   ASP 619  ,1.0,34600.0
 1     1   335   ARG 336  , 1     1   263   ASP 264  ,1.0,34600.0
 1     1   329   ARG 330  , 1     1   257   ASP 258  ,1.0,34600.0
 1     1   684   ASP 685  , 1     1   680   ARG 681  ,1.0,34600.0
 1     1   329   ARG 330  , 1     1   253   ASP 254  ,1.0,34600.0
 0     0   411   LYS 412  , 0     0   374   ASP 375  ,1.0,34600.0
 0     0   493   ASP 494  , 0     0   492   ARG 493  ,1.0,34600.0
 3     3   335   ARG 336  , 3     3   263   ASP 264  ,1.0,34600.0
 3     3   332   ARG 333  , 3     3   257   ASP 258  ,1.0,34600.0
 3     3   329   ARG 330  , 3     3   306   ASP 307  ,1.0,34600.0
 3     3   329   ARG 330  , 3     3   257   ASP 258  ,1.0,34600.0
 0     0   634   ARG 635  , 0     0   599   GLU 600  ,1.0,34600.0
 2     2   563   ARG 564  , 2     2   534   ASP 535  ,1.0,34600.0
 1     1   634   ARG 635  , 1     1   599   GLU 600  ,1.0,34600.0
 1     1   614   ASP 615  , 0     0    56   ARG 57   ,1.0,34600.0
 3     3   220   ASP 221  , 3     3   216   LYS 217  ,1.0,34600.0
 3     3   585   GLU 586  , 2     2   563   ARG 564  ,1.0,34600.0
 2     2   263   ASP 264  , 2     2   216   LYS 217  ,1.0,34600.0
 0     0   676   ARG 677  , 0     0   603   ASP 604  ,1.0,34600.0
 1     1   578   ASP 579  , 1     1   507   ARG 508  ,1.0,34600.0
 2     2   329   ARG 330  , 2     2   253   ASP 254  ,1.0,34600.0
 2     2   329   ARG 330  , 2     2   257   ASP 258  ,1.0,34600.0
 2     2   332   ARG 333  , 2     2   257   ASP 258  ,1.0,34600.0
 2     2   335   ARG 336  , 2     2   263   ASP 264  ,1.0,34600.0
 2     2   335   ARG 336  , 2     2   298   ASP 299  ,1.0,34600.0
 1     1   448   GLU 449  , 1     1   386   ARG 387  ,1.0,34600.0
 1     1   345   GLU 346  , 1     1     6   ARG 7    ,1.0,34600.0
 2     2   397   ASP 398  , 1     1   449   LYS 450  ,1.0,34600.0
 1     1   341   ASP 342  , 1     1   338   ARG 339  ,1.0,34600.0
 1     1   220   ASP 221  , 1     1   216   LYS 217  ,1.0,34600.0
 1     1   335   ARG 336  , 1     1   298   ASP 299  ,1.0,34600.0
 0     0   338   ARG 339  , 0     0   263   ASP 264  ,1.0,34600.0
 3     3   335   ARG 336  , 3     3   298   ASP 299  ,1.0,34600.0
 0     0   329   ARG 330  , 0     0   253   ASP 254  ,1.0,34600.0
 3     3   634   ARG 635  , 3     3   599   GLU 600  ,1.0,34600.0
 0     0   220   ASP 221  , 0     0   216   LYS 217  ,1.0,34600.0
 1     1   715   ARG 716  , 1     1   691   GLU 692  ,1.0,34600.0
 2     2   614   ASP 615  , 1     1    56   ARG 57   ,1.0,34600.0
 0     0   329   ARG 330  , 0     0   257   ASP 258  ,1.0,34600.0
 1     1   691   GLU 692  , 1     1   687   ARG 688  ,1.0,34600.0
 3     3   674   ARG 675  , 3     3   618   ASP 619  ,1.0,34600.0
 4     4     0   ARG 1    , 0     0   397   ASP 398  ,1.0,34600.0
 0     0   332   ARG 333  , 0     0   257   ASP 258  ,1.0,34600.0
 0     0   335   ARG 336  , 0     0   263   ASP 264  ,1.0,34600.0
 2     2   688   GLU 689  , 2     2   680   ARG 681  ,0.9971098265895953,34500.0
 1     1   585   GLU 586  , 0     0   563   ARG 564  ,0.9971098265895953,34500.0
 0     0   684   ASP 685  , 0     0   680   ARG 681  ,0.9971098265895953,34500.0
 2     2   493   ASP 494  , 0     0     0   MET 1    ,0.9971098265895953,34500.0
 1     1   520   ARG 521  , 0     0   341   ASP 342  ,0.9971098265895953,34500.0
 0     0   338   ARG 339  , 0     0   298   ASP 299  ,0.9971098265895953,34500.0
 2     2   578   ASP 579  , 2     2   507   ARG 508  ,0.9971098265895953,34500.0
 3     3   684   ASP 685  , 3     3   680   ARG 681  ,0.9971098265895953,34500.0
 0     0   326   LYS 327  , 0     0   306   ASP 307  ,0.9971098265895953,34500.0
 3     3   493   ASP 494  , 1     1     0   MET 1    ,0.9971098265895953,34500.0
 2     2   674   ARG 675  , 2     2   618   ASP 619  ,0.9942196531791907,34400.0
 0     0   710   ARG 711  , 0     0   706   ASP 707  ,0.9942196531791907,34400.0
 2     2   684   ASP 685  , 2     2   680   ARG 681  ,0.9942196531791907,34400.0
 2     2   101   LYS 102  , 2     2    58   GLU 59   ,0.9942196531791907,34400.0
 3     3   101   LYS 102  , 3     3    58   GLU 59   ,0.9942196531791907,34400.0
 1     1   688   GLU 689  , 1     1   680   ARG 681  ,0.9942196531791907,34400.0
 0     0   332   ARG 333  , 0     0   253   ASP 254  ,0.9942196531791907,34400.0
 2     2   520   ARG 521  , 1     1   345   GLU 346  ,0.9942196531791907,34400.0
 3     3   182   ARG 183  , 3     3    26   ASP 27   ,0.9942196531791907,34400.0
 0     0    83   ARG 84   , 0     0    80   GLU 81   ,0.9913294797687862,34300.0
 1     1   339   LYS 340  , 1     1   263   ASP 264  ,0.9913294797687862,34300.0
 3     3   688   GLU 689  , 3     3   680   ARG 681  ,0.9913294797687862,34300.0
 2     2   185   GLU 186  , 2     2   182   ARG 183  ,0.9913294797687862,34300.0
 2     2   175   GLU 176  , 2     2   161   ARG 162  ,0.9884393063583815,34200.0
 1     1   192   ASP 193  , 1     1    23   ARG 24   ,0.9884393063583815,34200.0
 0     0   345   GLU 346  , 0     0     6   ARG 7    ,0.9884393063583815,34200.0
 1     1   339   LYS 340  , 1     1   220   ASP 221  ,0.9884393063583815,34200.0
 1     1   332   ARG 333  , 1     1   257   ASP 258  ,0.9855491329479769,34100.0
 1     1   326   LYS 327  , 1     1   306   ASP 307  ,0.9826589595375722,34000.0
 2     2   634   ARG 635  , 2     2   599   GLU 600  ,0.9826589595375722,34000.0
 2     2   507   ARG 508  , 1     1   534   ASP 535  ,0.9826589595375722,34000.0
 3     3   687   ARG 688  , 3     3   684   ASP 685  ,0.9797687861271677,33900.0
 0     0   688   GLU 689  , 0     0   680   ARG 681  ,0.9797687861271677,33900.0
 1     1   721   GLU 722  , 0     0   555   ARG 556  ,0.9797687861271677,33900.0
 1     1   698   GLU 699  , 1     1   687   ARG 688  ,0.9797687861271677,33900.0
 2     2   326   LYS 327  , 2     2   306   ASP 307  ,0.9797687861271677,33900.0
 3     3   533   LYS 534  , 0     0   585   GLU 586  ,0.976878612716763,33800.0
 1     1   674   ARG 675  , 1     1   618   ASP 619  ,0.9739884393063584,33700.0
 0     0   152   ARG 153  , 0     0   140   GLU 141  ,0.9739884393063584,33700.0
 0     0   103   ARG 104  , 0     0    72   GLU 73   ,0.9739884393063584,33700.0
 3     3   326   LYS 327  , 3     3   316   GLU 317  ,0.9710982658959537,33600.0
 0     0   674   ARG 675  , 0     0   623   GLU 624  ,0.9710982658959537,33600.0
 1     1   507   ARG 508  , 0     0   534   ASP 535  ,0.9710982658959537,33600.0
 2     2   710   ARG 711  , 2     2   706   ASP 707  ,0.9682080924855492,33500.0
 3     3   179   LYS 180  , 3     3    95   GLU 96   ,0.9682080924855492,33500.0
 2     2   136   LYS 137  , 2     2    95   GLU 96   ,0.9595375722543352,33200.0
 1     1    22   ARG 23   , 1     1    18   GLU 19   ,0.9595375722543352,33200.0
 2     2   192   ASP 193  , 2     2    23   ARG 24   ,0.9595375722543352,33200.0
 0     0   101   LYS 102  , 0     0    58   GLU 59   ,0.9566473988439307,33100.0
 0     0   335   ARG 336  , 0     0   298   ASP 299  ,0.9566473988439307,33100.0
 2     2   152   ARG 153  , 2     2   140   GLU 141  ,0.9566473988439307,33100.0
 3     3   578   ASP 579  , 3     3   507   ARG 508  ,0.953757225433526,33000.0
 3     3     6   ARG 7    , 0     0   510   ASP 511  ,0.9508670520231214,32900.0
 1     1   101   LYS 102  , 1     1    58   GLU 59   ,0.9508670520231214,32900.0
 0     0   523   ASP 524  , 0     0   483   ARG 484  ,0.9508670520231214,32900.0
 0     0   721   GLU 722  , 0     0   696   LYS 697  ,0.9479768786127167,32800.0
 3     3   614   ASP 615  , 2     2    56   ARG 57   ,0.9450867052023122,32700.000000000004
 3     3   136   LYS 137  , 3     3    95   GLU 96   ,0.9421965317919075,32600.0
 1     1   136   LYS 137  , 1     1    95   GLU 96   ,0.9393063583815029,32500.0
 0     0   136   LYS 137  , 0     0    95   GLU 96   ,0.9364161849710982,32400.0
 3     3   326   LYS 327  , 3     3   306   ASP 307  ,0.930635838150289,32200.0
 3     3   341   ASP 342  , 3     3     7   ARG 8    ,0.930635838150289,32200.0
 0     0   341   ASP 342  , 0     0     6   ARG 7    ,0.930635838150289,32200.0
 0     0    87   GLU 88   , 0     0    83   ARG 84   ,0.9277456647398844,32100.0
 3     3   152   ARG 153  , 3     3   142   ASP 143  ,0.9219653179190751,31900.0
 3     3   483   ARG 484  , 0     0   486   GLU 487  ,0.9219653179190751,31900.0
 3     3   563   ARG 564  , 3     3   534   ASP 535  ,0.9190751445086706,31800.0
 3     3   691   GLU 692  , 3     3   687   ARG 688  ,0.9190751445086706,31800.0
 2     2    81   LYS 82   , 2     2    77   ASP 78   ,0.9190751445086706,31800.0
 1     1   711   ARG 712  , 1     1   691   GLU 692  ,0.9104046242774566,31500.0
 3     3    81   LYS 82   , 3     3    77   ASP 78   ,0.8988439306358381,31100.0
 2     2   523   ASP 524  , 2     2   483   ARG 484  ,0.8959537572254336,31000.0
 2     2   486   GLU 487  , 1     1   483   ARG 484  ,0.8901734104046243,30800.0
 4     4    35   LYS 36   , 4     4    33   ASP 34   ,0.8901734104046243,30800.0
 3     3    56   ARG 57   , 0     0   614   ASP 615  ,0.8901734104046243,30800.0
 3     3   676   ARG 677  , 3     3   603   ASP 604  ,0.884393063583815,30599.999999999996
 3     3   520   ARG 521  , 0     0   493   ASP 494  ,0.8757225433526011,30300.0
 2     2   676   ARG 677  , 2     2   603   ASP 604  ,0.8728323699421965,30200.0
 3     3   710   ARG 711  , 3     3   706   ASP 707  ,0.869942196531792,30100.0
 1     1   710   ARG 711  , 1     1   706   ASP 707  ,0.8641618497109826,29900.0
 0     0   720   LYS 721  , 0     0   689   GLU 690  ,0.861271676300578,29800.0
 2     2   507   ARG 508  , 1     1   538   ASP 539  ,0.861271676300578,29800.0
 3     3   692   ARG 693  , 3     3   689   GLU 690  ,0.861271676300578,29800.0
 0     0   721   GLU 722  , 0     0   717   ARG 718  ,0.8583815028901735,29700.0
 0     0   339   LYS 340  , 0     0   220   ASP 221  ,0.8497109826589595,29400.0
 1     1   175   GLU 176  , 1     1   161   ARG 162  ,0.8439306358381503,29200.0
 2     2   386   ARG 387  , 2     2   379   ASP 380  ,0.8265895953757225,28600.0
 2     2   687   ARG 688  , 2     2   684   ASP 685  ,0.8208092485549133,28400.0
 1     1    81   LYS 82   , 1     1    77   ASP 78   ,0.8179190751445087,28300.0
 1     1   149   LYS 150  , 1     1   141   ASP 142  ,0.8179190751445087,28300.0
 2     2   339   LYS 340  , 2     2   220   ASP 221  ,0.8179190751445087,28300.0
 1     1   520   ARG 521  , 0     0   345   GLU 346  ,0.8034682080924855,27800.0
 1     1   721   GLU 722  , 0     0   665   ARG 666  ,0.8034682080924855,27800.0
 1     1    50   LYS 51   , 1     1    46   ASP 47   ,0.8005780346820809,27700.0
 3     3   721   GLU 722  , 3     3   715   ARG 716  ,0.7976878612716763,27600.0
 0     0   687   ARG 688  , 0     0   684   ASP 685  ,0.7947976878612717,27500.0
 0     0   717   ARG 718  , 0     0   698   GLU 699  ,0.7890173410404624,27300.0
 2     2   691   GLU 692  , 2     2   687   ARG 688  ,0.7861271676300579,27200.0
 2     2    87   GLU 88   , 2     2    83   ARG 84   ,0.7803468208092486,27000.0
 1     1    83   ARG 84   , 1     1    80   GLU 81   ,0.7803468208092486,27000.0
 2     2   341   ASP 342  , 2     2     6   ARG 7    ,0.7745664739884393,26799.999999999996
 0     0    81   LYS 82   , 0     0    77   ASP 78   ,0.7716763005780347,26700.0
 3     3   185   GLU 186  , 3     3    23   ARG 24   ,0.7716763005780347,26700.0
 2     2   345   GLU 346  , 2     2     6   ARG 7    ,0.7716763005780347,26700.0
 3     3   339   LYS 340  , 3     3   220   ASP 221  ,0.7658959537572254,26500.0
 0     0   675   LYS 676  , 0     0   623   GLU 624  ,0.7630057803468208,26400.0
 3     3   192   ASP 193  , 3     3    23   ARG 24   ,0.7630057803468208,26400.0
 0     0   141   ASP 142  , 0     0   103   ARG 104  ,0.7543352601156069,26100.0
 0     0   698   GLU 699  , 0     0   696   LYS 697  ,0.7485549132947977,25900.0
 2     2    83   ARG 84   , 2     2    80   GLU 81   ,0.7427745664739884,25700.0
 1     1   152   ARG 153  , 1     1   142   ASP 143  ,0.7398843930635838,25600.0
 3     3   507   ARG 508  , 2     2   534   ASP 535  ,0.7341040462427746,25400.0
 1     1    87   GLU 88   , 1     1    83   ARG 84   ,0.7254335260115607,25100.000000000004
 0     0    50   LYS 51   , 0     0    46   ASP 47   ,0.7225433526011561,25000.0
 0     0   152   ARG 153  , 0     0   142   ASP 143  ,0.7167630057803468,24800.0
 3     3   175   GLU 176  , 3     3   136   LYS 137  ,0.7138728323699421,24700.0
 3     3   315   ASP 316  , 3     3   243   ARG 244  ,0.708092485549133,24500.0
 0     0   692   ARG 693  , 0     0   688   GLU 689  ,0.708092485549133,24500.0
 0     0   173   LYS 174  , 0     0    26   ASP 27   ,0.6994219653179191,24200.0
 2     2   692   ARG 693  , 2     2   689   GLU 690  ,0.6965317919075145,24100.0
 3     3   645   LYS 646  , 3     3   588   ASP 589  ,0.6820809248554913,23600.0
 0     0   647   ASP 648  , 0     0   646   ARG 647  ,0.6791907514450867,23500.0
 1     1   695   ARG 696  , 1     1   690   GLU 691  ,0.6705202312138728,23200.0
 3     3   179   LYS 180  , 3     3   175   GLU 176  ,0.661849710982659,22900.0
 2     2   645   LYS 646  , 2     2   588   ASP 589  ,0.6589595375722543,22800.0
 0     0    22   ARG 23   , 0     0    18   GLU 19   ,0.6271676300578035,21700.0
 1     1   563   ARG 564  , 1     1   559   ASP 560  ,0.6242774566473989,21600.0
 3     3   185   GLU 186  , 3     3   161   ARG 162  ,0.6213872832369942,21500.0
 3     3   103   ARG 104  , 3     3    72   GLU 73   ,0.6069364161849711,21000.0
 2     2   374   ASP 375  , 2     2   241   LYS 242  ,0.6011560693641619,20800.0
 3     3   674   ARG 675  , 3     3   623   GLU 624  ,0.5982658959537572,20700.0
 0     0   563   ARG 564  , 0     0   534   ASP 535  ,0.5780346820809249,20000.0
 1     1   103   ARG 104  , 1     1    72   GLU 73   ,0.5751445086705202,19900.0
 3     3   316   GLU 317  , 3     3   241   LYS 242  ,0.569364161849711,19700.0
 3     3   278   GLU 279  , 0     0   520   ARG 521  ,0.5664739884393064,19600.0
 1     1   681   LYS 682  , 1     1   603   ASP 604  ,0.5635838150289018,19500.0
 1     1   588   ASP 589  , 0     0   533   LYS 534  ,0.5606936416184971,19400.0
 3     3   563   ARG 564  , 3     3   538   ASP 539  ,0.5578034682080925,19300.0
 1     1   278   GLU 279  , 1     1    22   ARG 23   ,0.5578034682080925,19300.0
 2     2   278   GLU 279  , 2     2     7   ARG 8    ,0.523121387283237,18100.0
 0     0   645   LYS 646  , 0     0   588   ASP 589  ,0.523121387283237,18100.0
 2     2   506   GLU 507  , 2     2   502   LYS 503  ,0.523121387283237,18100.0
 0     0   721   GLU 722  , 0     0   692   ARG 693  ,0.5173410404624278,17900.0
 1     1   179   LYS 180  , 1     1    95   GLU 96   ,0.5057803468208093,17500.000000000004
 2     2    50   LYS 51   , 2     2    46   ASP 47   ,0.5028901734104047,17400.0
 0     0   506   GLU 507  , 0     0   502   LYS 503  ,0.5,17300.0
 2     2   149   LYS 150  , 2     2   142   ASP 143  ,0.4913294797687861,17000.0
 2     2   411   LYS 412  , 2     2   381   ASP 382  ,0.47398843930635837,16400.0
 1     1   563   ARG 564  , 1     1   534   ASP 535  ,0.47109826589595377,16300.0
 2     2   338   ARG 339  , 2     2   220   ASP 221  ,0.4682080924855491,16200.0
 1     1   506   GLU 507  , 1     1   502   LYS 503  ,0.4653179190751445,16100.0
 2     2   692   ARG 693  , 2     2   688   GLU 689  ,0.4624277456647399,16000.0
 2     2   695   ARG 696  , 2     2   691   GLU 692  ,0.4595375722543353,15900.0
 3     3   692   ARG 693  , 3     3   688   GLU 689  ,0.4595375722543353,15900.0
 1     1   374   ASP 375  , 1     1   241   LYS 242  ,0.4595375722543353,15900.0
 1     1   493   ASP 494  , 0     0   520   ARG 521  ,0.44508670520231214,15400.0
 1     1   645   LYS 646  , 1     1   568   GLU 569  ,0.4421965317919075,15299.999999999998
 2     2   721   GLU 722  , 2     2   715   ARG 716  ,0.4421965317919075,15299.999999999998
 0     0   316   GLU 317  , 0     0   243   ARG 244  ,0.4421965317919075,15299.999999999998
 3     3   520   ARG 521  , 2     2   345   GLU 346  ,0.4393063583815029,15200.0
 3     3   651   LYS 652  , 3     3   568   GLU 569  ,0.4190751445086705,14500.0
 3     3   145   LYS 146  , 3     3   141   ASP 142  ,0.4046242774566474,14000.0
 0     0   691   GLU 692  , 0     0   687   ARG 688  ,0.40173410404624277,13900.0
 1     1   563   ARG 564  , 1     1   538   ASP 539  ,0.3959537572254335,13700.0
 0     0   695   ARG 696  , 0     0   691   GLU 692  ,0.3930635838150289,13600.0
 2     2    22   ARG 23   , 2     2    18   GLU 19   ,0.38439306358381503,13300.0
 2     2   674   ARG 675  , 2     2   623   GLU 624  ,0.37283236994219654,12900.0
 3     3   200   GLU 201  , 3     3   198   LYS 199  ,0.37283236994219654,12900.0
 3     3   413   GLU 414  , 3     3   411   LYS 412  ,0.37283236994219654,12900.0
 1     1   692   ARG 693  , 1     1   689   GLU 690  ,0.3699421965317919,12800.0
 3     3   329   ARG 330  , 3     3   253   ASP 254  ,0.3670520231213873,12700.0
 1     1   278   GLU 279  , 1     1     7   ARG 8    ,0.3670520231213873,12700.0
 1     1   203   LYS 204  , 1     1   200   GLU 201  ,0.36127167630057805,12500.0
 2     2   203   LYS 204  , 2     2   200   GLU 201  ,0.36127167630057805,12500.0
 1     1   695   ARG 696  , 1     1   689   GLU 690  ,0.35260115606936415,12200.0
 3     3   675   LYS 676  , 3     3   623   GLU 624  ,0.35260115606936415,12200.0
 3     3   563   ARG 564  , 3     3   559   ASP 560  ,0.35260115606936415,12200.0
 1     1   647   ASP 648  , 1     1   645   LYS 646  ,0.35260115606936415,12200.0
 4     4    19   LYS 20   , 4     4     3   ASP 4    ,0.34104046242774566,11800.0
 2     2   698   GLU 699  , 2     2   694   LYS 695  ,0.33815028901734107,11700.0
 3     3   695   ARG 696  , 3     3   691   GLU 692  ,0.33815028901734107,11700.0
 3     3   534   ASP 535  , 0     0   507   ARG 508  ,0.33815028901734107,11700.0
 3     3   284   LYS 285  , 3     3   282   ASP 283  ,0.32947976878612717,11400.0
 3     3   383   LYS 384  , 3     3   374   ASP 375  ,0.3265895953757225,11300.0
 3     3     0   MET 1    , 1     1   493   ASP 494  ,0.3208092485549133,11100.0
 1     1   721   GLU 722  , 1     1   717   ARG 718  ,0.3208092485549133,11100.0
 0     0   200   GLU 201  , 0     0   198   LYS 199  ,0.315028901734104,10900.0
 2     2   651   LYS 652  , 2     2   568   GLU 569  ,0.315028901734104,10900.0
 1     1   692   ARG 693  , 1     1   688   GLU 689  ,0.315028901734104,10900.0
 1     1   651   LYS 652  , 1     1   647   ASP 648  ,0.3092485549132948,10700.0
 0     0   386   ARG 387  , 0     0   376   GLU 377  ,0.30057803468208094,10400.0
 1     1   284   LYS 285  , 1     1   282   ASP 283  ,0.29190751445086704,10100.0
 1     1   676   ARG 677  , 1     1   603   ASP 604  ,0.28901734104046245,10000.0
 1     1   585   GLU 586  , 0     0   533   LYS 534  ,0.28901734104046245,10000.0
 0     0   689   GLU 690  , 0     0   686   LYS 687  ,0.2861271676300578,9900.0
 2     2   335   ARG 336  , 2     2   220   ASP 221  ,0.2861271676300578,9900.0
 2     2   688   GLU 689  , 2     2   687   ARG 688  ,0.2861271676300578,9900.0
 2     2   200   GLU 201  , 2     2   198   LYS 199  ,0.2832369942196532,9800.0
 3     3   149   LYS 150  , 3     3   142   ASP 143  ,0.2832369942196532,9800.0
 2     2   585   GLU 586  , 1     1   563   ARG 564  ,0.28034682080924855,9700.0
 3     3    56   ARG 57   , 3     3    46   ASP 47   ,0.2774566473988439,9599.999999999998
 0     0   612   LYS 613  , 0     0   550   GLU 551  ,0.2658959537572254,9200.0
 3     3    22   ARG 23   , 3     3    18   GLU 19   ,0.2658959537572254,9200.0
 3     3   203   LYS 204  , 3     3   200   GLU 201  ,0.26011560693641617,9000.0
 0     0   646   ARG 647  , 0     0   588   ASP 589  ,0.2543352601156069,8800.0
 3     3    83   ARG 84   , 3     3    38   ASP 39   ,0.2514450867052023,8700.0
 3     3   161   ARG 162  , 3     3    26   ASP 27   ,0.24566473988439305,8500.0
 0     0   715   ARG 716  , 0     0   690   GLU 691  ,0.2398843930635838,8300.0
 0     0   284   LYS 285  , 0     0   282   ASP 283  ,0.2398843930635838,8300.0
 1     1   418   LYS 419  , 1     1   413   GLU 414  ,0.23699421965317918,8200.0
 0     0   496   LYS 497  , 0     0   493   ASP 494  ,0.23410404624277456,8100.0
 2     2   198   LYS 199  , 2     2   120   ASP 121  ,0.23121387283236994,8000.0
 0     0   386   ARG 387  , 0     0   379   ASP 380  ,0.2254335260115607,7800.0
 3     3   386   ARG 387  , 3     3   376   GLU 377  ,0.21965317919075145,7600.0
 4     4    17   LYS 18   , 2     2   397   ASP 398  ,0.21676300578034682,7500.0
 3     3    87   GLU 88   , 0     0   686   LYS 687  ,0.20809248554913296,7200.0
 1     1   674   ARG 675  , 1     1   623   GLU 624  ,0.20520231213872833,7100.0
 3     3    87   GLU 88   , 0     0   720   LYS 721  ,0.20520231213872833,7100.0
 3     3   688   GLU 689  , 3     3   687   ARG 688  ,0.2023121387283237,7000.0
 2     2   721   GLU 722  , 2     2   717   ARG 718  ,0.2023121387283237,7000.0
 2     2   220   ASP 221  , 2     2   216   LYS 217  ,0.2023121387283237,7000.0
 0     0   563   ARG 564  , 0     0   538   ASP 539  ,0.2023121387283237,7000.0
 3     3   612   LYS 613  , 3     3   550   GLU 551  ,0.1994219653179191,6900.0
 0     0   149   LYS 150  , 0     0   141   ASP 142  ,0.19653179190751446,6800.0
 2     2   694   LYS 695  , 2     2   690   GLU 691  ,0.19653179190751446,6800.0
 2     2   179   LYS 180  , 2     2    95   GLU 96   ,0.1936416184971098,6699.999999999999
 2     2   182   ARG 183  , 2     2    26   ASP 27   ,0.18786127167630057,6500.0
 0     0   694   LYS 695  , 0     0   691   GLU 692  ,0.18497109826589594,6400.0
 2     2   681   LYS 682  , 2     2   605   GLU 606  ,0.18497109826589594,6400.0
 2     2   647   ASP 648  , 2     2   646   ARG 647  ,0.18497109826589594,6400.0
 3     3   698   GLU 699  , 3     3   694   LYS 695  ,0.18208092485549132,6300.0
 4     4    19   LYS 20   , 1     1   397   ASP 398  ,0.1791907514450867,6200.0
 1     1   689   GLU 690  , 1     1   686   LYS 687  ,0.17630057803468208,6100.0
 0     0   198   LYS 199  , 0     0   118   GLU 119  ,0.17630057803468208,6100.0
 3     3   651   LYS 652  , 3     3   647   ASP 648  ,0.17341040462427745,6000.0
 2     2   386   ARG 387  , 2     2   376   GLU 377  ,0.17052023121387283,5900.0
 3     3   694   LYS 695  , 3     3   690   GLU 691  ,0.1676300578034682,5800.0
 1     1   411   LYS 412  , 1     1   316   GLU 317  ,0.1676300578034682,5800.0
 1     1   329   ARG 330  , 1     1   306   ASP 307  ,0.16473988439306358,5700.0
 0     0   681   LYS 682  , 0     0   605   GLU 606  ,0.16473988439306358,5700.0
 0     0   654   GLU 655  , 0     0   651   LYS 652  ,0.16184971098265896,5600.0
 3     3   506   GLU 507  , 3     3   502   LYS 503  ,0.15895953757225434,5500.0
 3     3   640   ASP 641  , 3     3   546   LYS 547  ,0.15606936416184972,5400.0
 3     3   526   LYS 527  , 3     3   523   ASP 524  ,0.15028901734104047,5200.0
 0     0   185   GLU 186  , 0     0   173   LYS 174  ,0.15028901734104047,5200.0
 2     2   284   LYS 285  , 2     2   282   ASP 283  ,0.14739884393063585,5100.0
 2     2    83   ARG 84   , 2     2    38   ASP 39   ,0.14450867052023122,5000.0
 2     2   413   GLU 414  , 2     2   411   LYS 412  ,0.14450867052023122,5000.0
 1     1   182   ARG 183  , 1     1    95   GLU 96   ,0.13872832369942195,4799.999999999999
 1     1   526   LYS 527  , 1     1   523   ASP 524  ,0.13583815028901733,4700.0
 0     0   338   ARG 339  , 0     0   220   ASP 221  ,0.13583815028901733,4700.0
 3     3   198   LYS 199  , 3     3   118   GLU 119  ,0.1329479768786127,4600.0
 2     2   654   GLU 655  , 2     2   651   LYS 652  ,0.1329479768786127,4600.0
 1     1   555   ARG 556  , 1     1   550   GLU 551  ,0.13005780346820808,4500.0
 2     2   698   GLU 699  , 2     2   695   ARG 696  ,0.13005780346820808,4500.0
 3     3   647   ASP 648  , 3     3   645   LYS 646  ,0.13005780346820808,4500.0
 3     3   647   ASP 648  , 3     3   646   ARG 647  ,0.12716763005780346,4400.0
 2     2   496   LYS 497  , 2     2   493   ASP 494  ,0.12138728323699421,4200.0
 0     0   694   LYS 695  , 0     0   690   GLU 691  ,0.10982658959537572,3800.0
 3     3   720   LYS 721  , 3     3   698   GLU 699  ,0.1069364161849711,3700.0
 2     2   316   GLU 317  , 2     2   243   ARG 244  ,0.10404624277456648,3600.0
 3     3   717   ARG 718  , 3     3   698   GLU 699  ,0.10115606936416185,3500.0
 3     3   612   LYS 613  , 2     2    18   GLU 19   ,0.10115606936416185,3500.0
 2     2   526   LYS 527  , 2     2   523   ASP 524  ,0.10115606936416185,3500.0
 1     1   651   LYS 652  , 1     1   568   GLU 569  ,0.10115606936416185,3500.0
