 1     1  1242   ARG 521  , 1     1  1238   TRP 517  ,1.0,100100.0
 1     1  1054   ARG 333  , 1     1   982   PHE 261  ,1.0,100100.0
 2     2  1964   ARG 521  , 2     2  1928   TYR 485  ,1.0,100100.0
 4     4  2910   LYS 1023 , 3     3  2594   PHE 429  ,1.0,100100.0
 3     3  2498   ARG 333  , 3     3  2426   PHE 261  ,1.0,100100.0
 1     1  1368   ARG 647  , 1     1  1342   PHE 621  ,1.0,100100.0
 2     2  1776   ARG 333  , 2     2  1704   PHE 261  ,1.0,100100.0
 3     3  2711   ARG 546  , 3     3  2708   HIS 543  ,1.0,100100.0
 0     0   287   ARG 288  , 0     0   269   HIS 270  ,1.0,100100.0
 0     0   332   ARG 333  , 0     0   260   PHE 261  ,1.0,100100.0
 0     0   335   ARG 336  , 0     0   260   PHE 261  ,1.0,100100.0
 3     3  2729   ARG 564  , 0     0   582   HIS 583  ,1.0,100100.0
 1     1  1064   HIS 343  , 1     1   728   ARG 7    ,1.0,100100.0
 2     2  1779   ARG 336  , 2     2  1704   PHE 261  ,1.0,100100.0
 1     1  1057   ARG 336  , 1     1   982   PHE 261  ,1.0,100100.0
 1     1   778   ARG 57   , 1     1   765   TYR 44   ,0.999000999000999,100000.0
 1     1  1267   ARG 546  , 1     1  1264   HIS 543  ,0.999000999000999,100000.0
 2     2  1779   ARG 336  , 2     2  1738   TRP 295  ,0.999000999000999,100000.0
 4     4  2908   PHE 1021 , 4     4  2888   ARG 1001 ,0.997002997002997,99800.0
 3     3  2302   LYS 137  , 3     3  2273   TRP 108  ,0.997002997002997,99800.0
 3     3  2748   HIS 583  , 2     2  2007   ARG 564  ,0.995004995004995,99600.0
 3     3  2508   HIS 343  , 3     3  2173   ARG 8    ,0.994005994005994,99500.0
 0     0   342   HIS 343  , 0     0     6   ARG 7    ,0.991008991008991,99200.0
 3     3  2501   ARG 336  , 3     3  2426   PHE 261  ,0.991008991008991,99200.0
 2     2  1580   LYS 137  , 2     2  1551   TRP 108  ,0.987012987012987,98800.0
 3     3  2348   ARG 183  , 3     3  2344   HIS 179  ,0.984015984015984,98500.0
 2     2  1782   ARG 339  , 2     2  1663   TRP 220  ,0.983016983016983,98400.0
 3     3  2812   ARG 647  , 3     3  2786   PHE 621  ,0.978021978021978,97900.0
 4     4  2919   PHE 1032 , 4     4  2888   ARG 1001 ,0.975024975024975,97600.0
 4     4  2910   LYS 1023 , 0     0   438   PHE 439  ,0.974025974025974,97500.0
 1     1   858   LYS 137  , 1     1   829   TRP 108  ,0.972027972027972,97300.0
 2     2  1783   LYS 340  , 2     2  1665   TRP 222  ,0.97002997002997,97100.0
 0     0   182   ARG 183  , 0     0   178   HIS 179  ,0.97002997002997,97100.0
 1     1  1140   LYS 419  , 1     1  1134   TRP 413  ,0.964035964035964,96500.0
 0     0   103   ARG 104  , 0     0    99   TYR 100  ,0.958041958041958,95900.0
 3     3  2505   LYS 340  , 3     3  2377   HIS 212  ,0.955044955044955,95600.0
 1     1  1360   TYR 639  , 0     0     7   ARG 8    ,0.938061938061938,93900.0
 2     2  1500   ARG 57   , 2     2  1487   TYR 44   ,0.919080919080919,92000.0
 1     1  1068   TYR 347  , 1     1   728   ARG 7    ,0.9070929070929071,90800.0
 2     2  1786   HIS 343  , 2     2  1783   LYS 340  ,0.9000999000999002,90100.0
 3     3  2495   ARG 330  , 3     3  2471   TYR 306  ,0.8991008991008991,90000.0
 0     0   136   LYS 137  , 0     0   107   TRP 108  ,0.8881118881118881,88900.0
 3     3  2222   ARG 57   , 3     3  2209   TYR 44   ,0.8721278721278721,87300.0
 3     3  2504   ARG 339  , 3     3  2438   PHE 273  ,0.8711288711288712,87200.0
 1     1  1304   HIS 583  , 0     0   563   ARG 564  ,0.8661338661338661,86700.0
 2     2  1871   TYR 428  , 1     1  1171   LYS 450  ,0.8551448551448552,85600.0
 0     0    56   ARG 57   , 0     0    43   TYR 44   ,0.8551448551448552,85600.0
 0     0   182   ARG 183  , 0     0   135   PHE 136  ,0.8521478521478522,85300.0
 1     1   904   ARG 183  , 1     1   857   PHE 136  ,0.8341658341658341,83500.0
 1     1   825   ARG 104  , 1     1   821   TYR 100  ,0.7972027972027972,79800.0
 0     0   665   ARG 666  , 0     0   661   HIS 662  ,0.7972027972027972,79800.0
 0     0   287   ARG 288  , 0     0   268   PHE 269  ,0.7932067932067932,79400.0
 2     2  2090   ARG 647  , 2     2  2064   PHE 621  ,0.7892107892107892,79000.0
 3     3  2385   TRP 220  , 3     3  2382   LYS 217  ,0.7842157842157842,78500.0
 0     0   646   ARG 647  , 0     0   620   PHE 621  ,0.7722277722277723,77300.0
 3     3  2269   ARG 104  , 3     3  2265   TYR 100  ,0.7682317682317682,76900.0
 0     0   338   ARG 339  , 0     0   290   TYR 291  ,0.7522477522477522,75300.0
 1     1  1105   LYS 384  , 1     1  1100   PHE 379  ,0.7512487512487512,75200.0
 3     3  2508   HIS 343  , 3     3  2505   LYS 340  ,0.7312687312687313,73200.0
 2     2  2109   ARG 666  , 2     2  2105   HIS 662  ,0.7302697302697303,73100.0
 1     1  1433   ARG 712  , 1     1  1429   HIS 708  ,0.7282717282717283,72900.0
 2     2  2155   ARG 712  , 2     2  2151   HIS 708  ,0.7202797202797203,72100.0
 0     0   711   ARG 712  , 0     0   707   HIS 708  ,0.7192807192807192,72000.0
 1     1   941   TRP 220  , 1     1   938   LYS 217  ,0.7172827172827173,71800.0
 2     2  1731   ARG 288  , 2     2  1713   HIS 270  ,0.7142857142857143,71500.0
 0     0   178   HIS 179  , 0     0   173   LYS 174  ,0.7132867132867133,71400.0
 2     2  1779   ARG 336  , 2     2  1734   TYR 291  ,0.7092907092907093,71000.0
 0     0   545   ARG 546  , 0     0   542   HIS 543  ,0.7082917082917083,70900.0
 3     3  2267   LYS 102  , 3     3  2220   TYR 55   ,0.7032967032967034,70400.0
 1     1   823   LYS 102  , 1     1   776   TYR 55   ,0.6933066933066933,69400.0
 0     0   101   LYS 102  , 0     0    54   TYR 55   ,0.6893106893106893,69000.0
 2     2  1827   LYS 384  , 2     2  1822   PHE 379  ,0.6883116883116883,68900.0
 3     3  2882   PHE 717  , 3     3  2861   ARG 696  ,0.6853146853146853,68600.0
 1     1  1387   ARG 666  , 1     1  1383   HIS 662  ,0.6803196803196803,68100.0
 2     2  1786   HIS 343  , 2     2  1450   ARG 7    ,0.6733266733266733,67400.0
 4     4  2919   PHE 1032 , 4     4  2893   LYS 1006 ,0.6593406593406593,66000.0
 3     3  2509   TYR 344  , 3     3  2505   LYS 340  ,0.6523476523476524,65300.0
 3     3  2831   ARG 666  , 3     3  2827   HIS 662  ,0.6413586413586414,64200.00000000001
 0     0   326   LYS 327  , 0     0   322   PHE 323  ,0.6403596403596403,64100.0
 1     1  1439   ARG 718  , 1     1  1435   PHE 714  ,0.6393606393606394,64000.0
 2     2  1545   LYS 102  , 2     2  1498   TYR 55   ,0.6343656343656343,63499.99999999999
 3     3  2883   ARG 718  , 3     3  2879   PHE 714  ,0.6163836163836164,61700.0
 2     2  1547   ARG 104  , 2     2  1543   TYR 100  ,0.6103896103896104,61100.0
 0     0   329   ARG 330  , 0     0   305   TYR 306  ,0.6073926073926074,60800.0
 3     3  2877   ARG 712  , 3     3  2873   HIS 708  ,0.6013986013986014,60199.99999999999
 0     0   720   LYS 721  , 0     0   716   PHE 717  ,0.5774225774225774,57800.0
 0     0   717   ARG 718  , 0     0   713   PHE 714  ,0.5594405594405595,56000.00000000001
 2     2  2161   ARG 718  , 2     2  2157   PHE 714  ,0.5584415584415584,55900.0
 3     3  2568   TYR 403  , 3     3  2549   LYS 384  ,0.5554445554445554,55599.99999999999
 2     2  1989   ARG 546  , 2     2  1986   HIS 543  ,0.5484515484515484,54900.0
 3     3  2504   ARG 339  , 3     3  2456   TYR 291  ,0.5364635364635365,53700.00000000001
 0     0   342   HIS 343  , 0     0   339   LYS 340  ,0.5234765234765235,52400.00000000001
 2     2  2026   HIS 583  , 1     1  1285   ARG 564  ,0.5154845154845155,51600.0
 4     4  2908   PHE 1021 , 3     3  2615   LYS 450  ,0.5114885114885115,51200.0
 2     2  2082   TYR 639  , 1     1   729   ARG 8    ,0.4965034965034965,49700.0
 2     2  1663   TRP 220  , 2     2  1660   LYS 217  ,0.4835164835164835,48400.0
 0     0   679   PHE 680  , 0     0   676   ARG 677  ,0.4565434565434565,45700.0
 2     2  1451   ARG 8    , 0     0   498   TYR 499  ,0.45554445554445555,45600.0
 1     1  1442   LYS 721  , 1     1  1438   PHE 717  ,0.43956043956043955,44000.0
 3     3  2249   ARG 84   , 3     3  2205   TRP 40   ,0.43356643356643354,43400.0
 0     0   339   LYS 340  , 0     0   211   HIS 212  ,0.4225774225774226,42300.0
 0     0   418   LYS 419  , 0     0   370   TYR 371  ,0.4195804195804196,42000.0
 1     1  1303   TYR 582  , 0     0   533   LYS 534  ,0.41858141858141856,41900.0
 3     3  2682   TRP 517  , 2     2  1450   ARG 7    ,0.4125874125874126,41300.0
 1     1  1009   ARG 288  , 1     1   990   PHE 269  ,0.4125874125874126,41300.0
 3     3  2876   ARG 711  , 3     3  2873   HIS 708  ,0.41058941058941056,41100.0
 1     1  1295   HIS 574  , 0     0     7   ARG 8    ,0.4075924075924076,40800.0
 3     3  2658   ARG 493  , 3     3  2651   HIS 486  ,0.3966033966033966,39700.0
 3     3  2578   TRP 413  , 3     3  2549   LYS 384  ,0.3926073926073926,39300.0
 1     1  1432   ARG 711  , 1     1  1429   HIS 708  ,0.38161838161838163,38200.0
 2     2  2154   ARG 711  , 2     2  2151   HIS 708  ,0.3806193806193806,38100.0
 2     2  1626   ARG 183  , 2     2  1622   HIS 179  ,0.37662337662337664,37700.0
 1     1   805   ARG 84   , 1     1   761   TRP 40   ,0.37462537462537465,37500.0
 0     0   516   TRP 517  , 0     0   483   ARG 484  ,0.3726273726273726,37300.0
 4     4  2888   ARG 1001 , 3     3  2558   TYR 393  ,0.3626373626373626,36300.0
 2     2  1782   ARG 339  , 2     2  1734   TYR 291  ,0.35264735264735264,35300.0
 3     3  2505   LYS 340  , 3     3  2387   TRP 222  ,0.32167832167832167,32200.0
 3     3  2382   LYS 217  , 3     3  2377   HIS 212  ,0.3206793206793207,32100.000000000004
 3     3  2501   ARG 336  , 3     3  2456   TYR 291  ,0.3066933066933067,30700.0
 3     3  2686   ARG 521  , 3     3  2682   TRP 517  ,0.3046953046953047,30500.0
 2     2  1512   PHE 69   , 2     2  1506   LYS 63   ,0.2937062937062937,29400.0
 0     0    83   ARG 84   , 0     0    39   TRP 40   ,0.2887112887112887,28900.0
 3     3  2234   PHE 69   , 3     3  2228   LYS 63   ,0.2857142857142857,28600.0
 0     0    68   PHE 69   , 0     0    62   LYS 63   ,0.28471528471528473,28500.0
 0     0   383   LYS 384  , 0     0   378   PHE 379  ,0.2817182817182817,28200.0
 0     0   219   TRP 220  , 0     0   216   LYS 217  ,0.26573426573426573,26600.0
 2     2  1527   ARG 84   , 2     2  1483   TRP 40   ,0.26573426573426573,26600.0
 0     0   717   ARG 718  , 0     0   716   PHE 717  ,0.26373626373626374,26400.0
 1     1  1105   LYS 384  , 1     1  1097   TYR 376  ,0.26173826173826176,26200.000000000004
 0     0   370   TYR 371  , 0     0   241   LYS 242  ,0.26073926073926074,26100.0
 3     3  2800   ARG 635  , 2     2  1641   TYR 198  ,0.2547452547452547,25499.999999999996
 2     2  1731   ARG 288  , 2     2  1712   PHE 269  ,0.24275724275724275,24300.0
 1     1   790   PHE 69   , 1     1   784   LYS 63   ,0.24175824175824176,24200.0
 3     3  2453   ARG 288  , 3     3  2435   HIS 270  ,0.23876123876123875,23900.0
 3     3  2166   MET 1    , 0     0   516   TRP 517  ,0.23476523476523475,23500.0
 1     1  1134   TRP 413  , 1     1  1105   LYS 384  ,0.22877122877122877,22900.0
 0     0   212   TYR 213  , 0     0     7   ARG 8    ,0.22877122877122877,22900.0
 1     1  1344   LYS 623  , 1     1  1343   TRP 622  ,0.21978021978021978,22000.0
 0     0   338   ARG 339  , 0     0   294   TRP 295  ,0.21878121878121878,21900.0
 0     0   661   HIS 662  , 0     0   555   ARG 556  ,0.21578421578421578,21600.0
 1     1   902   HIS 181  , 1     1   901   LYS 180  ,0.2127872127872128,21300.0
 3     3  2664   TYR 499  , 2     2  1990   LYS 547  ,0.2127872127872128,21300.0
 3     3  2549   LYS 384  , 3     3  2544   PHE 379  ,0.2097902097902098,21000.0
 0     0   622   LYS 623  , 0     0   621   TRP 622  ,0.2007992007992008,20100.0
 0     0   713   PHE 714  , 0     0   710   ARG 711  ,0.1958041958041958,19600.0
 2     2  1855   LYS 412  , 2     2  1822   PHE 379  ,0.1928071928071928,19300.0
 2     2  2086   HIS 643  , 2     2  1990   LYS 547  ,0.18681318681318682,18700.0
 2     2  1660   LYS 217  , 2     2  1655   HIS 212  ,0.18281718281718282,18300.0
 2     2  1623   LYS 180  , 2     2  1579   PHE 136  ,0.18181818181818182,18200.0
 1     1   904   ARG 183  , 1     1   831   PHE 110  ,0.18081918081918083,18100.0
 2     2  1936   ARG 493  , 2     2  1929   HIS 486  ,0.17682317682317683,17700.0
 3     3  2883   ARG 718  , 3     3  2882   PHE 717  ,0.17682317682317683,17700.0
 2     2  1547   ARG 104  , 2     2  1498   TYR 55   ,0.17582417582417584,17600.0
 2     2  1992   PHE 549  , 2     2  1989   ARG 546  ,0.16583416583416583,16600.0
 2     2  2066   LYS 623  , 2     2  2065   TRP 622  ,0.16483516483516483,16500.0
 3     3  2344   HIS 179  , 3     3  2327   ARG 162  ,0.16383616383616384,16400.0
 2     2  2164   LYS 721  , 2     2  2160   PHE 717  ,0.16083916083916083,16100.0
 3     3  2699   LYS 534  , 0     0   581   TYR 582  ,0.14985014985014986,15000.0
 4     4  2914   ARG 1027 , 2     2  1836   TYR 393  ,0.14885114885114886,14900.000000000002
 3     3  2345   LYS 180  , 3     3  2275   PHE 110  ,0.14685314685314685,14700.0
 2     2  1862   LYS 419  , 2     2  1680   TYR 237  ,0.14385614385614387,14400.000000000002
 3     3  2788   LYS 623  , 3     3  2787   TRP 622  ,0.14385614385614387,14400.000000000002
 0     0   211   HIS 212  , 0     0     6   ARG 7    ,0.14285714285714285,14300.0
 1     1  1140   LYS 419  , 1     1   962   PHE 241  ,0.14085914085914086,14100.0
 1     1  1057   ARG 336  , 1     1  1012   TYR 291  ,0.13586413586413587,13600.0
 2     2  2160   PHE 717  , 2     2  2159   ARG 716  ,0.13586413586413587,13600.0
 1     1  1133   LYS 412  , 1     1  1097   TYR 376  ,0.13186813186813187,13200.0
 1     1  1126   PHE 405  , 1     1  1105   LYS 384  ,0.12887112887112886,12900.0
 1     1  1377   PHE 656  , 1     1  1373   LYS 652  ,0.12787212787212787,12800.0
 2     2  1560   ARG 117  , 2     2  1533   TYR 90   ,0.1258741258741259,12600.000000000002
 1     1  1439   ARG 718  , 1     1  1438   PHE 717  ,0.1258741258741259,12600.000000000002
 0     0   418   LYS 419  , 0     0   240   PHE 241  ,0.12287712287712288,12300.0
 3     3  2505   LYS 340  , 3     3  2378   TYR 213  ,0.12187812187812187,12200.0
 3     3  2804   TYR 639  , 2     2  1451   ARG 8    ,0.11788211788211789,11800.0
 1     1   869   TRP 148  , 1     1   867   LYS 146  ,0.11688311688311688,11700.0
 2     2  1599   ARG 156  , 2     2  1591   TRP 148  ,0.11588411588411589,11600.0
 2     2  2025   TYR 582  , 1     1  1255   LYS 534  ,0.11388611388611389,11400.0
 0     0   322   PHE 323  , 0     0   243   ARG 244  ,0.11188811188811189,11200.0
 0     0   180   HIS 181  , 0     0   179   LYS 180  ,0.10989010989010989,11000.0
 1     1   901   LYS 180  , 1     1   900   HIS 179  ,0.10989010989010989,11000.0
 1     1   825   ARG 104  , 1     1   776   TYR 55   ,0.1038961038961039,10400.0
