 0     0   390   TRP 391  , 0     0   369   TRP 370  ,1.0,100100.0
 2     2  1834   TRP 391  , 2     2  1813   TRP 370  ,1.0,100100.0
 3     3  2556   TRP 391  , 3     3  2535   TRP 370  ,1.0,100100.0
 3     3  2594   PHE 429  , 3     3  2535   TRP 370  ,1.0,100100.0
 3     3  2291   PHE 126  , 3     3  2252   PHE 87   ,0.999000999000999,100000.0
 1     1  1238   TRP 517  , 1     1  1206   TYR 485  ,0.999000999000999,100000.0
 0     0   125   PHE 126  , 0     0    86   PHE 87   ,0.999000999000999,100000.0
 1     1   847   PHE 126  , 1     1   808   PHE 87   ,0.998001998001998,99900.0
 2     2  1569   PHE 126  , 2     2  1530   PHE 87   ,0.995004995004995,99600.0
 1     1  1368   ARG 647  , 1     1  1342   PHE 621  ,0.995004995004995,99600.0
 2     2  1779   ARG 336  , 2     2  1704   PHE 261  ,0.995004995004995,99600.0
 1     1  1276   PHE 555  , 1     1  1270   PHE 549  ,0.99000999000999,99100.0
 1     1  1150   PHE 429  , 1     1  1091   TRP 370  ,0.99000999000999,99100.0
 0     0   422   TYR 423  , 0     0   240   PHE 241  ,0.989010989010989,99000.0
 0     0   428   PHE 429  , 0     0   369   TRP 370  ,0.989010989010989,99000.0
 2     2  1776   ARG 333  , 2     2  1704   PHE 261  ,0.987012987012987,98800.0
 0     0   335   ARG 336  , 0     0   260   PHE 261  ,0.985014985014985,98600.0
 3     3  2498   ARG 333  , 3     3  2426   PHE 261  ,0.978021978021978,97900.0
 2     2  1911   PHE 468  , 2     2  1907   TYR 464  ,0.978021978021978,97900.0
 1     1  1054   ARG 333  , 1     1   982   PHE 261  ,0.977022977022977,97800.0
 3     3  2578   TRP 413  , 3     3  2570   PHE 405  ,0.975024975024975,97600.0
 3     3  2829   PHE 664  , 3     3  2720   PHE 555  ,0.971028971028971,97200.0
 2     2  1872   PHE 429  , 2     2  1813   TRP 370  ,0.962037962037962,96300.0
 2     2  1964   ARG 521  , 2     2  1928   TYR 485  ,0.9560439560439561,95700.0
 1     1  1242   ARG 521  , 1     1  1238   TRP 517  ,0.9530469530469531,95400.0
 3     3  2456   TYR 291  , 3     3  2434   PHE 269  ,0.9530469530469531,95400.0
 0     0   663   PHE 664  , 0     0   621   TRP 622  ,0.952047952047952,95300.0
 3     3  2234   PHE 69   , 3     3  2220   TYR 55   ,0.952047952047952,95300.0
 3     3  2729   ARG 564  , 0     0   582   HIS 583  ,0.948051948051948,94900.0
 3     3  2536   TYR 371  , 3     3  2406   PHE 241  ,0.948051948051948,94900.0
 2     2  1512   PHE 69   , 2     2  1498   TYR 55   ,0.945054945054945,94600.0
 3     3  2711   ARG 546  , 3     3  2708   HIS 543  ,0.9400599400599401,94100.0
 3     3  2344   HIS 179  , 3     3  2301   PHE 136  ,0.939060939060939,94000.0
 0     0   656   TYR 657  , 0     0   655   PHE 656  ,0.936063936063936,93700.0
 2     2  1776   ARG 333  , 2     2  1773   ARG 330  ,0.9300699300699301,93100.0
 1     1   790   PHE 69   , 1     1   776   TYR 55   ,0.9270729270729271,92800.0
 1     1  1385   PHE 664  , 1     1  1276   PHE 555  ,0.9230769230769231,92400.0
 1     1  1144   TYR 423  , 1     1   958   TYR 237  ,0.922077922077922,92300.0
 1     1   962   PHE 241  , 1     1   958   TYR 237  ,0.919080919080919,92000.0
 2     2  1866   TYR 423  , 2     2  1680   TYR 237  ,0.9090909090909091,91000.0
 0     0   516   TRP 517  , 0     0   484   TYR 485  ,0.9090909090909091,91000.0
 1     1  1267   ARG 546  , 1     1  1264   HIS 543  ,0.9010989010989011,90200.0
 2     2  1866   TYR 423  , 2     2  1684   PHE 241  ,0.9010989010989011,90200.0
 0     0   129   PHE 130  , 0     0    48   PHE 49   ,0.8981018981018981,89900.0
 0     0   412   TRP 413  , 0     0   404   PHE 405  ,0.8931068931068931,89400.0
 0     0   554   PHE 555  , 0     0   548   PHE 549  ,0.8861138861138861,88700.0
 3     3  2822   TYR 657  , 3     3  2821   PHE 656  ,0.8841158841158842,88500.0
 0     0   467   PHE 468  , 0     0   463   TYR 464  ,0.8821178821178821,88300.0
 0     0    68   PHE 69   , 0     0    54   TYR 55   ,0.8791208791208791,88000.0
 2     2  2036   PHE 593  , 2     2  1995   HIS 552  ,0.8721278721278721,87300.0
 3     3  2748   HIS 583  , 2     2  2007   ARG 564  ,0.8661338661338661,86700.0
 2     2  1766   PHE 323  , 2     2  1749   TYR 306  ,0.8601398601398601,86100.0
 0     0   103   ARG 104  , 0     0    99   TYR 100  ,0.8591408591408591,86000.0
 2     2  1856   TRP 413  , 2     2  1848   PHE 405  ,0.8511488511488512,85200.0
 0     0   182   ARG 183  , 0     0   178   HIS 179  ,0.8491508491508492,85000.0
 1     1   778   ARG 57   , 1     1   765   TYR 44   ,0.8481518481518482,84900.0
 2     2  2100   TYR 657  , 2     2  2099   PHE 656  ,0.8481518481518482,84900.0
 0     0   343   TYR 344  , 0     0   221   TRP 222  ,0.8461538461538461,84700.0
 1     1  1291   PHE 570  , 1     1  1270   PHE 549  ,0.8451548451548452,84600.0
 3     3  2508   HIS 343  , 3     3  2173   ARG 8    ,0.8341658341658341,83500.0
 1     1   919   TYR 198  , 1     1   738   PHE 17   ,0.8301698301698301,83100.0
 0     0   592   PHE 593  , 0     0   551   HIS 552  ,0.8241758241758241,82500.0
 3     3  2735   PHE 570  , 3     3  2714   PHE 549  ,0.8141858141858141,81500.0
 2     2  1573   PHE 130  , 2     2  1492   PHE 49   ,0.8051948051948052,80600.0
 2     2  2107   PHE 664  , 2     2  2065   TRP 622  ,0.7982017982017982,79900.0
 0     0   332   ARG 333  , 0     0   260   PHE 261  ,0.7972027972027972,79800.0
 3     3  2378   TYR 213  , 3     3  2377   HIS 212  ,0.7962037962037962,79700.0
 2     2  1998   PHE 555  , 2     2  1992   PHE 549  ,0.7882117882117882,78900.0
 1     1  1304   HIS 583  , 0     0   563   ARG 564  ,0.7842157842157842,78500.0
 1     1   851   PHE 130  , 1     1   770   PHE 49   ,0.7802197802197802,78100.0
 3     3  2295   PHE 130  , 3     3  2214   PHE 49   ,0.7732267732267732,77400.0
 3     3  2461   PHE 296  , 3     3  2434   PHE 269  ,0.7702297702297702,77100.0
 3     3  2495   ARG 330  , 3     3  2471   TYR 306  ,0.7612387612387612,76200.0
 3     3  2588   TYR 423  , 3     3  2402   TYR 237  ,0.7562437562437563,75700.0
 3     3  2291   PHE 126  , 3     3  2205   TRP 40   ,0.7532467532467533,75400.0
 0     0   125   PHE 126  , 0     0    39   TRP 40   ,0.7532467532467533,75400.0
 2     2  1500   ARG 57   , 2     2  1487   TYR 44   ,0.7512487512487512,75200.0
 1     1  1207   HIS 486  , 1     1  1206   TYR 485  ,0.7442557442557443,74500.0
 1     1  1092   TYR 371  , 1     1   962   PHE 241  ,0.7402597402597403,74100.0
 0     0   332   ARG 333  , 0     0   329   ARG 330  ,0.7362637362637363,73700.0
 3     3  2252   PHE 87   , 3     3  2205   TRP 40   ,0.7282717282717283,72900.0
 4     4  2919   PHE 1032 , 4     4  2888   ARG 1001 ,0.7222777222777222,72300.0
 3     3  2588   TYR 423  , 3     3  2406   PHE 241  ,0.7182817182817183,71900.0
 2     2  1530   PHE 87   , 2     2  1483   TRP 40   ,0.7152847152847153,71600.0
 0     0   422   TYR 423  , 0     0   236   TYR 237  ,0.7122877122877123,71300.0
 0     0    56   ARG 57   , 0     0    43   TYR 44   ,0.7092907092907093,71000.0
 3     3  2682   TRP 517  , 3     3  2650   TYR 485  ,0.7082917082917083,70900.0
 1     1  1378   TYR 657  , 1     1  1377   PHE 656  ,0.7032967032967034,70400.0
 1     1   808   PHE 87   , 1     1   761   TRP 40   ,0.6983016983016983,69900.0
 0     0   212   TYR 213  , 0     0   211   HIS 212  ,0.6923076923076923,69300.0
 0     0   621   TRP 622  , 0     0   620   PHE 621  ,0.6833166833166833,68400.0
 0     0   269   HIS 270  , 0     0   268   PHE 269  ,0.6753246753246753,67600.0
 2     2  1569   PHE 126  , 2     2  1483   TRP 40   ,0.6663336663336663,66700.0
 3     3  2633   PHE 468  , 0     0   467   PHE 468  ,0.6633366633366633,66400.0
 1     1   825   ARG 104  , 1     1   821   TYR 100  ,0.6573426573426573,65800.0
 3     3  2269   ARG 104  , 3     3  2265   TYR 100  ,0.6513486513486514,65200.00000000001
 2     2  1911   PHE 468  , 1     1  1189   PHE 468  ,0.6503496503496503,65099.99999999999
 3     3  2720   PHE 555  , 3     3  2714   PHE 549  ,0.6453546453546454,64600.0
 1     1   847   PHE 126  , 1     1   761   TRP 40   ,0.6423576423576424,64300.0
 1     1  1314   PHE 593  , 1     1  1273   HIS 552  ,0.6343656343656343,63499.99999999999
 1     1  1134   TRP 413  , 1     1  1124   TYR 403  ,0.6263736263736264,62700.0
 0     0    86   PHE 87   , 0     0    39   TRP 40   ,0.6253746253746254,62600.0
 1     1  1057   ARG 336  , 1     1   982   PHE 261  ,0.6203796203796204,62100.0
 0     0   370   TYR 371  , 0     0   240   PHE 241  ,0.6183816183816184,61900.00000000001
 1     1  1189   PHE 468  , 1     1  1185   TYR 464  ,0.6033966033966034,60400.0
 3     3  2501   ARG 336  , 3     3  2426   PHE 261  ,0.5954045954045954,59600.00000000001
 3     3  2758   PHE 593  , 3     3  2717   HIS 552  ,0.5874125874125874,58800.0
 0     0   287   ARG 288  , 0     0   268   PHE 269  ,0.5874125874125874,58800.0
 3     3  2882   PHE 717  , 3     3  2861   ARG 696  ,0.5844155844155844,58500.0
 1     1  1144   TYR 423  , 1     1  1085   HIS 364  ,0.5824175824175825,58300.00000000001
 3     3  2812   ARG 647  , 3     3  2786   PHE 621  ,0.5764235764235764,57700.0
 3     3  2222   ARG 57   , 3     3  2209   TYR 44   ,0.5734265734265734,57400.0
 1     1  1112   TRP 391  , 1     1  1091   TRP 370  ,0.5694305694305695,57000.0
 2     2  1929   HIS 486  , 1     1  1068   TYR 347  ,0.5694305694305695,57000.0
 3     3  2512   TYR 347  , 0     0   485   HIS 486  ,0.5664335664335665,56700.0
 1     1  1220   TYR 499  , 1     1  1216   PHE 495  ,0.5654345654345654,56599.99999999999
 1     1  1134   TRP 413  , 1     1  1100   PHE 379  ,0.5634365634365635,56400.0
 3     3  2633   PHE 468  , 1     1  1189   PHE 468  ,0.5604395604395604,56100.0
 0     0   665   ARG 666  , 0     0   661   HIS 662  ,0.5594405594405595,56000.00000000001
 0     0   295   PHE 296  , 0     0   290   TYR 291  ,0.5494505494505495,55000.00000000001
 2     2  1814   TYR 371  , 2     2  1684   PHE 241  ,0.5414585414585414,54200.0
 0     0   338   ARG 339  , 0     0   335   ARG 336  ,0.5374625374625375,53800.0
 1     1  1437   ARG 716  , 1     1  1433   ARG 712  ,0.5334665334665335,53400.0
 1     1  1238   TRP 517  , 1     1  1207   HIS 486  ,0.5294705294705294,52999.99999999999
 0     0   545   ARG 546  , 0     0   542   HIS 543  ,0.5194805194805194,51999.99999999999
 0     0   342   HIS 343  , 0     0     6   ARG 7    ,0.5184815184815185,51900.0
 2     2  1911   PHE 468  , 1     1  1185   TYR 464  ,0.48951048951048953,49000.0
 3     3  2686   ARG 521  , 2     2  1450   ARG 7    ,0.48951048951048953,49000.0
 0     0   342   HIS 343  , 0     0   221   TRP 222  ,0.4855144855144855,48600.0
 2     2  1922   TYR 479  , 2     2  1918   PHE 475  ,0.4785214785214785,47900.0
 2     2  1547   ARG 104  , 2     2  1543   TYR 100  ,0.4725274725274725,47300.0
 3     3  2504   ARG 339  , 3     3  2438   PHE 273  ,0.45054945054945056,45100.0
 0     0   363   HIS 364  , 0     0   240   PHE 241  ,0.43956043956043955,44000.0
 3     3  2664   TYR 499  , 3     3  2660   PHE 495  ,0.43456543456543456,43500.0
 2     2  1942   TYR 499  , 2     2  1938   PHE 495  ,0.4145854145854146,41500.0
 1     1  1385   PHE 664  , 1     1  1381   PHE 660  ,0.4115884115884116,41200.0
 2     2  2082   TYR 639  , 1     1   729   ARG 8    ,0.40559440559440557,40600.0
 2     2  1786   HIS 343  , 2     2  1450   ARG 7    ,0.4045954045954046,40500.0
 1     1  1124   TYR 403  , 1     1  1100   PHE 379  ,0.4035964035964036,40400.0
 3     3  2295   PHE 130  , 3     3  2274   PHE 109  ,0.4035964035964036,40400.0
 2     2  1739   PHE 296  , 2     2  1712   PHE 269  ,0.3926073926073926,39300.0
 1     1  1360   TYR 639  , 0     0     7   ARG 8    ,0.3866133866133866,38700.0
 2     2  1656   TYR 213  , 2     2  1655   HIS 212  ,0.3756243756243756,37600.0
 2     2  2107   PHE 664  , 2     2  1998   PHE 555  ,0.37462537462537465,37500.0
 2     2  2109   ARG 666  , 2     2  2105   HIS 662  ,0.3696303696303696,37000.0
 0     0   498   TYR 499  , 0     0   494   PHE 495  ,0.35764235764235763,35800.0
 1     1  1387   ARG 666  , 1     1  1383   HIS 662  ,0.35364635364635366,35400.0
 3     3  2509   TYR 344  , 3     3  2387   TRP 222  ,0.34165834165834164,34200.0
 3     3  2363   TYR 198  , 3     3  2182   PHE 17   ,0.33966033966033965,34000.0
 0     0   569   PHE 570  , 0     0   548   PHE 549  ,0.33466533466533466,33500.0
 0     0   663   PHE 664  , 0     0   554   PHE 555  ,0.31868131868131866,31899.999999999996
 0     0   287   ARG 288  , 0     0   269   HIS 270  ,0.3126873126873127,31300.0
 2     2  1622   HIS 179  , 2     2  1579   PHE 136  ,0.3046953046953047,30500.0
 2     2  2065   TRP 622  , 2     2  2064   PHE 621  ,0.3026973026973027,30300.000000000004
 0     0   679   PHE 680  , 0     0   676   ARG 677  ,0.2987012987012987,29900.0
 3     3  2406   PHE 241  , 3     3  2402   TYR 237  ,0.2807192807192807,28100.0
 1     1  1207   HIS 486  , 0     0   346   TYR 347  ,0.27972027972027974,28000.000000000004
 1     1  1189   PHE 468  , 0     0   467   PHE 468  ,0.2757242757242757,27600.0
 2     2  1573   PHE 130  , 2     2  1552   PHE 109  ,0.27472527472527475,27500.000000000004
 3     3  2831   ARG 666  , 3     3  2827   HIS 662  ,0.26073926073926074,26100.0
 1     1  1295   HIS 574  , 0     0     7   ARG 8    ,0.25574425574425574,25600.0
 2     2  2161   ARG 718  , 2     2  2157   PHE 714  ,0.25374625374625376,25400.0
 0     0   329   ARG 330  , 0     0   305   TYR 306  ,0.25074925074925075,25100.0
 2     2  1734   TYR 291  , 2     2  1712   PHE 269  ,0.24775224775224775,24800.0
 1     1   877   ARG 156  , 1     1   874   ARG 153  ,0.24575424575424576,24600.0
 1     1  1295   HIS 574  , 1     1  1233   TYR 512  ,0.24375624375624375,24400.0
 3     3  2758   PHE 593  , 3     3  2720   PHE 555  ,0.24175824175824176,24200.0
 3     3  2877   ARG 712  , 3     3  2873   HIS 708  ,0.24175824175824176,24200.0
 3     3  2739   HIS 574  , 3     3  2677   TYR 512  ,0.23376623376623376,23400.0
 1     1  1433   ARG 712  , 1     1  1409   ARG 688  ,0.23376623376623376,23400.0
 0     0   485   HIS 486  , 0     0   484   TYR 485  ,0.22877122877122877,22900.0
 3     3  2504   ARG 339  , 3     3  2456   TYR 291  ,0.22677322677322678,22700.0
 2     2  1451   ARG 8    , 0     0   498   TYR 499  ,0.22477522477522477,22500.0
 0     0   269   HIS 270  , 0     0   207   HIS 208  ,0.22477522477522477,22500.0
 3     3  2883   ARG 718  , 3     3  2879   PHE 714  ,0.2217782217782218,22200.0
 0     0   290   TYR 291  , 0     0   268   PHE 269  ,0.21978021978021978,22000.0
 2     2  2013   PHE 570  , 2     2  1992   PHE 549  ,0.2177822177822178,21800.0
 3     3  2720   PHE 555  , 3     3  2717   HIS 552  ,0.21578421578421578,21600.0
 0     0   295   PHE 296  , 0     0   268   PHE 269  ,0.21478521478521478,21500.0
 1     1  1314   PHE 593  , 1     1  1276   PHE 555  ,0.2097902097902098,21000.0
 0     0   412   TRP 413  , 0     0   378   PHE 379  ,0.2097902097902098,21000.0
 1     1   902   HIS 181  , 1     1   900   HIS 179  ,0.2057942057942058,20600.0
 1     1  1012   TYR 291  , 1     1   990   PHE 269  ,0.19480519480519481,19500.0
 0     0   516   TRP 517  , 0     0   483   ARG 484  ,0.18681318681318682,18700.0
 4     4  2901   PHE 1014 , 4     4  2898   TYR 1011 ,0.18181818181818182,18200.0
 1     1  1433   ARG 712  , 1     1  1429   HIS 708  ,0.18181818181818182,18200.0
 0     0   343   TYR 344  , 0     0   342   HIS 343  ,0.1798201798201798,18000.0
 0     0   646   ARG 647  , 0     0   620   PHE 621  ,0.17782217782217782,17800.0
 0     0   711   ARG 712  , 0     0   707   HIS 708  ,0.17682317682317683,17700.0
 1     1  1276   PHE 555  , 1     1  1273   HIS 552  ,0.17082917082917082,17100.0
 3     3  2629   TYR 464  , 0     0   467   PHE 468  ,0.16883116883116883,16900.0
 3     3  2508   HIS 343  , 3     3  2377   HIS 212  ,0.16583416583416583,16600.0
 0     0   150   PHE 151  , 0     0   147   TRP 148  ,0.16383616383616384,16400.0
 0     0   129   PHE 130  , 0     0   108   PHE 109  ,0.16083916083916083,16100.0
 2     2  2090   ARG 647  , 2     2  2064   PHE 621  ,0.16083916083916083,16100.0
 1     1  1065   TYR 344  , 1     1  1064   HIS 343  ,0.15984015984015984,16000.0
 2     2  1594   PHE 151  , 2     2  1591   TRP 148  ,0.15684315684315683,15699.999999999998
 3     3  2876   ARG 711  , 3     3  2873   HIS 708  ,0.15584415584415584,15600.0
 3     3  2249   ARG 84   , 3     3  2205   TRP 40   ,0.15384615384615385,15400.0
 3     3  2804   TYR 639  , 3     3  2739   HIS 574  ,0.14985014985014986,15000.0
 1     1  1173   PHE 452  , 1     1  1091   TRP 370  ,0.14185814185814186,14200.0
 2     2  2036   PHE 593  , 2     2  1998   PHE 555  ,0.13886113886113885,13899.999999999998
 2     2  1782   ARG 339  , 2     2  1779   ARG 336  ,0.13786213786213786,13800.0
 1     1  1065   TYR 344  , 1     1   943   TRP 222  ,0.13586413586413587,13600.0
 0     0   182   ARG 183  , 0     0   135   PHE 136  ,0.12787212787212787,12800.0
 2     2  1882   PHE 439  , 1     1  1150   PHE 429  ,0.12687312687312688,12700.0
 1     1  1144   TYR 423  , 1     1  1092   TYR 371  ,0.12687312687312688,12700.0
 2     2  2086   HIS 643  , 2     2  2013   PHE 570  ,0.12487512487512488,12500.0
 0     0   178   HIS 179  , 0     0   135   PHE 136  ,0.12287712287712288,12300.0
 3     3  2501   ARG 336  , 3     3  2456   TYR 291  ,0.12287712287712288,12300.0
 1     1   851   PHE 130  , 1     1   830   PHE 109  ,0.12087912087912088,12100.0
 3     3  2881   ARG 716  , 3     3  2861   ARG 696  ,0.12087912087912088,12100.0
 2     2  2026   HIS 583  , 1     1  1285   ARG 564  ,0.11988011988011989,12000.0
 1     1  1432   ARG 711  , 1     1  1429   HIS 708  ,0.11888111888111888,11900.0
 0     0   402   TYR 403  , 0     0   378   PHE 379  ,0.11888111888111888,11900.0
 3     3  2348   ARG 183  , 3     3  2327   ARG 162  ,0.11788211788211789,11800.0
 3     3  2348   ARG 183  , 3     3  2344   HIS 179  ,0.11688311688311688,11700.0
 2     2  2155   ARG 712  , 2     2  2151   HIS 708  ,0.11588411588411589,11600.0
 3     3  2682   TRP 517  , 2     2  1450   ARG 7    ,0.11388611388611389,11400.0
 3     3  2883   ARG 718  , 3     3  2882   PHE 717  ,0.11288711288711288,11300.0
 1     1   904   ARG 183  , 1     1   857   PHE 136  ,0.11288711288711288,11300.0
 3     3  2461   PHE 296  , 3     3  2456   TYR 291  ,0.1108891108891109,11100.0
 3     3  2787   TRP 622  , 3     3  2786   PHE 621  ,0.1108891108891109,11100.0
 3     3  2686   ARG 521  , 3     3  2682   TRP 517  ,0.1088911088911089,10900.0
 2     2  1989   ARG 546  , 2     2  1986   HIS 543  ,0.1088911088911089,10900.0
 2     2  1684   PHE 241  , 2     2  1680   TYR 237  ,0.10789210789210789,10800.0
 1     1  1439   ARG 718  , 1     1  1435   PHE 714  ,0.1068931068931069,10700.0
 4     4  2888   ARG 1001 , 3     3  2558   TYR 393  ,0.10589410589410589,10600.0
 2     2  1693   TRP 250  , 2     2  1680   TYR 237  ,0.1038961038961039,10400.0
 0     0   713   PHE 714  , 0     0   710   ARG 711  ,0.1008991008991009,10100.0
