 2     2  2058   ASP 615  , 1     1   778   ARG 57   ,1.0,100100.0
 1     1   914   ASP 193  , 1     1   745   ARG 24   ,1.0,100100.0
 0     0   338   ARG 339  , 0     0   263   ASP 264  ,1.0,100100.0
 3     3  2501   ARG 336  , 3     3  2429   ASP 264  ,1.0,100100.0
 3     3  2501   ARG 336  , 3     3  2464   ASP 299  ,1.0,100100.0
 1     1   942   ASP 221  , 1     1   938   LYS 217  ,1.0,100100.0
 2     2  1776   ARG 333  , 2     2  1701   ASP 258  ,1.0,100100.0
 0     0   345   GLU 346  , 0     0     6   ARG 7    ,1.0,100100.0
 3     3  2840   ARG 675  , 3     3  2784   ASP 619  ,1.0,100100.0
 1     1  1336   ASP 615  , 0     0    56   ARG 57   ,1.0,100100.0
 2     2  1773   ARG 330  , 2     2  1697   ASP 254  ,1.0,100100.0
 2     2  1773   ARG 330  , 2     2  1701   ASP 258  ,1.0,100100.0
 0     0   688   GLU 689  , 0     0   680   ARG 681  ,1.0,100100.0
 2     2  2007   ARG 564  , 2     2  1978   ASP 535  ,1.0,100100.0
 3     3  2780   ASP 615  , 2     2  1500   ARG 57   ,1.0,100100.0
 2     2  1964   ARG 521  , 1     1  1067   GLU 346  ,1.0,100100.0
 3     3  2751   GLU 586  , 2     2  2007   ARG 564  ,1.0,100100.0
 0     0   674   ARG 675  , 0     0   618   ASP 619  ,1.0,100100.0
 3     3  2498   ARG 333  , 3     3  2423   ASP 258  ,1.0,100100.0
 0     0   335   ARG 336  , 0     0   298   ASP 299  ,1.0,100100.0
 0     0   335   ARG 336  , 0     0   263   ASP 264  ,1.0,100100.0
 0     0   332   ARG 333  , 0     0   257   ASP 258  ,1.0,100100.0
 1     1  1356   ARG 635  , 1     1  1321   GLU 600  ,1.0,100100.0
 3     3  2318   ARG 153  , 3     3  2308   ASP 143  ,1.0,100100.0
 1     1  1406   ASP 685  , 1     1  1402   ARG 681  ,1.0,100100.0
 1     1  1057   ARG 336  , 1     1  1020   ASP 299  ,1.0,100100.0
 1     1  1057   ARG 336  , 1     1   985   ASP 264  ,1.0,100100.0
 3     3  2386   ASP 221  , 3     3  2382   LYS 217  ,1.0,100100.0
 1     1  1054   ARG 333  , 1     1   979   ASP 258  ,1.0,100100.0
 2     2  1779   ARG 336  , 2     2  1742   ASP 299  ,1.0,100100.0
 1     1  1051   ARG 330  , 1     1   979   ASP 258  ,1.0,100100.0
 0     0   220   ASP 221  , 0     0   216   LYS 217  ,1.0,100100.0
 1     1  1048   LYS 327  , 1     1  1028   ASP 307  ,1.0,100100.0
 0     0   329   ARG 330  , 0     0   257   ASP 258  ,1.0,100100.0
 2     2  1930   GLU 487  , 1     1  1205   ARG 484  ,1.0,100100.0
 2     2  1779   ARG 336  , 2     2  1707   ASP 264  ,1.0,100100.0
 3     3  2495   ARG 330  , 3     3  2423   ASP 258  ,1.0,100100.0
 2     2  1770   LYS 327  , 2     2  1750   ASP 307  ,1.0,100100.0
 2     2  2128   ASP 685  , 2     2  2124   ARG 681  ,0.999000999000999,100000.0
 1     1  1410   GLU 689  , 1     1  1402   ARG 681  ,0.999000999000999,100000.0
 2     2  1782   ARG 339  , 2     2  1707   ASP 264  ,0.999000999000999,100000.0
 0     0   338   ARG 339  , 0     0   298   ASP 299  ,0.999000999000999,100000.0
 3     3  2850   ASP 685  , 3     3  2846   ARG 681  ,0.999000999000999,100000.0
 0     0   341   ASP 342  , 0     0     6   ARG 7    ,0.999000999000999,100000.0
 3     3  2854   GLU 689  , 3     3  2846   ARG 681  ,0.998001998001998,99900.0
 1     1  1300   ASP 579  , 1     1  1229   ARG 508  ,0.998001998001998,99900.0
 4     4  2907   ARG 1020 , 4     4  2891   ASP 1004 ,0.998001998001998,99900.0
 2     2  1664   ASP 221  , 2     2  1660   LYS 217  ,0.998001998001998,99900.0
 2     2  1782   ARG 339  , 2     2  1664   ASP 221  ,0.998001998001998,99900.0
 0     0   684   ASP 685  , 0     0   680   ARG 681  ,0.997002997002997,99800.0
 1     1  1242   ARG 521  , 0     0   345   GLU 346  ,0.997002997002997,99800.0
 0     0   634   ARG 635  , 0     0   599   GLU 600  ,0.997002997002997,99800.0
 0     0   386   ARG 387  , 0     0   376   GLU 377  ,0.996003996003996,99700.0
 1     1  1242   ARG 521  , 0     0   341   ASP 342  ,0.996003996003996,99700.0
 1     1  1285   ARG 564  , 1     1  1281   ASP 560  ,0.995004995004995,99600.0
 3     3  2729   ARG 564  , 3     3  2700   ASP 535  ,0.995004995004995,99600.0
 3     3  2800   ARG 635  , 3     3  2765   GLU 600  ,0.994005994005994,99500.0
 2     2  1545   LYS 102  , 2     2  1502   GLU 59   ,0.994005994005994,99500.0
 2     2  1937   ASP 494  , 0     0     0   MET 1    ,0.993006993006993,99400.0
 1     1  1396   ARG 675  , 1     1  1340   ASP 619  ,0.9920079920079921,99300.0
 0     0   674   ARG 675  , 0     0   623   GLU 624  ,0.991008991008991,99200.0
 1     1  1051   ARG 330  , 1     1   975   ASP 254  ,0.991008991008991,99200.0
 2     2  2007   ARG 564  , 2     2  1982   ASP 539  ,0.989010989010989,99000.0
 3     3  2507   ASP 342  , 3     3  2173   ARG 8    ,0.989010989010989,99000.0
 1     1  1063   ASP 342  , 1     1  1060   ARG 339  ,0.988011988011988,98900.0
 1     1   805   ARG 84   , 1     1   802   GLU 81   ,0.986013986013986,98700.0
 3     3  2495   ARG 330  , 3     3  2472   ASP 307  ,0.986013986013986,98700.0
 1     1   823   LYS 102  , 1     1   780   GLU 59   ,0.985014985014985,98600.0
 1     1  1307   GLU 586  , 0     0   563   ARG 564  ,0.984015984015984,98500.0
 3     3  2649   ARG 484  , 0     0   486   GLU 487  ,0.983016983016983,98400.0
 2     2  2131   ARG 688  , 2     2  2128   ASP 685  ,0.9760239760239761,97700.0
 2     2  2132   GLU 689  , 2     2  2124   ARG 681  ,0.9760239760239761,97700.0
 0     0   182   ARG 183  , 0     0    26   ASP 27   ,0.974025974025974,97500.0
 0     0    87   GLU 88   , 0     0    83   ARG 84   ,0.973026973026973,97400.0
 1     1  1433   ARG 712  , 1     1  1413   GLU 692  ,0.968031968031968,96900.0
 0     0   563   ARG 564  , 0     0   534   ASP 535  ,0.968031968031968,96900.0
 0     0    83   ARG 84   , 0     0    80   GLU 81   ,0.968031968031968,96900.0
 0     0   721   GLU 722  , 0     0   696   LYS 697  ,0.967032967032967,96800.0
 0     0   101   LYS 102  , 0     0    58   GLU 59   ,0.967032967032967,96800.0
 0     0   676   ARG 677  , 0     0   603   ASP 604  ,0.9660339660339661,96700.0
 3     3  2744   ASP 579  , 3     3  2673   ARG 508  ,0.965034965034965,96600.0
 3     3  2348   ARG 183  , 3     3  2192   ASP 27   ,0.964035964035964,96500.0
 0     0   721   GLU 722  , 0     0   717   ARG 718  ,0.961038961038961,96200.0
 4     4  2923   LYS 1036 , 3     3  2563   ASP 398  ,0.9590409590409591,96000.0
 2     2  1619   GLU 176  , 2     2  1605   ARG 162  ,0.958041958041958,95900.0
 3     3  2267   LYS 102  , 3     3  2224   GLU 59   ,0.954045954045954,95500.0
 3     3  2222   ARG 57   , 0     0   614   ASP 615  ,0.9530469530469531,95400.0
 1     1   809   GLU 88   , 1     1   805   ARG 84   ,0.9530469530469531,95400.0
 3     3  2345   LYS 180  , 3     3  2261   GLU 96   ,0.949050949050949,95000.0
 0     0   152   ARG 153  , 0     0   140   GLU 141  ,0.9440559440559441,94500.0
 0     0   326   LYS 327  , 0     0   306   ASP 307  ,0.9430569430569431,94400.0
 2     2  2154   ARG 711  , 2     2  2150   ASP 707  ,0.9430569430569431,94400.0
 2     2  2118   ARG 675  , 2     2  2062   ASP 619  ,0.9410589410589411,94200.0
 2     2  1951   ARG 508  , 1     1  1256   ASP 535  ,0.9410589410589411,94200.0
 1     1  1398   ARG 677  , 1     1  1325   ASP 604  ,0.9400599400599401,94100.0
 1     1  1432   ARG 711  , 1     1  1428   ASP 707  ,0.939060939060939,94000.0
 3     3  2302   LYS 137  , 3     3  2261   GLU 96   ,0.9330669330669331,93400.0
 2     2  1636   ASP 193  , 2     2  1467   ARG 24   ,0.9310689310689311,93200.0
 0     0   136   LYS 137  , 0     0    95   GLU 96   ,0.9310689310689311,93200.0
 2     2  2120   ARG 677  , 2     2  2047   ASP 604  ,0.9270729270729271,92800.0
 0     0   141   ASP 142  , 0     0   103   ARG 104  ,0.9210789210789211,92200.0
 3     3  2358   ASP 193  , 3     3  2189   ARG 24   ,0.916083916083916,91700.0
 2     2  2022   ASP 579  , 2     2  1951   ARG 508  ,0.9100899100899101,91100.0
 3     3  2492   LYS 327  , 3     3  2472   ASP 307  ,0.903096903096903,90400.0
 2     2  1580   LYS 137  , 2     2  1539   GLU 96   ,0.9010989010989011,90200.0
 1     1   858   LYS 137  , 1     1   817   GLU 96   ,0.8931068931068931,89400.0
 1     1   744   ARG 23   , 1     1   740   GLU 19   ,0.8891108891108891,89000.0
 0     0   103   ARG 104  , 0     0    72   GLU 73   ,0.8871128871128872,88800.0
 2     2  1527   ARG 84   , 2     2  1524   GLU 81   ,0.8781218781218781,87900.0
 2     2  1629   GLU 186  , 2     2  1626   ARG 183  ,0.8731268731268731,87400.0
 3     3  2495   ARG 330  , 3     3  2419   ASP 254  ,0.8721278721278721,87300.0
 0     0   329   ARG 330  , 0     0   306   ASP 307  ,0.8601398601398601,86100.0
 3     3  2673   ARG 508  , 2     2  1978   ASP 535  ,0.8571428571428571,85800.0
 3     3  2876   ARG 711  , 3     3  2872   ASP 707  ,0.8571428571428571,85800.0
 3     3  2247   LYS 82   , 3     3  2243   ASP 78   ,0.8561438561438561,85700.0
 3     3  2351   GLU 186  , 3     3  2348   ARG 183  ,0.8561438561438561,85700.0
 0     0   710   ARG 711  , 0     0   706   ASP 707  ,0.8561438561438561,85700.0
 3     3  2842   ARG 677  , 3     3  2769   ASP 604  ,0.8431568431568431,84400.0
 1     1  1215   ASP 494  , 0     0   520   ARG 521  ,0.8421578421578422,84300.0
 0     0   720   LYS 721  , 0     0   689   GLU 690  ,0.8351648351648352,83600.0
 2     2  2078   ARG 635  , 2     2  2043   GLU 600  ,0.8131868131868132,81400.0
 3     3  2351   GLU 186  , 3     3  2327   ARG 162  ,0.7952047952047953,79600.0
 3     3  2549   LYS 384  , 3     3  2540   ASP 375  ,0.7892107892107892,79000.0
 1     1   803   LYS 82   , 1     1   799   ASP 78   ,0.7842157842157842,78500.0
 2     2  1789   GLU 346  , 2     2  1450   ARG 7    ,0.7712287712287712,77200.0
 0     0   675   LYS 676  , 0     0   623   GLU 624  ,0.7662337662337663,76700.0
 1     1  1000   GLU 279  , 1     1   729   ARG 8    ,0.7552447552447552,75600.0
 2     2  1525   LYS 82   , 2     2  1521   ASP 78   ,0.7522477522477522,75300.0
 0     0   563   ARG 564  , 0     0   538   ASP 539  ,0.7522477522477522,75300.0
 0     0   692   ARG 693  , 0     0   688   GLU 689  ,0.7492507492507493,75000.0
 2     2  1531   GLU 88   , 2     2  1527   ARG 84   ,0.7462537462537463,74700.0
 3     3  2729   ARG 564  , 3     3  2704   ASP 539  ,0.7442557442557443,74500.0
 1     1  1443   GLU 722  , 1     1  1439   ARG 718  ,0.7422577422577422,74300.0
 2     2  2089   LYS 646  , 2     2  2032   ASP 589  ,0.7262737262737263,72700.0
 2     2  2135   GLU 692  , 2     2  2131   ARG 688  ,0.7142857142857143,71500.0
 3     3  2172   ARG 7    , 0     0   510   ASP 511  ,0.7052947052947053,70600.0
 3     3  2686   ARG 521  , 2     2  1789   GLU 346  ,0.7012987012987013,70200.0
 1     1  1417   ARG 696  , 1     1  1412   GLU 691  ,0.6953046953046953,69600.0
 1     1  1229   ARG 508  , 0     0   534   ASP 535  ,0.6873126873126874,68800.0
 3     3  2858   ARG 693  , 3     3  2855   GLU 690  ,0.6853146853146853,68600.0
 0     0   386   ARG 387  , 0     0   379   ASP 380  ,0.6833166833166833,68400.0
 2     2  2165   GLU 722  , 2     2  2159   ARG 716  ,0.6813186813186813,68200.0
 3     3  2652   GLU 487  , 2     2  1927   ARG 484  ,0.6793206793206793,68000.0
 4     4  2923   LYS 1036 , 4     4  2921   ASP 1034 ,0.6793206793206793,68000.0
 2     2  2136   ARG 693  , 2     2  2133   GLU 690  ,0.6773226773226774,67800.0
 1     1   925   LYS 204  , 1     1   914   ASP 193  ,0.6753246753246753,67600.0
 1     1  1437   ARG 716  , 1     1  1413   GLU 692  ,0.6393606393606394,64000.0
 3     3  2249   ARG 84   , 3     3  2246   GLU 81   ,0.6383616383616384,63900.0
 1     1  1170   GLU 449  , 1     1  1108   ARG 387  ,0.6223776223776224,62300.0
 0     0   687   ARG 688  , 0     0   684   ASP 685  ,0.6193806193806194,62000.0
 2     2  1647   LYS 204  , 2     2  1644   GLU 201  ,0.6173826173826173,61800.0
 0     0   721   GLU 722  , 0     0   692   ARG 693  ,0.6153846153846154,61600.0
 3     3  2858   ARG 693  , 3     3  2854   GLU 689  ,0.6143856143856143,61499.99999999999
 3     3  2754   ASP 589  , 2     2  1977   LYS 534  ,0.6083916083916084,60900.00000000001
 0     0    22   ARG 23   , 0     0    18   GLU 19   ,0.5854145854145855,58600.00000000001
 0     0    81   LYS 82   , 0     0    77   ASP 78   ,0.5844155844155844,58500.0
 1     1  1433   ARG 712  , 1     1  1420   GLU 699  ,0.5814185814185814,58199.99999999999
 3     3  2253   GLU 88   , 3     3  2249   ARG 84   ,0.5774225774225774,57800.0
 3     3  2505   LYS 340  , 3     3  2386   ASP 221  ,0.5684315684315684,56899.99999999999
 1     1  1409   ARG 688  , 1     1  1406   ASP 685  ,0.5674325674325674,56800.0
 3     3  2853   ARG 688  , 3     3  2850   ASP 685  ,0.5614385614385614,56200.0
 1     1  1067   GLU 346  , 1     1   728   ARG 7    ,0.5544455544455544,55500.0
 3     3  2369   LYS 204  , 3     3  2366   GLU 201  ,0.5534465534465535,55400.0
 0     0   493   ASP 494  , 0     0   492   ARG 493  ,0.5494505494505495,55000.00000000001
 3     3  2857   GLU 692  , 3     3  2853   ARG 688  ,0.5454545454545454,54599.99999999999
 0     0    50   LYS 51   , 0     0    46   ASP 47   ,0.5364635364635365,53700.00000000001
 3     3  2341   GLU 176  , 3     3  2302   LYS 137  ,0.5354645354645354,53600.0
 0     0   152   ARG 153  , 0     0   142   ASP 143  ,0.5324675324675324,53299.99999999999
 3     3  2188   ARG 23   , 3     3  2184   GLU 19   ,0.5194805194805194,51999.99999999999
 0     0   698   GLU 699  , 0     0   696   LYS 697  ,0.5194805194805194,51999.99999999999
 0     0   691   GLU 692  , 0     0   687   ARG 688  ,0.5184815184815185,51900.0
 0     0   339   LYS 340  , 0     0   220   ASP 221  ,0.5184815184815185,51900.0
 1     1  1443   GLU 722  , 1     1  1398   ARG 677  ,0.5154845154845155,51600.0
 2     2  1466   ARG 23   , 2     2  1462   GLU 19   ,0.5114885114885115,51200.0
 3     3  2699   LYS 534  , 0     0   585   GLU 586  ,0.5104895104895105,51100.0
 1     1  1414   ARG 693  , 1     1  1411   GLU 690  ,0.5064935064935064,50699.99999999999
 1     1   874   ARG 153  , 1     1   864   ASP 143  ,0.4985014985014985,49900.0
 0     0   645   LYS 646  , 0     0   588   ASP 589  ,0.4965034965034965,49700.0
 2     2  1623   LYS 180  , 2     2  1539   GLU 96   ,0.4915084915084915,49200.0
 2     2  1494   LYS 51   , 2     2  1490   ASP 47   ,0.4885114885114885,48900.0
 1     1   871   LYS 150  , 1     1   863   ASP 142  ,0.4875124875124875,48800.0
 3     3  2887   GLU 722  , 3     3  2881   ARG 716  ,0.4835164835164835,48400.0
 1     1  1285   ARG 564  , 1     1  1260   ASP 539  ,0.4775224775224775,47800.0
 1     1  1310   ASP 589  , 0     0   533   LYS 534  ,0.4775224775224775,47800.0
 2     2  2136   ARG 693  , 2     2  2132   GLU 689  ,0.47652347652347654,47700.0
 1     1  1437   ARG 716  , 1     1  1406   ASP 685  ,0.4755244755244755,47600.0
 3     3  2511   GLU 346  , 3     3  2173   ARG 8    ,0.47052947052947053,47100.0
 2     2  2155   ARG 712  , 1     1   812   GLU 91   ,0.47052947052947053,47100.0
 3     3  2729   ARG 564  , 0     0   585   GLU 586  ,0.4645354645354645,46500.0
 3     3  2579   GLU 414  , 3     3  2409   ARG 244  ,0.4645354645354645,46500.0
 0     0   506   GLU 507  , 0     0   502   LYS 503  ,0.4645354645354645,46500.0
 3     3  2492   LYS 327  , 3     3  2482   GLU 317  ,0.4565434565434565,45700.0
 2     2  2118   ARG 675  , 2     2  2067   GLU 624  ,0.45254745254745254,45300.0
 1     1  1414   ARG 693  , 1     1  1410   GLU 689  ,0.45254745254745254,45300.0
 3     3  2840   ARG 675  , 3     3  2789   GLU 624  ,0.4485514485514486,44900.0
 1     1  1413   GLU 692  , 1     1  1409   ARG 688  ,0.4405594405594406,44100.0
 1     1   772   LYS 51   , 1     1   768   ASP 47   ,0.4275724275724276,42800.0
 3     3  2689   ASP 524  , 3     3  2649   ARG 484  ,0.4225774225774226,42300.0
 0     0   717   ARG 718  , 0     0   698   GLU 699  ,0.4175824175824176,41800.0
 1     1   825   ARG 104  , 1     1   794   GLU 73   ,0.4155844155844156,41600.0
 1     1  1443   GLU 722  , 0     0   555   ARG 556  ,0.4115884115884116,41200.0
 0     0   329   ARG 330  , 0     0   253   ASP 254  ,0.41058941058941056,41100.0
 3     3  2864   GLU 699  , 3     3  2861   ARG 696  ,0.4095904095904096,41000.0
 2     2  1596   ARG 153  , 2     2  1584   GLU 141  ,0.4095904095904096,41000.0
 2     2  1593   LYS 150  , 2     2  1585   ASP 142  ,0.4075924075924076,40800.0
 0     0   374   ASP 375  , 0     0   241   LYS 242  ,0.4065934065934066,40700.0
 1     1  1420   GLU 699  , 1     1  1409   ARG 688  ,0.3916083916083916,39200.0
 3     3  2366   GLU 201  , 3     3  2364   LYS 199  ,0.38961038961038963,39000.0
 1     1   864   ASP 143  , 1     1   825   ARG 104  ,0.38461538461538464,38500.0
 0     0   647   ASP 648  , 0     0   646   ARG 647  ,0.38461538461538464,38500.0
 2     2  1950   GLU 507  , 2     2  1946   LYS 503  ,0.3706293706293706,37100.0
 1     1  1443   GLU 722  , 0     0   665   ARG 666  ,0.3696303696303696,37000.0
 2     2  1830   ARG 387  , 2     2  1820   GLU 377  ,0.36863136863136864,36900.0
 3     3  2881   ARG 716  , 3     3  2864   GLU 699  ,0.3596403596403596,36000.0
 1     1   904   ARG 183  , 1     1   817   GLU 96   ,0.35264735264735264,35300.0
 2     2  2029   GLU 586  , 1     1  1255   LYS 534  ,0.34265734265734266,34300.0
 3     3  2811   LYS 646  , 3     3  2754   ASP 589  ,0.34165834165834164,34200.0
 3     3  2856   GLU 691  , 3     3  2853   ARG 688  ,0.34165834165834164,34200.0
 1     1  1369   ASP 648  , 1     1  1367   LYS 646  ,0.33966033966033965,34000.0
 4     4  2921   ASP 1034 , 4     4  2888   ARG 1001 ,0.3386613386613387,33900.0
 2     2  1760   GLU 317  , 2     2  1687   ARG 244  ,0.33466533466533466,33500.0
 1     1  1038   GLU 317  , 1     1   965   ARG 244  ,0.3336663336663337,33400.0
 3     3  2345   LYS 180  , 3     3  2341   GLU 176  ,0.33266733266733267,33300.0
 3     3  2552   ARG 387  , 3     3  2542   GLU 377  ,0.33166833166833165,33200.0
 2     2  1596   ARG 153  , 2     2  1586   ASP 143  ,0.3306693306693307,33100.0
 3     3  2672   GLU 507  , 3     3  2668   LYS 503  ,0.3246753246753247,32500.0
 2     2  1728   LYS 285  , 2     2  1726   ASP 283  ,0.3196803196803197,32000.0
 2     2  1589   LYS 146  , 2     2  1586   ASP 143  ,0.3166833166833167,31700.0
 0     0   695   ARG 696  , 0     0   691   GLU 692  ,0.3166833166833167,31700.0
 1     1  1285   ARG 564  , 1     1  1256   ASP 535  ,0.3096903096903097,31000.0
 3     3  2249   ARG 84   , 3     3  2204   ASP 39   ,0.3086913086913087,30900.0
 0     0   486   GLU 487  , 0     0   483   ARG 484  ,0.3006993006993007,30099.999999999996
 0     0   523   ASP 524  , 0     0   483   ARG 484  ,0.2957042957042957,29599.999999999996
 0     0   203   LYS 204  , 0     0   200   GLU 201  ,0.2917082917082917,29200.0
 2     2  1626   ARG 183  , 2     2  1470   ASP 27   ,0.2897102897102897,29000.0
 4     4  2914   ARG 1027 , 3     3  2563   ASP 398  ,0.2887112887112887,28900.0
 3     3  2691   GLU 526  , 2     2  1970   LYS 527  ,0.28471528471528473,28500.0
 3     3  2327   ARG 162  , 3     3  2192   ASP 27   ,0.2817182817182817,28200.0
 2     2  2095   LYS 652  , 2     2  2012   GLU 569  ,0.2817182817182817,28200.0
 2     2  2138   LYS 695  , 2     2  2134   GLU 691  ,0.27972027972027974,28000.000000000004
 1     1  1133   LYS 412  , 1     1  1096   ASP 375  ,0.2787212787212787,27900.0
 2     2  2139   ARG 696  , 2     2  2135   GLU 692  ,0.2787212787212787,27900.0
 3     3  2686   ARG 521  , 2     2  1785   ASP 342  ,0.27472527472527475,27500.000000000004
 0     0   316   GLU 317  , 0     0   243   ARG 244  ,0.27172827172827174,27200.0
 3     3  2864   GLU 699  , 3     3  2860   LYS 695  ,0.26873126873126874,26900.0
 1     1  1367   LYS 646  , 1     1  1290   GLU 569  ,0.26373626373626374,26400.0
 3     3  2700   ASP 535  , 0     0   507   ARG 508  ,0.2627372627372627,26300.0
 2     2  1785   ASP 342  , 2     2  1450   ARG 7    ,0.26073926073926074,26100.0
 3     3  2751   GLU 586  , 2     2  1977   LYS 534  ,0.25874125874125875,25900.0
 1     1  1417   ARG 696  , 1     1  1411   GLU 690  ,0.25774225774225773,25800.0
 3     3  2577   LYS 412  , 3     3  2481   ASP 316  ,0.25674325674325676,25700.000000000004
 0     0   413   GLU 414  , 0     0   411   LYS 412  ,0.25074925074925075,25100.0
 3     3  2577   LYS 412  , 3     3  2482   GLU 317  ,0.24975024975024976,25000.0
 2     2  1951   ARG 508  , 1     1  1260   ASP 539  ,0.24875124875124874,24900.0
 2     2  1970   LYS 527  , 2     2  1969   GLU 526  ,0.24475524475524477,24500.0
 3     3  2364   LYS 199  , 3     3  2284   GLU 119  ,0.24075924075924077,24100.0
 2     2  2125   LYS 682  , 2     2  2049   GLU 606  ,0.23976023976023977,24000.0
 1     1  1437   ARG 716  , 1     1  1410   GLU 689  ,0.23876123876123875,23900.0
 0     0   200   GLU 201  , 0     0   198   LYS 199  ,0.23876123876123875,23900.0
 3     3  2817   LYS 652  , 3     3  2813   ASP 648  ,0.23676323676323677,23700.0
 2     2  1841   ASP 398  , 1     1  1171   LYS 450  ,0.23576423576423577,23600.0
 2     2  2056   LYS 613  , 2     2  1994   GLU 551  ,0.23276723276723277,23300.0
 0     0   149   LYS 150  , 0     0   141   ASP 142  ,0.23076923076923078,23100.0
 2     2  2159   ARG 716  , 1     1   812   GLU 91   ,0.22977022977022976,23000.0
 1     1  1228   GLU 507  , 1     1  1224   LYS 503  ,0.22877122877122877,22900.0
 1     1  1108   ARG 387  , 1     1  1098   GLU 377  ,0.22777222777222778,22800.0
 1     1  1373   LYS 652  , 1     1  1369   ASP 648  ,0.22577422577422576,22600.0
 1     1  1061   LYS 340  , 1     1   942   ASP 221  ,0.22477522477522477,22500.0
 3     3  2311   LYS 146  , 3     3  2307   ASP 142  ,0.22277722277722278,22300.0
 3     3  2450   LYS 285  , 3     3  2448   ASP 283  ,0.22277722277722278,22300.0
 2     2  1930   GLU 487  , 2     2  1927   ARG 484  ,0.22077922077922077,22100.0
 2     2  1722   GLU 279  , 2     2  1451   ARG 8    ,0.21978021978021978,22000.0
 0     0   326   LYS 327  , 0     0   253   ASP 254  ,0.21978021978021978,22000.0
 3     3  2692   LYS 527  , 3     3  2689   ASP 524  ,0.21978021978021978,22000.0
 2     2  1893   LYS 450  , 2     2  1890   ASP 447  ,0.21678321678321677,21700.0
 0     0   526   LYS 527  , 0     0   523   ASP 524  ,0.21578421578421578,21600.0
 1     1   897   GLU 176  , 1     1   895   LYS 174  ,0.21578421578421578,21600.0
 3     3  2444   GLU 279  , 0     0   520   ARG 521  ,0.2127872127872128,21300.0
 2     2  1830   ARG 387  , 2     2  1824   GLU 381  ,0.21178821178821178,21200.0
 3     3  2253   GLU 88   , 0     0   686   LYS 687  ,0.2077922077922078,20800.0
 1     1  1140   LYS 419  , 1     1  1135   GLU 414  ,0.2017982017982018,20200.0
 0     0   185   GLU 186  , 0     0    23   ARG 24   ,0.2007992007992008,20100.0
 1     1  1248   LYS 527  , 1     1  1245   ASP 524  ,0.19880119880119881,19900.0
 0     0   689   GLU 690  , 0     0   686   LYS 687  ,0.1978021978021978,19800.0
 1     1  1133   LYS 412  , 1     1  1038   GLU 317  ,0.1968031968031968,19700.0
 2     2  1970   LYS 527  , 2     2  1967   ASP 524  ,0.1958041958041958,19600.0
 0     0   646   ARG 647  , 0     0   588   ASP 589  ,0.1918081918081918,19200.0
 3     3  2813   ASP 648  , 3     3  2811   LYS 646  ,0.1878121878121878,18800.0
 0     0   198   LYS 199  , 0     0   118   GLU 119  ,0.1848151848151848,18500.0
 3     3  2716   GLU 551  , 3     3  2712   LYS 547  ,0.1848151848151848,18500.0
 2     2  2091   ASP 648  , 2     2  2090   ARG 647  ,0.1838161838161838,18400.0
 3     3  2222   ARG 57   , 3     3  2212   ASP 47   ,0.18081918081918083,18100.0
 2     2  1855   LYS 412  , 2     2  1825   ASP 382  ,0.17482517482517482,17500.0
 3     3  2861   ARG 696  , 3     3  2857   GLU 692  ,0.17482517482517482,17500.0
 0     0   651   LYS 652  , 0     0   647   ASP 648  ,0.17282717282717283,17300.0
 3     3  2216   LYS 51   , 3     3  2212   ASP 47   ,0.16883116883116883,16900.0
 2     2  1547   ARG 104  , 2     2  1516   GLU 73   ,0.16583416583416583,16600.0
 1     1  1367   LYS 646  , 1     1  1310   ASP 589  ,0.16483516483516483,16500.0
 3     3  2269   ARG 104  , 3     3  2238   GLU 73   ,0.16483516483516483,16500.0
 1     1  1000   GLU 279  , 1     1   744   ARG 23   ,0.16383616383616384,16400.0
 2     2  2142   GLU 699  , 2     2  2140   LYS 697  ,0.16183816183816183,16199.999999999998
 3     3  2887   GLU 722  , 3     3  2860   LYS 695  ,0.15984015984015984,16000.0
 3     3  2841   LYS 676  , 3     3  2789   GLU 624  ,0.15884115884115885,15900.0
 3     3  2852   LYS 687  , 2     2  1531   GLU 88   ,0.15884115884115885,15900.0
 3     3  2817   LYS 652  , 3     3  2734   GLU 569  ,0.15784215784215785,15800.000000000002
 1     1  1373   LYS 652  , 1     1  1290   GLU 569  ,0.15684315684315683,15699.999999999998
 3     3  2552   ARG 387  , 3     3  2545   ASP 380  ,0.15584415584415584,15600.0
 0     0   694   LYS 695  , 0     0   690   GLU 691  ,0.15584415584415584,15600.0
 0     0   173   LYS 174  , 0     0    26   ASP 27   ,0.15184815184815184,15200.0
 3     3  2166   MET 1    , 1     1  1215   ASP 494  ,0.15084915084915085,15100.0
 3     3  2860   LYS 695  , 3     3  2856   GLU 691  ,0.15084915084915085,15100.0
 1     1  1412   GLU 691  , 1     1  1408   LYS 687  ,0.14885114885114886,14900.000000000002
 3     3  2579   GLU 414  , 3     3  2577   LYS 412  ,0.14785214785214784,14799.999999999998
 2     2  2132   GLU 689  , 2     2  2131   ARG 688  ,0.14785214785214784,14799.999999999998
 2     2  2142   GLU 699  , 2     2  2136   ARG 693  ,0.14685314685314685,14700.0
 1     1   922   GLU 201  , 1     1   920   LYS 199  ,0.14485514485514486,14500.0
 1     1  1411   GLU 690  , 1     1  1408   LYS 687  ,0.14485514485514486,14500.0
 2     2  2078   ARG 635  , 1     1  1256   ASP 535  ,0.14285714285714285,14300.0
 3     3  2481   ASP 316  , 3     3  2409   ARG 244  ,0.13886113886113885,13899.999999999998
 2     2  1642   LYS 199  , 2     2  1564   ASP 121  ,0.13786213786213786,13800.0
 0     0   578   ASP 579  , 0     0   507   ARG 508  ,0.13386613386613386,13400.0
 3     3  2672   GLU 507  , 3     3  2658   ARG 493  ,0.13386613386613386,13400.0
 0     0   120   ASP 121  , 0     0   116   ARG 117  ,0.13286713286713286,13300.0
 1     1   920   LYS 199  , 1     1   842   ASP 121  ,0.13186813186813187,13200.0
 0     0   612   LYS 613  , 0     0   550   GLU 551  ,0.13086913086913088,13100.000000000002
 3     3  2887   GLU 722  , 3     3  2861   ARG 696  ,0.12887112887112886,12900.0
 3     3  2662   LYS 497  , 3     3  2659   ASP 494  ,0.12787212787212787,12800.0
 3     3  2887   GLU 722  , 3     3  2883   ARG 718  ,0.1258741258741259,12600.000000000002
 3     3  2855   GLU 690  , 3     3  2852   LYS 687  ,0.1258741258741259,12600.000000000002
 2     2  2164   LYS 721  , 1     1   812   GLU 91   ,0.12487512487512488,12500.0
 0     0   688   GLU 689  , 0     0   687   ARG 688  ,0.12487512487512488,12500.0
 0     0   721   GLU 722  , 0     0   695   ARG 696  ,0.12287712287712288,12300.0
 1     1  1277   ARG 556  , 1     1  1272   GLU 551  ,0.11488511488511488,11500.0
 2     2  2161   ARG 718  , 1     1   799   ASP 78   ,0.11388611388611389,11400.0
 0     0   654   GLU 655  , 0     0   651   LYS 652  ,0.11388611388611389,11400.0
 3     3  2704   ASP 539  , 0     0   507   ARG 508  ,0.11388611388611389,11400.0
 3     3  2860   LYS 695  , 3     3  2857   GLU 692  ,0.11288711288711288,11300.0
 0     0   651   LYS 652  , 0     0   568   GLU 569  ,0.11288711288711288,11300.0
 2     2  1564   ASP 121  , 2     2  1560   ARG 117  ,0.11188811188811189,11200.0
 1     1  1208   GLU 487  , 0     0   483   ARG 484  ,0.1108891108891109,11100.0
 2     2  2084   ASP 641  , 2     2  1990   LYS 547  ,0.10989010989010989,11000.0
 2     2  1830   ARG 387  , 2     2  1823   ASP 380  ,0.1068931068931069,10700.0
 3     3  2847   LYS 682  , 3     3  2771   GLU 606  ,0.10589410589410589,10600.0
 3     3  2584   LYS 419  , 3     3  2579   GLU 414  ,0.1038961038961039,10400.0
 3     3  2721   ARG 556  , 3     3  2716   GLU 551  ,0.1008991008991009,10100.0
