 0     0   679   PHE 680  , 0     0   676   ARG 677  ,1.0,46800.0
 1     1   646   ARG 647  , 1     1   620   PHE 621  ,1.0,46800.0
 3     3   563   ARG 564  , 0     0   582   HIS 583  ,1.0,46800.0
 0     0   332   ARG 333  , 0     0   260   PHE 261  ,1.0,46800.0
 0     0   335   ARG 336  , 0     0   260   PHE 261  ,1.0,46800.0
 2     2   335   ARG 336  , 2     2   260   PHE 261  ,1.0,46800.0
 1     1   332   ARG 333  , 1     1   260   PHE 261  ,1.0,46800.0
 2     2   520   ARG 521  , 2     2   484   TYR 485  ,1.0,46800.0
 3     3   545   ARG 546  , 3     3   542   HIS 543  ,1.0,46800.0
 2     2   332   ARG 333  , 2     2   260   PHE 261  ,1.0,46800.0
 3     3   335   ARG 336  , 3     3   260   PHE 261  ,1.0,46800.0
 3     3   332   ARG 333  , 3     3   260   PHE 261  ,1.0,46800.0
 0     0   103   ARG 104  , 0     0    99   TYR 100  ,1.0,46800.0
 1     1   545   ARG 546  , 1     1   542   HIS 543  ,1.0,46800.0
 1     1   520   ARG 521  , 1     1   516   TRP 517  ,1.0,46800.0
 3     3    56   ARG 57   , 3     3    43   TYR 44   ,0.9978632478632479,46700.0
 1     1    56   ARG 57   , 1     1    43   TYR 44   ,0.9978632478632479,46700.0
 2     2   136   LYS 137  , 2     2   107   TRP 108  ,0.9978632478632479,46700.0
 3     3   136   LYS 137  , 3     3   107   TRP 108  ,0.9978632478632479,46700.0
 3     3   582   HIS 583  , 2     2   563   ARG 564  ,0.9978632478632479,46700.0
 1     1   335   ARG 336  , 1     1   260   PHE 261  ,0.9957264957264957,46600.0
 3     3   342   HIS 343  , 3     3     7   ARG 8    ,0.9957264957264957,46600.0
 4     4    20   PHE 21   , 4     4     0   ARG 1    ,0.9935897435897436,46500.0
 1     1   418   LYS 419  , 1     1   412   TRP 413  ,0.9935897435897436,46500.0
 0     0   665   ARG 666  , 0     0   661   HIS 662  ,0.9893162393162394,46300.0
 1     1   136   LYS 137  , 1     1   107   TRP 108  ,0.9871794871794872,46200.0
 2     2    56   ARG 57   , 2     2    43   TYR 44   ,0.9871794871794872,46200.0
 2     2   338   ARG 339  , 2     2   219   TRP 220  ,0.9850427350427351,46100.0
 3     3   516   TRP 517  , 2     2     6   ARG 7    ,0.9829059829059829,46000.0
 1     1   582   HIS 583  , 0     0   563   ARG 564  ,0.9829059829059829,46000.0
 3     3   182   ARG 183  , 3     3   178   HIS 179  ,0.9551282051282052,44700.0
 1     1   638   TYR 639  , 0     0     7   ARG 8    ,0.9529914529914529,44600.0
 2     2   287   ARG 288  , 2     2   269   HIS 270  ,0.9316239316239316,43600.0
 2     2   103   ARG 104  , 2     2    99   TYR 100  ,0.8995726495726496,42100.0
 1     1   711   ARG 712  , 1     1   707   HIS 708  ,0.8995726495726496,42100.0
 1     1   182   ARG 183  , 1     1   135   PHE 136  ,0.8931623931623932,41800.0
 0     0    56   ARG 57   , 0     0    43   TYR 44   ,0.8824786324786325,41300.0
 0     0   342   HIS 343  , 0     0     6   ARG 7    ,0.8717948717948718,40800.0
 2     2   427   TYR 428  , 1     1   449   LYS 450  ,0.8632478632478633,40400.0
 3     3   520   ARG 521  , 3     3   516   TRP 517  ,0.8547008547008547,40000.0
 0     0   136   LYS 137  , 0     0   107   TRP 108  ,0.8525641025641025,39900.0
 3     3   329   ARG 330  , 3     3   305   TYR 306  ,0.8525641025641025,39900.0
 0     0   338   ARG 339  , 0     0   290   TYR 291  ,0.8482905982905983,39700.0
 1     1   665   ARG 666  , 1     1   661   HIS 662  ,0.844017094017094,39500.0
 1     1   383   LYS 384  , 1     1   378   PHE 379  ,0.8418803418803419,39400.0
 2     2   339   LYS 340  , 2     2   221   TRP 222  ,0.8376068376068376,39200.0
 0     0   545   ARG 546  , 0     0   542   HIS 543  ,0.8333333333333334,39000.0
 1     1   287   ARG 288  , 1     1   268   PHE 269  ,0.8162393162393162,38200.0
 3     3   219   TRP 220  , 3     3   216   LYS 217  ,0.8055555555555556,37700.0
 0     0   326   LYS 327  , 0     0   322   PHE 323  ,0.7948717948717948,37200.0
 0     0   516   TRP 517  , 0     0   483   ARG 484  ,0.7777777777777778,36400.0
 3     3   103   ARG 104  , 3     3    99   TYR 100  ,0.7713675213675214,36100.0
 2     2   342   HIS 343  , 2     2   339   LYS 340  ,0.7628205128205128,35700.0
 0     0   182   ARG 183  , 0     0   109   PHE 110  ,0.7585470085470085,35500.0
 2     2   717   ARG 718  , 2     2   713   PHE 714  ,0.7564102564102564,35400.0
 0     0   178   HIS 179  , 0     0   173   LYS 174  ,0.7542735042735043,35300.0
 2     2   335   ARG 336  , 2     2   294   TRP 295  ,0.7542735042735043,35300.0
 3     3   339   LYS 340  , 3     3   211   HIS 212  ,0.7457264957264957,34900.0
 3     3   717   ARG 718  , 3     3   713   PHE 714  ,0.7414529914529915,34700.0
 3     3   711   ARG 712  , 3     3   707   HIS 708  ,0.7393162393162394,34600.0
 1     1   717   ARG 718  , 1     1   713   PHE 714  ,0.7350427350427351,34400.0
 1     1   342   HIS 343  , 1     1     6   ARG 7    ,0.7243589743589743,33900.0
 0     0   646   ARG 647  , 0     0   620   PHE 621  ,0.7243589743589743,33900.0
 1     1   103   ARG 104  , 1     1    99   TYR 100  ,0.7222222222222222,33800.0
 2     2   665   ARG 666  , 2     2   661   HIS 662  ,0.7072649572649573,33100.0
 0     0   720   LYS 721  , 0     0   716   PHE 717  ,0.7051282051282052,33000.0
 3     3   338   ARG 339  , 3     3   272   PHE 273  ,0.7008547008547008,32800.0
 0     0   711   ARG 712  , 0     0   707   HIS 708  ,0.7008547008547008,32800.0
 0     0   182   ARG 183  , 0     0   135   PHE 136  ,0.6923076923076923,32400.0
 4     4    17   LYS 18   , 4     4    13   PHE 14   ,0.6901709401709402,32300.0
 1     1   212   TYR 213  , 1     1     6   ARG 7    ,0.6538461538461539,30600.0
 2     2   711   ARG 712  , 2     2   707   HIS 708  ,0.6324786324786325,29600.0
 3     3   665   ARG 666  , 3     3   661   HIS 662  ,0.6282051282051282,29400.0
 0     0   383   LYS 384  , 0     0   378   PHE 379  ,0.6282051282051282,29400.0
 3     3     0   MET 1    , 0     0   516   TRP 517  ,0.6175213675213675,28900.0
 2     2    68   PHE 69   , 2     2    62   LYS 63   ,0.6153846153846154,28800.0
 3     3   646   ARG 647  , 3     3   620   PHE 621  ,0.6047008547008547,28299.999999999996
 1     1   573   HIS 574  , 0     0     7   ARG 8    ,0.594017094017094,27800.0
 2     2   545   ARG 546  , 2     2   542   HIS 543  ,0.5897435897435898,27600.0
 1     1   101   LYS 102  , 1     1    54   TYR 55   ,0.5897435897435898,27600.0
 1     1   219   TRP 220  , 1     1   216   LYS 217  ,0.5897435897435898,27600.0
 0     0   182   ARG 183  , 0     0   178   HIS 179  ,0.5876068376068376,27500.0
 2     2   101   LYS 102  , 2     2    54   TYR 55   ,0.5576923076923077,26100.0
 0     0   717   ARG 718  , 0     0   713   PHE 714  ,0.5491452991452992,25700.000000000004
 2     2   383   LYS 384  , 2     2   378   PHE 379  ,0.5341880341880342,25000.0
 1     1   710   ARG 711  , 1     1   707   HIS 708  ,0.532051282051282,24900.0
 0     0   101   LYS 102  , 0     0    54   TYR 55   ,0.5277777777777778,24700.0
 0     0   339   LYS 340  , 0     0   211   HIS 212  ,0.5235042735042735,24500.0
 1     1   412   TRP 413  , 1     1   383   LYS 384  ,0.5128205128205128,23999.999999999996
 2     2   342   HIS 343  , 2     2     6   ARG 7    ,0.5106837606837606,23900.0
 1     1   338   ARG 339  , 1     1   294   TRP 295  ,0.5085470085470085,23800.0
 0     0   211   HIS 212  , 0     0     6   ARG 7    ,0.5042735042735043,23600.0
 3     3   418   LYS 419  , 3     3   236   TYR 237  ,0.47435897435897434,22200.0
 3     3   101   LYS 102  , 3     3    54   TYR 55   ,0.4700854700854701,22000.0
 0     0   418   LYS 419  , 0     0   240   PHE 241  ,0.4700854700854701,22000.0
 1     1   581   TYR 582  , 0     0   533   LYS 534  ,0.4636752136752137,21700.0
 1     1   216   LYS 217  , 1     1   211   HIS 212  ,0.452991452991453,21200.0
 1     1    83   ARG 84   , 1     1    39   TRP 40   ,0.4081196581196581,19100.0
 3     3   342   HIS 343  , 3     3   339   LYS 340  ,0.3995726495726496,18700.0
 3     3   339   LYS 340  , 3     3   221   TRP 222  ,0.38675213675213677,18100.0
 3     3   710   ARG 711  , 3     3   707   HIS 708  ,0.3803418803418803,17800.0
 2     2   492   ARG 493  , 2     2   485   HIS 486  ,0.3782051282051282,17700.0
 0     0   383   LYS 384  , 0     0   375   TYR 376  ,0.35683760683760685,16700.0
 3     3   492   ARG 493  , 3     3   485   HIS 486  ,0.3547008547008547,16600.0
 1     1   338   ARG 339  , 1     1   290   TYR 291  ,0.3547008547008547,16600.0
 2     2   338   ARG 339  , 2     2   290   TYR 291  ,0.3525641025641026,16500.0
 3     3    68   PHE 69   , 3     3    62   LYS 63   ,0.3504273504273504,16400.0
 4     4    31   PHE 32   , 4     4     5   LYS 6    ,0.344017094017094,16100.0
 3     3   720   LYS 721  , 3     3   716   PHE 717  ,0.33974358974358976,15900.0
 2     2   287   ARG 288  , 2     2   268   PHE 269  ,0.33547008547008544,15699.999999999998
 3     3   147   TRP 148  , 3     3   145   LYS 146  ,0.33547008547008544,15699.999999999998
 0     0   219   TRP 220  , 0     0   216   LYS 217  ,0.3269230769230769,15300.0
 1     1   720   LYS 721  , 1     1   716   PHE 717  ,0.3055555555555556,14300.000000000002
 0     0    68   PHE 69   , 0     0    62   LYS 63   ,0.29914529914529914,14000.0
 1     1   375   TYR 376  , 1     1   241   LYS 242  ,0.2948717948717949,13800.0
 2     2   710   ARG 711  , 2     2   707   HIS 708  ,0.2863247863247863,13400.0
 1     1   287   ARG 288  , 1     1   272   PHE 273  ,0.2863247863247863,13400.0
 1     1    68   PHE 69   , 1     1    62   LYS 63   ,0.2799145299145299,13100.0
 0     0   661   HIS 662  , 0     0   555   ARG 556  ,0.2799145299145299,13100.0
 0     0   622   LYS 623  , 0     0   621   TRP 622  ,0.2670940170940171,12500.0
 0     0   287   ARG 288  , 0     0   269   HIS 270  ,0.26495726495726496,12400.0
 2     2   179   LYS 180  , 2     2   135   PHE 136  ,0.2606837606837607,12200.0
 1     1   622   LYS 623  , 1     1   621   TRP 622  ,0.2564102564102564,11999.999999999998
 2     2   646   ARG 647  , 2     2   620   PHE 621  ,0.25,11700.0
 1     1   329   ARG 330  , 1     1   229   TYR 230  ,0.24786324786324787,11600.0
 0     0   287   ARG 288  , 0     0   268   PHE 269  ,0.24358974358974358,11400.0
 3     3   216   LYS 217  , 3     3   211   HIS 212  ,0.24358974358974358,11400.0
 0     0   717   ARG 718  , 0     0   716   PHE 717  ,0.23931623931623933,11200.0
 0     0   713   PHE 714  , 0     0   710   ARG 711  ,0.23717948717948717,11100.0
 3     3   343   TYR 344  , 3     3   339   LYS 340  ,0.23076923076923078,10800.0
 0     0   418   LYS 419  , 0     0   236   TYR 237  ,0.23076923076923078,10800.0
 3     3   533   LYS 534  , 0     0   581   TYR 582  ,0.22008547008547008,10300.0
 1     1   427   TYR 428  , 0     0   449   LYS 450  ,0.21367521367521367,10000.0
 3     3   642   HIS 643  , 3     3   546   LYS 547  ,0.20085470085470086,9400.0
 2     2   716   PHE 717  , 2     2   715   ARG 716  ,0.20085470085470086,9400.0
 3     3   655   PHE 656  , 0     0   646   ARG 647  ,0.1987179487179487,9300.0
 1     1   339   LYS 340  , 1     1   211   HIS 212  ,0.1987179487179487,9300.0
 3     3     6   ARG 7    , 0     0   484   TYR 485  ,0.19658119658119658,9200.0
 1     1   338   ARG 339  , 1     1   272   PHE 273  ,0.19444444444444445,9100.0
 0     0   147   TRP 148  , 0     0   145   LYS 146  ,0.19444444444444445,9100.0
 2     2   418   LYS 419  , 2     2   236   TYR 237  ,0.1858974358974359,8700.0
 2     2   219   TRP 220  , 2     2   216   LYS 217  ,0.1858974358974359,8700.0
 0     0   342   HIS 343  , 0     0   339   LYS 340  ,0.1858974358974359,8700.0
 0     0   582   HIS 583  , 0     0   507   ARG 508  ,0.18162393162393162,8500.0
 2     2   717   ARG 718  , 2     2   716   PHE 717  ,0.18162393162393162,8500.0
 0     0    83   ARG 84   , 0     0    39   TRP 40   ,0.18162393162393162,8500.0
 2     2   335   ARG 336  , 2     2   290   TYR 291  ,0.1794871794871795,8400.0
 3     3   622   LYS 623  , 3     3   621   TRP 622  ,0.17735042735042736,8300.0
 3     3    83   ARG 84   , 3     3    39   TRP 40   ,0.17094017094017094,8000.0
 1     1   720   LYS 721  , 0     0   661   HIS 662  ,0.16452991452991453,7700.0
 3     3   634   ARG 635  , 2     2   197   TYR 198  ,0.16452991452991453,7700.0
 3     3   383   LYS 384  , 3     3   378   PHE 379  ,0.15384615384615385,7200.0
 2     2   720   LYS 721  , 2     2   716   PHE 717  ,0.14957264957264957,7000.0
 1     1   147   TRP 148  , 1     1   145   LYS 146  ,0.14957264957264957,7000.0
 2     2    83   ARG 84   , 2     2    39   TRP 40   ,0.14957264957264957,7000.0
 0     0   492   ARG 493  , 0     0   485   HIS 486  ,0.14957264957264957,7000.0
 1     1   338   ARG 339  , 1     1   211   HIS 212  ,0.14743589743589744,6900.0
 1     1   346   TYR 347  , 1     1     6   ARG 7    ,0.1452991452991453,6800.000000000001
 2     2   548   PHE 549  , 2     2   545   ARG 546  ,0.14316239316239315,6700.0
 3     3   427   TYR 428  , 2     2   449   LYS 450  ,0.14102564102564102,6600.0
 1     1   182   ARG 183  , 1     1   109   PHE 110  ,0.1346153846153846,6300.0
 3     3   179   LYS 180  , 3     3   109   PHE 110  ,0.1346153846153846,6300.0
 3     3   287   ARG 288  , 3     3   268   PHE 269  ,0.13247863247863248,6200.0
 2     2   622   LYS 623  , 2     2   621   TRP 622  ,0.13034188034188035,6100.0
 2     2   103   ARG 104  , 2     2    54   TYR 55   ,0.12393162393162394,5800.0
 0     0   338   ARG 339  , 0     0   294   TRP 295  ,0.12179487179487179,5700.0
 2     2   674   ARG 675  , 2     2   620   PHE 621  ,0.11752136752136752,5500.0
 0     0   212   TYR 213  , 0     0     6   ARG 7    ,0.1111111111111111,5200.0
 1     1   180   HIS 181  , 1     1   179   LYS 180  ,0.1111111111111111,5200.0
 1     1   717   ARG 718  , 1     1   716   PHE 717  ,0.10897435897435898,5100.0
 3     3   402   TYR 403  , 3     3   383   LYS 384  ,0.10683760683760683,5000.0
 3     3   713   PHE 714  , 3     3   695   ARG 696  ,0.1047008547008547,4900.0
 3     3   116   ARG 117  , 3     3    89   TYR 90   ,0.10256410256410256,4800.0
 3     3    83   ARG 84   , 0     0   716   PHE 717  ,0.10042735042735043,4700.0
 1     1   116   ARG 117  , 1     1    89   TYR 90   ,0.10042735042735043,4700.0
