 3     3    56   ARG 57   , 0     0   614   ASP 615  ,1.0,46800.0
 2     2   614   ASP 615  , 1     1    56   ARG 57   ,1.0,46800.0
 0     0   329   ARG 330  , 0     0   257   ASP 258  ,1.0,46800.0
 1     1   192   ASP 193  , 1     1    23   ARG 24   ,1.0,46800.0
 2     2   520   ARG 521  , 1     1   345   GLU 346  ,1.0,46800.0
 2     2   563   ARG 564  , 2     2   534   ASP 535  ,1.0,46800.0
 0     0   332   ARG 333  , 0     0   257   ASP 258  ,1.0,46800.0
 3     3   634   ARG 635  , 3     3   599   GLU 600  ,1.0,46800.0
 2     2   563   ARG 564  , 2     2   538   ASP 539  ,1.0,46800.0
 0     0   335   ARG 336  , 0     0   263   ASP 264  ,1.0,46800.0
 2     2   578   ASP 579  , 2     2   507   ARG 508  ,1.0,46800.0
 0     0   338   ARG 339  , 0     0   263   ASP 264  ,1.0,46800.0
 2     2   634   ARG 635  , 2     2   599   GLU 600  ,1.0,46800.0
 0     0   329   ARG 330  , 0     0   253   ASP 254  ,1.0,46800.0
 1     1   614   ASP 615  , 0     0    56   ARG 57   ,1.0,46800.0
 3     3   152   ARG 153  , 3     3   142   ASP 143  ,1.0,46800.0
 3     3   220   ASP 221  , 3     3   216   LYS 217  ,1.0,46800.0
 0     0   688   GLU 689  , 0     0   680   ARG 681  ,1.0,46800.0
 0     0   676   ARG 677  , 0     0   603   ASP 604  ,1.0,46800.0
 3     3   329   ARG 330  , 3     3   257   ASP 258  ,1.0,46800.0
 3     3   329   ARG 330  , 3     3   306   ASP 307  ,1.0,46800.0
 3     3   332   ARG 333  , 3     3   257   ASP 258  ,1.0,46800.0
 3     3   335   ARG 336  , 3     3   263   ASP 264  ,1.0,46800.0
 3     3   335   ARG 336  , 3     3   298   ASP 299  ,1.0,46800.0
 2     2   507   ARG 508  , 1     1   534   ASP 535  ,1.0,46800.0
 3     3   674   ARG 675  , 3     3   618   ASP 619  ,1.0,46800.0
 0     0   674   ARG 675  , 0     0   618   ASP 619  ,1.0,46800.0
 1     1   563   ARG 564  , 1     1   559   ASP 560  ,1.0,46800.0
 1     1   578   ASP 579  , 1     1   507   ARG 508  ,1.0,46800.0
 1     1   335   ARG 336  , 1     1   263   ASP 264  ,1.0,46800.0
 2     2   175   GLU 176  , 2     2   161   ARG 162  ,1.0,46800.0
 1     1   332   ARG 333  , 1     1   257   ASP 258  ,1.0,46800.0
 4     4     0   ARG 1    , 0     0   397   ASP 398  ,1.0,46800.0
 1     1   329   ARG 330  , 1     1   257   ASP 258  ,1.0,46800.0
 1     1   329   ARG 330  , 1     1   253   ASP 254  ,1.0,46800.0
 2     2   220   ASP 221  , 2     2   216   LYS 217  ,1.0,46800.0
 2     2   329   ARG 330  , 2     2   257   ASP 258  ,1.0,46800.0
 2     2   332   ARG 333  , 2     2   257   ASP 258  ,1.0,46800.0
 2     2   335   ARG 336  , 2     2   263   ASP 264  ,1.0,46800.0
 2     2   335   ARG 336  , 2     2   298   ASP 299  ,1.0,46800.0
 4     4    19   ARG 20   , 4     4     3   ASP 4    ,1.0,46800.0
 1     1   585   GLU 586  , 0     0   563   ARG 564  ,1.0,46800.0
 3     3   684   ASP 685  , 3     3   680   ARG 681  ,1.0,46800.0
 2     2   345   GLU 346  , 2     2     6   ARG 7    ,1.0,46800.0
 1     1   674   ARG 675  , 1     1   618   ASP 619  ,1.0,46800.0
 3     3   341   ASP 342  , 3     3     7   ARG 8    ,0.9978632478632479,46700.0
 2     2   493   ASP 494  , 0     0     0   MET 1    ,0.9978632478632479,46700.0
 3     3   326   LYS 327  , 3     3   316   GLU 317  ,0.9978632478632479,46700.0
 1     1   335   ARG 336  , 1     1   298   ASP 299  ,0.9978632478632479,46700.0
 0     0   634   ARG 635  , 0     0   599   GLU 600  ,0.9978632478632479,46700.0
 2     2   338   ARG 339  , 2     2   220   ASP 221  ,0.9978632478632479,46700.0
 2     2   338   ARG 339  , 2     2   263   ASP 264  ,0.9978632478632479,46700.0
 1     1   220   ASP 221  , 1     1   216   LYS 217  ,0.9978632478632479,46700.0
 2     2   684   ASP 685  , 2     2   680   ARG 681  ,0.9978632478632479,46700.0
 1     1   634   ARG 635  , 1     1   599   GLU 600  ,0.9978632478632479,46700.0
 0     0   338   ARG 339  , 0     0   298   ASP 299  ,0.9978632478632479,46700.0
 0     0   220   ASP 221  , 0     0   216   LYS 217  ,0.9978632478632479,46700.0
 0     0   721   GLU 722  , 0     0   717   ARG 718  ,0.9957264957264957,46600.0
 0     0   103   ARG 104  , 0     0    72   GLU 73   ,0.9957264957264957,46600.0
 3     3   192   ASP 193  , 3     3    23   ARG 24   ,0.9935897435897436,46500.0
 3     3   585   GLU 586  , 2     2   563   ARG 564  ,0.9935897435897436,46500.0
 0     0   684   ASP 685  , 0     0   680   ARG 681  ,0.9935897435897436,46500.0
 0     0   674   ARG 675  , 0     0   623   GLU 624  ,0.9914529914529915,46400.0
 3     3   688   GLU 689  , 3     3   680   ARG 681  ,0.9893162393162394,46300.0
 1     1   329   ARG 330  , 1     1   306   ASP 307  ,0.9893162393162394,46300.0
 2     2   688   GLU 689  , 2     2   680   ARG 681  ,0.9893162393162394,46300.0
 0     0   721   GLU 722  , 0     0   696   LYS 697  ,0.9871794871794872,46200.0
 3     3   614   ASP 615  , 2     2    56   ARG 57   ,0.9871794871794872,46200.0
 3     3   578   ASP 579  , 3     3   507   ARG 508  ,0.9871794871794872,46200.0
 0     0   152   ARG 153  , 0     0   140   GLU 141  ,0.9850427350427351,46100.0
 2     2   185   GLU 186  , 2     2   182   ARG 183  ,0.9829059829059829,46000.0
 0     0   101   LYS 102  , 0     0    58   GLU 59   ,0.9807692307692307,45900.0
 3     3   563   ARG 564  , 3     3   534   ASP 535  ,0.9786324786324786,45800.0
 2     2   329   ARG 330  , 2     2   253   ASP 254  ,0.9764957264957265,45700.0
 1     1   510   ASP 511  , 0     0     7   ARG 8    ,0.9743589743589743,45600.0
 2     2   192   ASP 193  , 2     2    23   ARG 24   ,0.9700854700854701,45400.0
 2     2   101   LYS 102  , 2     2    58   GLU 59   ,0.9700854700854701,45400.0
 2     2   326   LYS 327  , 2     2   306   ASP 307  ,0.9700854700854701,45400.0
 3     3   136   LYS 137  , 3     3    95   GLU 96   ,0.9636752136752137,45100.0
 1     1   676   ARG 677  , 1     1   603   ASP 604  ,0.9615384615384616,45000.0
 1     1   710   ARG 711  , 1     1   706   ASP 707  ,0.9594017094017094,44900.0
 0     0   332   ARG 333  , 0     0   253   ASP 254  ,0.9594017094017094,44900.0
 2     2   136   LYS 137  , 2     2    95   GLU 96   ,0.9572649572649573,44800.0
 3     3   486   GLU 487  , 2     2   483   ARG 484  ,0.9551282051282052,44700.0
 1     1   563   ARG 564  , 1     1   538   ASP 539  ,0.9551282051282052,44700.0
 3     3   101   LYS 102  , 3     3    58   GLU 59   ,0.9508547008547008,44500.0
 2     2   676   ARG 677  , 2     2   603   ASP 604  ,0.9508547008547008,44500.0
 1     1   684   ASP 685  , 1     1   680   ARG 681  ,0.9465811965811965,44300.0
 0     0   326   LYS 327  , 0     0   306   ASP 307  ,0.9444444444444444,44200.0
 1     1   101   LYS 102  , 1     1    58   GLU 59   ,0.9444444444444444,44200.0
 2     2   710   ARG 711  , 2     2   706   ASP 707  ,0.938034188034188,43900.0
 0     0   136   LYS 137  , 0     0    95   GLU 96   ,0.938034188034188,43900.0
 3     3   676   ARG 677  , 3     3   603   ASP 604  ,0.9358974358974359,43800.0
 1     1   721   GLU 722  , 0     0   555   ARG 556  ,0.9316239316239316,43600.0
 3     3   483   ARG 484  , 0     0   486   GLU 487  ,0.9294871794871795,43500.0
 3     3   185   GLU 186  , 3     3   161   ARG 162  ,0.9294871794871795,43500.0
 0     0   563   ARG 564  , 0     0   534   ASP 535  ,0.9209401709401709,43100.0
 1     1   711   ARG 712  , 1     1   691   GLU 692  ,0.9209401709401709,43100.0
 0     0   523   ASP 524  , 0     0   483   ARG 484  ,0.9123931623931624,42700.0
 2     2   386   ARG 387  , 2     2   379   ASP 380  ,0.905982905982906,42400.0
 1     1   688   GLU 689  , 1     1   680   ARG 681  ,0.905982905982906,42400.0
 0     0   141   ASP 142  , 0     0   103   ARG 104  ,0.9038461538461539,42300.0
 1     1   721   GLU 722  , 0     0   665   ARG 666  ,0.9017094017094017,42200.0
 0     0   152   ARG 153  , 0     0   142   ASP 143  ,0.9017094017094017,42200.0
 0     0   335   ARG 336  , 0     0   298   ASP 299  ,0.8974358974358975,42000.0
 2     2   486   GLU 487  , 1     1   483   ARG 484  ,0.8952991452991453,41900.0
 0     0    87   GLU 88   , 0     0    83   ARG 84   ,0.8952991452991453,41900.0
 3     3   179   LYS 180  , 3     3    95   GLU 96   ,0.8952991452991453,41900.0
 0     0   720   LYS 721  , 0     0   689   GLU 690  ,0.8931623931623932,41800.0
 0     0   386   ARG 387  , 0     0   376   GLU 377  ,0.8888888888888888,41600.0
 0     0    81   LYS 82   , 0     0    77   ASP 78   ,0.8696581196581197,40700.0
 0     0    83   ARG 84   , 0     0    80   GLU 81   ,0.8632478632478633,40400.0
 1     1   136   LYS 137  , 1     1    95   GLU 96   ,0.8568376068376068,40100.0
 0     0   341   ASP 342  , 0     0   339   LYS 340  ,0.8547008547008547,40000.0
 2     2   674   ARG 675  , 2     2   618   ASP 619  ,0.8525641025641025,39900.0
 1     1   507   ARG 508  , 0     0   534   ASP 535  ,0.844017094017094,39500.0
 2     2   692   ARG 693  , 2     2   689   GLU 690  ,0.8397435897435898,39300.0
 3     3   326   LYS 327  , 3     3   306   ASP 307  ,0.8333333333333334,39000.0
 0     0   710   ARG 711  , 0     0   706   ASP 707  ,0.8311965811965812,38900.0
 1     1   152   ARG 153  , 1     1   142   ASP 143  ,0.8269230769230769,38700.0
 2     2   397   ASP 398  , 1     1   449   LYS 450  ,0.8247863247863247,38600.0
 3     3    81   LYS 82   , 3     3    77   ASP 78   ,0.8247863247863247,38600.0
 0     0   645   LYS 646  , 0     0   588   ASP 589  ,0.8141025641025641,38100.0
 1     1   698   GLU 699  , 1     1   687   ARG 688  ,0.8076923076923077,37800.0
 0     0   692   ARG 693  , 0     0   688   GLU 689  ,0.7735042735042735,36200.0
 1     1   695   ARG 696  , 1     1   690   GLU 691  ,0.7713675213675214,36100.0
 3     3   687   ARG 688  , 3     3   684   ASP 685  ,0.7692307692307693,36000.0
 1     1    87   GLU 88   , 1     1    83   ARG 84   ,0.7670940170940171,35900.0
 3     3   182   ARG 183  , 3     3    26   ASP 27   ,0.7670940170940171,35900.0
 2     2    83   ARG 84   , 2     2    80   GLU 81   ,0.7649572649572649,35800.0
 3     3   647   ASP 648  , 3     3   646   ARG 647  ,0.7585470085470085,35500.0
 2     2   687   ARG 688  , 2     2   684   ASP 685  ,0.7564102564102564,35400.0
 1     1   326   LYS 327  , 1     1   306   ASP 307  ,0.7371794871794872,34500.0
 0     0   563   ARG 564  , 0     0   538   ASP 539  ,0.7371794871794872,34500.0
 0     0    22   ARG 23   , 0     0    18   GLU 19   ,0.7286324786324786,34100.0
 3     3   507   ARG 508  , 2     2   534   ASP 535  ,0.7200854700854701,33700.0
 1     1   715   ARG 716  , 1     1   691   GLU 692  ,0.7200854700854701,33700.0
 1     1   203   LYS 204  , 1     1   200   GLU 201  ,0.7158119658119658,33500.0
 3     3   383   LYS 384  , 3     3   374   ASP 375  ,0.7158119658119658,33500.0
 0     0   675   LYS 676  , 0     0   623   GLU 624  ,0.7158119658119658,33500.0
 3     3    83   ARG 84   , 3     3    80   GLU 81   ,0.7072649572649573,33100.0
 2     2   341   ASP 342  , 2     2     6   ARG 7    ,0.6944444444444444,32500.0
 2     2    81   LYS 82   , 2     2    77   ASP 78   ,0.6923076923076923,32400.0
 0     0   284   LYS 285  , 0     0   282   ASP 283  ,0.6837606837606838,32000.0
 2     2   721   GLU 722  , 2     2   715   ARG 716  ,0.6794871794871795,31800.0
 2     2   411   LYS 412  , 2     2   381   ASP 382  ,0.6709401709401709,31399.999999999996
 3     3   692   ARG 693  , 3     3   689   GLU 690  ,0.6645299145299145,31100.0
 1     1   691   GLU 692  , 1     1   687   ARG 688  ,0.6581196581196581,30800.0
 0     0   691   GLU 692  , 0     0   687   ARG 688  ,0.6581196581196581,30800.0
 3     3   563   ARG 564  , 3     3   538   ASP 539  ,0.655982905982906,30700.0
 3     3   674   ARG 675  , 3     3   623   GLU 624  ,0.6538461538461539,30600.0
 0     0   647   ASP 648  , 0     0   646   ARG 647  ,0.6538461538461539,30600.0
 3     3   520   ARG 521  , 2     2   345   GLU 346  ,0.6517094017094017,30500.0
 0     0   698   GLU 699  , 0     0   696   LYS 697  ,0.6495726495726496,30400.0
 1     1   345   GLU 346  , 1     1     6   ARG 7    ,0.6495726495726496,30400.0
 2     2   182   ARG 183  , 2     2    26   ASP 27   ,0.6431623931623932,30100.000000000004
 3     3   534   ASP 535  , 0     0   507   ARG 508  ,0.6388888888888888,29899.999999999996
 1     1   386   ARG 387  , 1     1   379   ASP 380  ,0.6388888888888888,29899.999999999996
 2     2   645   LYS 646  , 2     2   588   ASP 589  ,0.6346153846153846,29700.0
 1     1    83   ARG 84   , 1     1    80   GLU 81   ,0.6346153846153846,29700.0
 1     1   179   LYS 180  , 1     1    95   GLU 96   ,0.6324786324786325,29600.0
 3     3   645   LYS 646  , 3     3   588   ASP 589  ,0.6260683760683761,29300.0
 0     0   345   GLU 346  , 0     0     6   ARG 7    ,0.6260683760683761,29300.0
 3     3   339   LYS 340  , 3     3   220   ASP 221  ,0.6217948717948718,29100.0
 0     0   690   GLU 691  , 0     0   687   ARG 688  ,0.6175213675213675,28900.0
 1     1    22   ARG 23   , 1     1    18   GLU 19   ,0.6132478632478633,28700.000000000004
 3     3   175   GLU 176  , 3     3   136   LYS 137  ,0.6132478632478633,28700.000000000004
 1     1   721   GLU 722  , 1     1   717   ARG 718  ,0.6111111111111112,28600.000000000004
 3     3   691   GLU 692  , 3     3   687   ARG 688  ,0.6068376068376068,28399.999999999996
 3     3   710   ARG 711  , 3     3   706   ASP 707  ,0.5961538461538461,27900.0
 3     3   563   ARG 564  , 0     0   585   GLU 586  ,0.5961538461538461,27900.0
 0     0   173   LYS 174  , 0     0    26   ASP 27   ,0.5918803418803419,27700.0
 1     1    81   LYS 82   , 1     1    77   ASP 78   ,0.5897435897435898,27600.0
 2     2   691   GLU 692  , 2     2   687   ARG 688  ,0.5876068376068376,27500.0
 2     2   506   GLU 507  , 2     2   502   LYS 503  ,0.5769230769230769,26999.999999999996
 2     2    50   LYS 51   , 2     2    46   ASP 47   ,0.561965811965812,26300.0
 3     3   329   ARG 330  , 3     3   253   ASP 254  ,0.5576923076923077,26100.0
 3     3     6   ARG 7    , 0     0   510   ASP 511  ,0.5534188034188035,25900.0
 3     3   185   GLU 186  , 3     3   182   ARG 183  ,0.5512820512820513,25800.000000000004
 3     3    50   LYS 51   , 3     3    46   ASP 47   ,0.5470085470085471,25600.000000000004
 3     3   520   ARG 521  , 2     2   341   ASP 342  ,0.5427350427350427,25399.999999999996
 1     1   339   LYS 340  , 1     1   220   ASP 221  ,0.5427350427350427,25399.999999999996
 1     1   692   ARG 693  , 1     1   689   GLU 690  ,0.5277777777777778,24700.0
 1     1   411   LYS 412  , 1     1   316   GLU 317  ,0.5277777777777778,24700.0
 1     1   278   GLU 279  , 1     1     7   ARG 8    ,0.5235042735042735,24500.0
 2     2    87   GLU 88   , 2     2    83   ARG 84   ,0.5192307692307693,24300.000000000004
 2     2   145   LYS 146  , 2     2   142   ASP 143  ,0.5149572649572649,24099.999999999996
 1     1   149   LYS 150  , 1     1   141   ASP 142  ,0.5149572649572649,24099.999999999996
 0     0   721   GLU 722  , 0     0   692   ARG 693  ,0.5106837606837606,23900.0
 0     0   717   ARG 718  , 0     0   698   GLU 699  ,0.5064102564102564,23700.0
 3     3   692   ARG 693  , 3     3   688   GLU 689  ,0.5,23400.0
 4     4    35   LYS 36   , 4     4    33   ASP 34   ,0.49786324786324787,23300.0
 2     2   692   ARG 693  , 2     2   688   GLU 689  ,0.48504273504273504,22700.0
 0     0   411   LYS 412  , 0     0   374   ASP 375  ,0.47435897435897434,22200.0
 1     1   103   ARG 104  , 1     1    72   GLU 73   ,0.4722222222222222,22100.0
 3     3   386   ARG 387  , 3     3   379   ASP 380  ,0.4658119658119658,21800.0
 4     4    33   ASP 34   , 4     4    26   ARG 27   ,0.4636752136752137,21700.0
 1     1   278   GLU 279  , 1     1    22   ARG 23   ,0.46153846153846156,21600.0
 3     3   640   ASP 641  , 3     3   546   LYS 547  ,0.43803418803418803,20500.0
 1     1   588   ASP 589  , 0     0   533   LYS 534  ,0.4337606837606838,20300.0
 0     0   506   GLU 507  , 0     0   502   LYS 503  ,0.4252136752136752,19900.0
 1     1    50   LYS 51   , 1     1    46   ASP 47   ,0.4188034188034188,19600.0
 2     2   651   LYS 652  , 2     2   568   GLU 569  ,0.4166666666666667,19500.0
 1     1   175   GLU 176  , 1     1   161   ARG 162  ,0.41239316239316237,19300.0
 3     3   533   LYS 534  , 0     0   585   GLU 586  ,0.40384615384615385,18900.0
 3     3   675   LYS 676  , 3     3   623   GLU 624  ,0.4017094017094017,18800.0
 0     0   578   ASP 579  , 0     0   507   ARG 508  ,0.3974358974358974,18600.0
 0     0   200   GLU 201  , 0     0   198   LYS 199  ,0.38675213675213677,18100.0
 2     2   526   LYS 527  , 2     2   523   ASP 524  ,0.38461538461538464,18000.0
 1     1   316   GLU 317  , 1     1   243   ARG 244  ,0.3782051282051282,17700.0
 2     2   152   ARG 153  , 2     2   140   GLU 141  ,0.3782051282051282,17700.0
 0     0   681   LYS 682  , 0     0   605   GLU 606  ,0.3696581196581197,17300.0
 1     1   526   LYS 527  , 1     1   523   ASP 524  ,0.36752136752136755,17200.0
 2     2   698   GLU 699  , 2     2   694   LYS 695  ,0.36538461538461536,17100.0
 3     3   413   GLU 414  , 3     3   411   LYS 412  ,0.36324786324786323,17000.0
 3     3   200   GLU 201  , 3     3   198   LYS 199  ,0.3547008547008547,16600.0
 2     2    22   ARG 23   , 2     2    18   GLU 19   ,0.3547008547008547,16600.0
 1     1   418   LYS 419  , 1     1   413   GLU 414  ,0.3547008547008547,16600.0
 2     2   179   LYS 180  , 2     2    95   GLU 96   ,0.3547008547008547,16600.0
 3     3   203   LYS 204  , 3     3   200   GLU 201  ,0.3547008547008547,16600.0
 1     1   692   ARG 693  , 1     1   688   GLU 689  ,0.3482905982905983,16300.0
 1     1   506   GLU 507  , 1     1   502   LYS 503  ,0.34615384615384615,16200.0
 3     3   506   GLU 507  , 3     3   502   LYS 503  ,0.34615384615384615,16200.0
 1     1   374   ASP 375  , 1     1   241   LYS 242  ,0.33974358974358976,15900.0
 1     1   687   ARG 688  , 1     1   684   ASP 685  ,0.33547008547008544,15699.999999999998
 0     0   694   LYS 695  , 0     0   691   GLU 692  ,0.3333333333333333,15600.0
 2     2   507   ARG 508  , 1     1   538   ASP 539  ,0.32264957264957267,15100.000000000002
 3     3   315   ASP 316  , 3     3   243   ARG 244  ,0.32264957264957267,15100.000000000002
 1     1   651   LYS 652  , 1     1   647   ASP 648  ,0.3141025641025641,14700.0
 3     3   345   GLU 346  , 3     3     7   ARG 8    ,0.31196581196581197,14600.0
 2     2   496   LYS 497  , 2     2   493   ASP 494  ,0.30982905982905984,14500.0
 3     3    87   GLU 88   , 0     0   686   LYS 687  ,0.30982905982905984,14500.0
 3     3   695   ARG 696  , 3     3   691   GLU 692  ,0.3076923076923077,14400.0
 3     3    22   ARG 23   , 3     3    18   GLU 19   ,0.3055555555555556,14300.000000000002
 3     3   316   GLU 317  , 3     3   241   LYS 242  ,0.30128205128205127,14100.0
 3     3   386   ARG 387  , 3     3   376   GLU 377  ,0.2863247863247863,13400.0
 0     0   386   ARG 387  , 0     0   379   ASP 380  ,0.2799145299145299,13100.0
 1     1   651   LYS 652  , 1     1   568   GLU 569  ,0.2799145299145299,13100.0
 2     2   695   ARG 696  , 2     2   691   GLU 692  ,0.27564102564102566,12900.000000000002
 3     3    87   GLU 88   , 3     3    83   ARG 84   ,0.27136752136752135,12699.999999999998
 0     0   203   LYS 204  , 0     0   200   GLU 201  ,0.2670940170940171,12500.0
 2     2   674   ARG 675  , 2     2   623   GLU 624  ,0.2670940170940171,12500.0
 3     3   145   LYS 146  , 3     3   141   ASP 142  ,0.26282051282051283,12300.0
 1     1   695   ARG 696  , 1     1   689   GLU 690  ,0.2606837606837607,12200.0
 3     3   694   LYS 695  , 3     3   690   GLU 691  ,0.25427350427350426,11900.0
 0     0   316   GLU 317  , 0     0   243   ARG 244  ,0.25213675213675213,11800.0
 3     3   526   LYS 527  , 3     3   523   ASP 524  ,0.25,11700.0
 1     1   448   GLU 449  , 1     1   386   ARG 387  ,0.24786324786324787,11600.0
 0     0   695   ARG 696  , 0     0   691   GLU 692  ,0.24358974358974358,11400.0
 1     1   142   ASP 143  , 1     1   103   ARG 104  ,0.24145299145299146,11300.0
 0     0   689   GLU 690  , 0     0   686   LYS 687  ,0.23931623931623933,11200.0
 2     2   278   GLU 279  , 2     2     7   ARG 8    ,0.23717948717948717,11100.0
 1     1   200   GLU 201  , 1     1   198   LYS 199  ,0.2329059829059829,10900.0
 3     3   284   LYS 285  , 3     3   282   ASP 283  ,0.22863247863247863,10700.0
 3     3   686   LYS 687  , 2     2    87   GLU 88   ,0.22435897435897437,10500.0
 3     3   721   GLU 722  , 3     3   715   ARG 716  ,0.2222222222222222,10400.0
 0     0    50   LYS 51   , 0     0    46   ASP 47   ,0.22008547008547008,10300.0
 0     0   341   ASP 342  , 0     0     6   ARG 7    ,0.22008547008547008,10300.0
 2     2   647   ASP 648  , 2     2   645   LYS 646  ,0.21581196581196582,10100.0
 1     1   526   LYS 527  , 1     1   525   GLU 526  ,0.21367521367521367,10000.0
 0     0   496   LYS 497  , 0     0   493   ASP 494  ,0.21153846153846154,9900.0
 1     1   341   ASP 342  , 1     1   338   ARG 339  ,0.2094017094017094,9800.0
 1     1   645   LYS 646  , 1     1   588   ASP 589  ,0.20726495726495728,9700.0
 3     3   493   ASP 494  , 3     3   492   ARG 493  ,0.20512820512820512,9600.0
 1     1   198   LYS 199  , 1     1   118   GLU 119  ,0.20085470085470086,9400.0
 1     1   120   ASP 121  , 1     1   116   ARG 117  ,0.19658119658119658,9200.0
 3     3   651   LYS 652  , 3     3   568   GLU 569  ,0.19658119658119658,9200.0
 1     1   284   LYS 285  , 1     1   282   ASP 283  ,0.19230769230769232,9000.0
 2     2   152   ARG 153  , 2     2   141   ASP 142  ,0.18803418803418803,8800.0
 0     0   192   ASP 193  , 0     0   116   ARG 117  ,0.1858974358974359,8700.0
 1     1   493   ASP 494  , 0     0   520   ARG 521  ,0.18376068376068377,8600.0
 3     3   681   LYS 682  , 3     3   605   GLU 606  ,0.18376068376068377,8600.0
 1     1   493   ASP 494  , 1     1   492   ARG 493  ,0.1752136752136752,8200.0
 1     1   520   ARG 521  , 0     0   345   GLU 346  ,0.17094017094017094,8000.0
 3     3   341   ASP 342  , 3     3   338   ARG 339  ,0.16880341880341881,7900.000000000001
 2     2   200   GLU 201  , 2     2   198   LYS 199  ,0.16880341880341881,7900.000000000001
 2     2   198   LYS 199  , 2     2   120   ASP 121  ,0.16666666666666666,7800.0
 3     3   278   GLU 279  , 0     0   520   ARG 521  ,0.16666666666666666,7800.0
 0     0   149   LYS 150  , 0     0   141   ASP 142  ,0.16452991452991453,7700.0
 0     0   646   ARG 647  , 0     0   588   ASP 589  ,0.16452991452991453,7700.0
 3     3   717   ARG 718  , 3     3   698   GLU 699  ,0.1623931623931624,7600.0
 2     2   681   LYS 682  , 2     2   605   GLU 606  ,0.1623931623931624,7600.0
 1     1   182   ARG 183  , 1     1    95   GLU 96   ,0.16025641025641027,7500.000000000001
 2     2   688   GLU 689  , 2     2   687   ARG 688  ,0.1581196581196581,7400.0
 2     2   203   LYS 204  , 2     2   200   GLU 201  ,0.1581196581196581,7400.0
 3     3   720   LYS 721  , 3     3   698   GLU 699  ,0.15384615384615385,7200.0
 3     3   698   GLU 699  , 3     3   694   LYS 695  ,0.15384615384615385,7200.0
 1     1   413   GLU 414  , 1     1   411   LYS 412  ,0.15384615384615385,7200.0
 2     2   694   LYS 695  , 2     2   690   GLU 691  ,0.1517094017094017,7099.999999999999
 2     2   341   ASP 342  , 2     2   339   LYS 340  ,0.14743589743589744,6900.0
 3     3   612   LYS 613  , 3     3   550   GLU 551  ,0.1452991452991453,6800.000000000001
 0     0   316   GLU 317  , 0     0   241   LYS 242  ,0.14316239316239315,6700.0
 1     1   386   ARG 387  , 1     1   380   GLU 381  ,0.14316239316239315,6700.0
 3     3   413   GLU 414  , 3     3   243   ARG 244  ,0.13675213675213677,6400.000000000001
 3     3   654   GLU 655  , 3     3   651   LYS 652  ,0.13247863247863248,6200.0
 1     1   647   ASP 648  , 1     1   645   LYS 646  ,0.13034188034188035,6100.0
 3     3   689   GLU 690  , 3     3   686   LYS 687  ,0.13034188034188035,6100.0
 1     1   645   LYS 646  , 1     1   568   GLU 569  ,0.13034188034188035,6100.0
 3     3    87   GLU 88   , 0     0   720   LYS 721  ,0.1282051282051282,5999.999999999999
 0     0   612   LYS 613  , 0     0   550   GLU 551  ,0.1282051282051282,5999.999999999999
 1     1   555   ARG 556  , 1     1   550   GLU 551  ,0.1282051282051282,5999.999999999999
 2     2   339   LYS 340  , 2     2   220   ASP 221  ,0.1282051282051282,5999.999999999999
 2     2   152   ARG 153  , 2     2   142   ASP 143  ,0.12606837606837606,5900.0
 3     3   103   ARG 104  , 3     3    72   GLU 73   ,0.12606837606837606,5900.0
 4     4    26   ARG 27   , 3     3   397   ASP 398  ,0.12179487179487179,5700.0
 3     3   688   GLU 689  , 3     3   687   ARG 688  ,0.11965811965811966,5600.0
 3     3   721   GLU 722  , 3     3   694   LYS 695  ,0.11965811965811966,5600.0
 3     3   520   ARG 521  , 0     0   493   ASP 494  ,0.11752136752136752,5500.0
 3     3   496   LYS 497  , 3     3   493   ASP 494  ,0.11752136752136752,5500.0
 1     1   198   LYS 199  , 1     1   120   ASP 121  ,0.11538461538461539,5400.0
 3     3   706   ASP 707  , 3     3   695   ARG 696  ,0.11324786324786325,5300.0
 2     2   526   LYS 527  , 2     2   525   GLU 526  ,0.11324786324786325,5300.0
 1     1   339   LYS 340  , 1     1   263   ASP 264  ,0.1111111111111111,5200.0
 0     0   198   LYS 199  , 0     0   118   GLU 119  ,0.10683760683760683,5000.0
 3     3   612   LYS 613  , 2     2    18   GLU 19   ,0.1047008547008547,4900.0
 0     0   651   LYS 652  , 0     0   568   GLU 569  ,0.1047008547008547,4900.0
 0     0   694   LYS 695  , 0     0   690   GLU 691  ,0.1047008547008547,4900.0
 3     3   588   ASP 589  , 2     2   533   LYS 534  ,0.10256410256410256,4800.0
