 1     1   516   TRP 517  , 1     1   484   TYR 485  ,1.0,46800.0
 0     0   125   PHE 126  , 0     0    86   PHE 87   ,1.0,46800.0
 0     0   390   TRP 391  , 0     0   369   TRP 370  ,1.0,46800.0
 3     3   125   PHE 126  , 3     3    86   PHE 87   ,1.0,46800.0
 1     1   125   PHE 126  , 1     1    86   PHE 87   ,1.0,46800.0
 1     1   390   TRP 391  , 1     1   369   TRP 370  ,1.0,46800.0
 2     2   467   PHE 468  , 2     2   463   TYR 464  ,1.0,46800.0
 2     2   390   TRP 391  , 2     2   369   TRP 370  ,1.0,46800.0
 1     1   520   ARG 521  , 1     1   516   TRP 517  ,0.9978632478632479,46700.0
 2     2   125   PHE 126  , 2     2    86   PHE 87   ,0.9978632478632479,46700.0
 3     3   516   TRP 517  , 3     3   484   TYR 485  ,0.9978632478632479,46700.0
 0     0   332   ARG 333  , 0     0   260   PHE 261  ,0.9957264957264957,46600.0
 0     0   663   PHE 664  , 0     0   621   TRP 622  ,0.9957264957264957,46600.0
 0     0   335   ARG 336  , 0     0   260   PHE 261  ,0.9957264957264957,46600.0
 1     1   343   TYR 344  , 1     1   342   HIS 343  ,0.9935897435897436,46500.0
 3     3   428   PHE 429  , 3     3   369   TRP 370  ,0.9935897435897436,46500.0
 2     2   428   PHE 429  , 2     2   369   TRP 370  ,0.9914529914529915,46400.0
 3     3   390   TRP 391  , 3     3   369   TRP 370  ,0.9914529914529915,46400.0
 3     3   178   HIS 179  , 3     3   135   PHE 136  ,0.9914529914529915,46400.0
 2     2   520   ARG 521  , 2     2   484   TYR 485  ,0.9871794871794872,46200.0
 1     1   554   PHE 555  , 1     1   548   PHE 549  ,0.9871794871794872,46200.0
 0     0   656   TYR 657  , 0     0   655   PHE 656  ,0.9871794871794872,46200.0
 3     3   563   ARG 564  , 0     0   582   HIS 583  ,0.9829059829059829,46000.0
 0     0   467   PHE 468  , 0     0   463   TYR 464  ,0.9786324786324786,45800.0
 1     1   129   PHE 130  , 1     1    48   PHE 49   ,0.9722222222222222,45500.0
 1     1   412   TRP 413  , 1     1   402   TYR 403  ,0.9722222222222222,45500.0
 1     1   370   TYR 371  , 1     1   240   PHE 241  ,0.9722222222222222,45500.0
 1     1   428   PHE 429  , 1     1   369   TRP 370  ,0.9722222222222222,45500.0
 0     0   332   ARG 333  , 0     0   329   ARG 330  ,0.9700854700854701,45400.0
 3     3   545   ARG 546  , 3     3   542   HIS 543  ,0.9700854700854701,45400.0
 4     4    20   PHE 21   , 4     4     0   ARG 1    ,0.967948717948718,45300.0
 3     3   412   TRP 413  , 3     3   404   PHE 405  ,0.9658119658119658,45200.0
 1     1   332   ARG 333  , 1     1   260   PHE 261  ,0.9636752136752137,45100.0
 0     0   103   ARG 104  , 0     0    99   TYR 100  ,0.9615384615384616,45000.0
 3     3   129   PHE 130  , 3     3    48   PHE 49   ,0.9615384615384616,45000.0
 3     3   212   TYR 213  , 3     3   211   HIS 212  ,0.9508547008547008,44500.0
 1     1   582   HIS 583  , 0     0   563   ARG 564  ,0.9487179487179487,44400.0
 3     3   582   HIS 583  , 2     2   563   ARG 564  ,0.9487179487179487,44400.0
 1     1    68   PHE 69   , 1     1    54   TYR 55   ,0.9465811965811965,44300.0
 3     3    56   ARG 57   , 3     3    43   TYR 44   ,0.9465811965811965,44300.0
 2     2   412   TRP 413  , 2     2   404   PHE 405  ,0.9444444444444444,44200.0
 1     1   656   TYR 657  , 1     1   655   PHE 656  ,0.9337606837606838,43700.0
 1     1   663   PHE 664  , 1     1   554   PHE 555  ,0.9316239316239316,43600.0
 0     0   592   PHE 593  , 0     0   551   HIS 552  ,0.9252136752136753,43300.0
 1     1   545   ARG 546  , 1     1   542   HIS 543  ,0.9252136752136753,43300.0
 3     3   569   PHE 570  , 3     3   548   PHE 549  ,0.9145299145299145,42800.0
 2     2   335   ARG 336  , 2     2   260   PHE 261  ,0.9081196581196581,42500.0
 0     0   422   TYR 423  , 0     0   236   TYR 237  ,0.905982905982906,42400.0
 2     2    86   PHE 87   , 2     2    39   TRP 40   ,0.9038461538461539,42300.0
 2     2   332   ARG 333  , 2     2   260   PHE 261  ,0.9038461538461539,42300.0
 0     0   554   PHE 555  , 0     0   548   PHE 549  ,0.9038461538461539,42300.0
 0     0   679   PHE 680  , 0     0   676   ARG 677  ,0.8974358974358975,42000.0
 0     0   129   PHE 130  , 0     0    48   PHE 49   ,0.8910256410256411,41700.0
 0     0   438   PHE 439  , 0     0   427   TYR 428  ,0.8888888888888888,41600.0
 0     0   428   PHE 429  , 0     0   369   TRP 370  ,0.8867521367521367,41500.0
 2     2   592   PHE 593  , 2     2   551   HIS 552  ,0.8824786324786325,41300.0
 3     3   332   ARG 333  , 3     3   260   PHE 261  ,0.8824786324786325,41300.0
 0     0    68   PHE 69   , 0     0    54   TYR 55   ,0.8824786324786325,41300.0
 2     2    68   PHE 69   , 2     2    54   TYR 55   ,0.8803418803418803,41200.0
 2     2   212   TYR 213  , 2     2   211   HIS 212  ,0.8696581196581197,40700.0
 0     0   342   HIS 343  , 0     0   221   TRP 222  ,0.8653846153846154,40500.0
 1     1   402   TYR 403  , 1     1   378   PHE 379  ,0.8632478632478633,40400.0
 1     1   485   HIS 486  , 0     0   346   TYR 347  ,0.8589743589743589,40200.0
 2     2   656   TYR 657  , 2     2   655   PHE 656  ,0.8568376068376068,40100.0
 2     2   422   TYR 423  , 2     2   236   TYR 237  ,0.8525641025641025,39900.0
 2     2   467   PHE 468  , 1     1   467   PHE 468  ,0.8482905982905983,39700.0
 2     2   103   ARG 104  , 2     2    99   TYR 100  ,0.8333333333333334,39000.0
 2     2   422   TYR 423  , 2     2   240   PHE 241  ,0.8290598290598291,38800.0
 1     1   569   PHE 570  , 1     1   548   PHE 549  ,0.8205128205128205,38400.0
 0     0   665   ARG 666  , 0     0   661   HIS 662  ,0.8183760683760684,38300.0
 0     0   516   TRP 517  , 0     0   484   TYR 485  ,0.8141025641025641,38100.0
 3     3    68   PHE 69   , 3     3    54   TYR 55   ,0.8098290598290598,37900.0
 1     1   485   HIS 486  , 1     1   484   TYR 485  ,0.8098290598290598,37900.0
 2     2   370   TYR 371  , 2     2   240   PHE 241  ,0.7948717948717948,37200.0
 1     1   646   ARG 647  , 1     1   620   PHE 621  ,0.782051282051282,36600.0
 2     2   467   PHE 468  , 1     1   463   TYR 464  ,0.7799145299145299,36500.0
 2     2   125   PHE 126  , 2     2    39   TRP 40   ,0.7585470085470085,35500.0
 1     1   592   PHE 593  , 1     1   551   HIS 552  ,0.7585470085470085,35500.0
 0     0    86   PHE 87   , 0     0    39   TRP 40   ,0.7585470085470085,35500.0
 0     0   125   PHE 126  , 0     0    39   TRP 40   ,0.7542735042735043,35300.0
 3     3   663   PHE 664  , 3     3   554   PHE 555  ,0.7521367521367521,35200.0
 1     1   638   TYR 639  , 0     0     7   ARG 8    ,0.75,35100.0
 3     3   467   PHE 468  , 1     1   467   PHE 468  ,0.7457264957264957,34900.0
 1     1   498   TYR 499  , 1     1   494   PHE 495  ,0.7457264957264957,34900.0
 2     2   554   PHE 555  , 2     2   548   PHE 549  ,0.7435897435897436,34800.0
 3     3    86   PHE 87   , 3     3    39   TRP 40   ,0.7371794871794872,34500.0
 0     0   621   TRP 622  , 0     0   620   PHE 621  ,0.7350427350427351,34400.0
 2     2    56   ARG 57   , 2     2    43   TYR 44   ,0.7329059829059829,34300.0
 2     2   332   ARG 333  , 2     2   329   ARG 330  ,0.7158119658119658,33500.0
 2     2   663   PHE 664  , 2     2   621   TRP 622  ,0.7136752136752137,33400.0
 0     0   412   TRP 413  , 0     0   404   PHE 405  ,0.7115384615384616,33300.0
 1     1   467   PHE 468  , 0     0   467   PHE 468  ,0.7115384615384616,33300.0
 0     0    56   ARG 57   , 0     0    43   TYR 44   ,0.7008547008547008,32800.0
 2     2   322   PHE 323  , 2     2   305   TYR 306  ,0.7008547008547008,32800.0
 1     1   335   ARG 336  , 1     1   260   PHE 261  ,0.6858974358974359,32100.0
 3     3   329   ARG 330  , 3     3   305   TYR 306  ,0.6752136752136753,31600.000000000004
 1     1    56   ARG 57   , 1     1    43   TYR 44   ,0.6645299145299145,31100.0
 3     3   520   ARG 521  , 2     2     6   ARG 7    ,0.6538461538461539,30600.0
 1     1    86   PHE 87   , 1     1    39   TRP 40   ,0.6495726495726496,30400.0
 3     3   370   TYR 371  , 3     3   240   PHE 241  ,0.6452991452991453,30200.000000000004
 3     3   467   PHE 468  , 0     0   467   PHE 468  ,0.6431623931623932,30100.000000000004
 0     0   370   TYR 371  , 0     0   240   PHE 241  ,0.6431623931623932,30100.000000000004
 3     3   103   ARG 104  , 3     3    99   TYR 100  ,0.6346153846153846,29700.0
 3     3   554   PHE 555  , 3     3   548   PHE 549  ,0.6282051282051282,29400.0
 0     0   290   TYR 291  , 0     0   268   PHE 269  ,0.6260683760683761,29300.0
 0     0   212   TYR 213  , 0     0   211   HIS 212  ,0.6260683760683761,29300.0
 1     1   125   PHE 126  , 1     1    39   TRP 40   ,0.6260683760683761,29300.0
 2     2   129   PHE 130  , 2     2   108   PHE 109  ,0.6132478632478633,28700.000000000004
 3     3   592   PHE 593  , 3     3   551   HIS 552  ,0.6111111111111112,28600.000000000004
 0     0   545   ARG 546  , 0     0   542   HIS 543  ,0.6068376068376068,28399.999999999996
 1     1   412   TRP 413  , 1     1   378   PHE 379  ,0.6047008547008547,28299.999999999996
 3     3   422   TYR 423  , 3     3   236   TYR 237  ,0.594017094017094,27800.0
 1     1   467   PHE 468  , 1     1   463   TYR 464  ,0.5897435897435898,27600.0
 2     2   663   PHE 664  , 2     2   554   PHE 555  ,0.5876068376068376,27500.0
 3     3   342   HIS 343  , 3     3     7   ARG 8    ,0.561965811965812,26300.0
 0     0   516   TRP 517  , 0     0   483   ARG 484  ,0.5598290598290598,26200.0
 3     3   125   PHE 126  , 3     3    39   TRP 40   ,0.5576923076923077,26100.0
 3     3   656   TYR 657  , 3     3   655   PHE 656  ,0.5534188034188035,25900.0
 0     0   342   HIS 343  , 0     0     6   ARG 7    ,0.5512820512820513,25800.000000000004
 2     2   343   TYR 344  , 2     2   221   TRP 222  ,0.5235042735042735,24500.0
 1     1   287   ARG 288  , 1     1   268   PHE 269  ,0.5170940170940171,24200.000000000004
 0     0   240   PHE 241  , 0     0   236   TYR 237  ,0.5128205128205128,23999.999999999996
 1     1   197   TYR 198  , 1     1    16   PHE 17   ,0.5042735042735043,23600.0
 2     2   129   PHE 130  , 2     2    48   PHE 49   ,0.5021367521367521,23500.0
 3     3   269   HIS 270  , 3     3   268   PHE 269  ,0.4935897435897436,23100.0
 1     1   422   TYR 423  , 1     1   236   TYR 237  ,0.4594017094017094,21500.0
 2     2   498   TYR 499  , 2     2   494   PHE 495  ,0.45085470085470086,21100.0
 1     1   665   ARG 666  , 1     1   661   HIS 662  ,0.45085470085470086,21100.0
 3     3   463   TYR 464  , 2     2   463   TYR 464  ,0.44017094017094016,20600.0
 3     3   290   TYR 291  , 3     3   268   PHE 269  ,0.43162393162393164,20200.0
 3     3   343   TYR 344  , 3     3   342   HIS 343  ,0.43162393162393164,20200.0
 3     3   463   TYR 464  , 3     3   358   PHE 359  ,0.42948717948717946,20100.0
 1     1   103   ARG 104  , 1     1    99   TYR 100  ,0.4230769230769231,19800.0
 2     2   545   ARG 546  , 2     2   542   HIS 543  ,0.41025641025641024,19200.0
 0     0   663   PHE 664  , 0     0   554   PHE 555  ,0.4081196581196581,19100.0
 3     3   335   ARG 336  , 3     3   260   PHE 261  ,0.40384615384615385,18900.0
 0     0   485   HIS 486  , 0     0   484   TYR 485  ,0.3974358974358974,18600.0
 3     3   422   TYR 423  , 3     3   240   PHE 241  ,0.38675213675213677,18100.0
 3     3   717   ARG 718  , 3     3   713   PHE 714  ,0.3803418803418803,17800.0
 2     2   342   HIS 343  , 2     2     6   ARG 7    ,0.3782051282051282,17700.0
 1     1   240   PHE 241  , 1     1   236   TYR 237  ,0.3782051282051282,17700.0
 0     0   295   PHE 296  , 0     0   268   PHE 269  ,0.3782051282051282,17700.0
 3     3   197   TYR 198  , 3     3    16   PHE 17   ,0.3696581196581197,17300.0
 3     3   129   PHE 130  , 3     3   108   PHE 109  ,0.36752136752136755,17200.0
 0     0   338   ARG 339  , 0     0   335   ARG 336  ,0.36324786324786323,17000.0
 2     2   717   ARG 718  , 2     2   713   PHE 714  ,0.3611111111111111,16900.0
 0     0   295   PHE 296  , 0     0   290   TYR 291  ,0.35683760683760685,16700.0
 2     2   665   ARG 666  , 2     2   661   HIS 662  ,0.34615384615384615,16200.0
 3     3   346   TYR 347  , 0     0   485   HIS 486  ,0.33974358974358976,15900.0
 1     1   342   HIS 343  , 1     1     6   ARG 7    ,0.3333333333333333,15600.0
 2     2   290   TYR 291  , 2     2   268   PHE 269  ,0.32905982905982906,15400.0
 2     2   343   TYR 344  , 2     2   342   HIS 343  ,0.3247863247863248,15200.0
 1     1   717   ARG 718  , 1     1   713   PHE 714  ,0.32051282051282054,15000.000000000002
 1     1   451   PHE 452  , 1     1   369   TRP 370  ,0.3141025641025641,14700.0
 3     3   295   PHE 296  , 3     3   290   TYR 291  ,0.31196581196581197,14600.0
 2     2   295   PHE 296  , 2     2   268   PHE 269  ,0.29914529914529914,14000.0
 1     1   422   TYR 423  , 1     1   240   PHE 241  ,0.29914529914529914,14000.0
 2     2   569   PHE 570  , 2     2   548   PHE 549  ,0.297008547008547,13900.0
 0     0   182   ARG 183  , 0     0   109   PHE 110  ,0.29273504273504275,13700.0
 3     3   665   ARG 666  , 3     3   661   HIS 662  ,0.2905982905982906,13600.000000000002
 0     0   129   PHE 130  , 0     0   108   PHE 109  ,0.2799145299145299,13100.0
 1     1   663   PHE 664  , 1     1   659   PHE 660  ,0.2777777777777778,13000.0
 2     2   335   ARG 336  , 2     2   290   TYR 291  ,0.27564102564102566,12900.000000000002
 0     0   269   HIS 270  , 0     0   207   HIS 208  ,0.27136752136752135,12699.999999999998
 3     3   663   PHE 664  , 3     3   621   TRP 622  ,0.27136752136752135,12699.999999999998
 0     0   569   PHE 570  , 0     0   548   PHE 549  ,0.2606837606837607,12200.0
 0     0   178   HIS 179  , 0     0   135   PHE 136  ,0.25427350427350426,11900.0
 3     3   711   ARG 712  , 3     3   707   HIS 708  ,0.25213675213675213,11800.0
 2     2   438   PHE 439  , 2     2   427   TYR 428  ,0.24358974358974358,11400.0
 2     2   478   TYR 479  , 2     2   474   PHE 475  ,0.24358974358974358,11400.0
 0     0   711   ARG 712  , 0     0   707   HIS 708  ,0.24358974358974358,11400.0
 1     1   438   PHE 439  , 1     1   427   TYR 428  ,0.24358974358974358,11400.0
 3     3   592   PHE 593  , 3     3   554   PHE 555  ,0.23931623931623933,11200.0
 3     3   520   ARG 521  , 3     3   516   TRP 517  ,0.23504273504273504,11000.0
 1     1   715   ARG 716  , 1     1   711   ARG 712  ,0.22863247863247863,10700.0
 2     2   342   HIS 343  , 2     2   221   TRP 222  ,0.22435897435897437,10500.0
 3     3   485   HIS 486  , 2     2   346   TYR 347  ,0.2222222222222222,10400.0
 2     2   335   ARG 336  , 2     2   332   ARG 333  ,0.22008547008547008,10300.0
 2     2   711   ARG 712  , 2     2   707   HIS 708  ,0.2094017094017094,9800.0
 1     1   180   HIS 181  , 1     1   178   HIS 179  ,0.2094017094017094,9800.0
 3     3   554   PHE 555  , 3     3   551   HIS 552  ,0.20512820512820512,9600.0
 1     1   573   HIS 574  , 1     1   511   TYR 512  ,0.20085470085470086,9400.0
 1     1   182   ARG 183  , 1     1   135   PHE 136  ,0.19230769230769232,9000.0
 1     1   155   ARG 156  , 1     1   152   ARG 153  ,0.19017094017094016,8900.0
 3     3   438   PHE 439  , 3     3   427   TYR 428  ,0.1858974358974359,8700.0
 2     2   269   HIS 270  , 2     2   268   PHE 269  ,0.1858974358974359,8700.0
 1     1   711   ARG 712  , 1     1   707   HIS 708  ,0.1794871794871795,8400.0
 0     0   269   HIS 270  , 0     0   268   PHE 269  ,0.17735042735042736,8300.0
 3     3   498   TYR 499  , 3     3   494   PHE 495  ,0.17307692307692307,8100.0
 0     0   322   PHE 323  , 0     0   305   TYR 306  ,0.17094017094017094,8000.0
 0     0   665   ARG 666  , 0     0   555   ARG 556  ,0.16880341880341881,7900.000000000001
 0     0   498   TYR 499  , 0     0   494   PHE 495  ,0.16666666666666666,7800.0
 0     0   343   TYR 344  , 0     0   342   HIS 343  ,0.1623931623931624,7600.0
 1     1   290   TYR 291  , 1     1   268   PHE 269  ,0.16025641025641027,7500.000000000001
 1     1   592   PHE 593  , 1     1   554   PHE 555  ,0.1581196581196581,7400.0
 0     0   412   TRP 413  , 0     0   378   PHE 379  ,0.14957264957264957,7000.0
 1     1   710   ARG 711  , 1     1   707   HIS 708  ,0.14743589743589744,6900.0
 0     0   715   ARG 716  , 0     0   711   ARG 712  ,0.14743589743589744,6900.0
 1     1   592   PHE 593  , 1     1   569   PHE 570  ,0.14316239316239315,6700.0
 0     0   182   ARG 183  , 0     0   178   HIS 179  ,0.14102564102564102,6600.0
 3     3   710   ARG 711  , 3     3   695   ARG 696  ,0.1388888888888889,6500.0
 1     1   129   PHE 130  , 1     1   108   PHE 109  ,0.1388888888888889,6500.0
 1     1    83   ARG 84   , 1     1    39   TRP 40   ,0.13675213675213677,6400.000000000001
 1     1   715   ARG 716  , 1     1   687   ARG 688  ,0.1346153846153846,6300.0
 1     1   659   PHE 660  , 1     1   656   TYR 657  ,0.13034188034188035,6100.0
 2     2   710   ARG 711  , 2     2   707   HIS 708  ,0.13034188034188035,6100.0
 2     2   240   PHE 241  , 2     2   236   TYR 237  ,0.1282051282051282,5999.999999999999
 0     0   422   TYR 423  , 0     0   240   PHE 241  ,0.12179487179487179,5700.0
 1     1   338   ARG 339  , 1     1   290   TYR 291  ,0.11965811965811966,5600.0
 0     0   642   HIS 643  , 0     0   569   PHE 570  ,0.11965811965811966,5600.0
 3     3   338   ARG 339  , 3     3   272   PHE 273  ,0.11752136752136752,5500.0
 2     2   108   PHE 109  , 2     2    48   PHE 49   ,0.11752136752136752,5500.0
 0     0   150   PHE 151  , 0     0   147   TRP 148  ,0.11538461538461539,5400.0
 2     2   249   TRP 250  , 2     2   236   TYR 237  ,0.11538461538461539,5400.0
 1     1   322   PHE 323  , 1     1   305   TYR 306  ,0.11538461538461539,5400.0
 0     0   182   ARG 183  , 0     0   135   PHE 136  ,0.11324786324786325,5300.0
 3     3   343   TYR 344  , 3     3   221   TRP 222  ,0.11324786324786325,5300.0
 3     3   240   PHE 241  , 3     3   236   TYR 237  ,0.1111111111111111,5200.0
 2     2   642   HIS 643  , 2     2   569   PHE 570  ,0.10897435897435898,5100.0
 2     2    83   ARG 84   , 2     2    39   TRP 40   ,0.10897435897435898,5100.0
 0     0   713   PHE 714  , 0     0   710   ARG 711  ,0.10897435897435898,5100.0
 3     3   451   PHE 452  , 3     3   369   TRP 370  ,0.1047008547008547,4900.0
 2     2   716   PHE 717  , 2     2   715   ARG 716  ,0.1047008547008547,4900.0
 3     3   182   ARG 183  , 3     3   178   HIS 179  ,0.1047008547008547,4900.0
