 2     2   390   TRP 391  , 2     2   369   TRP 370  ,1.0,34500.0
 3     3   390   TRP 391  , 3     3   369   TRP 370  ,1.0,34500.0
 1     1   516   TRP 517  , 1     1   484   TYR 485  ,1.0,34500.0
 2     2   428   PHE 429  , 2     2   369   TRP 370  ,1.0,34500.0
 0     0   335   ARG 336  , 0     0   260   PHE 261  ,1.0,34500.0
 0     0   428   PHE 429  , 0     0   369   TRP 370  ,0.9971014492753624,34400.0
 3     3   125   PHE 126  , 3     3    86   PHE 87   ,0.9971014492753624,34400.0
 0     0   125   PHE 126  , 0     0    86   PHE 87   ,0.9971014492753624,34400.0
 2     2   338   ARG 339  , 2     2   294   TRP 295  ,0.9971014492753624,34400.0
 1     1   125   PHE 126  , 1     1    86   PHE 87   ,0.9971014492753624,34400.0
 1     1   646   ARG 647  , 1     1   620   PHE 621  ,0.9971014492753624,34400.0
 2     2   332   ARG 333  , 2     2   329   ARG 330  ,0.9942028985507246,34300.0
 1     1   554   PHE 555  , 1     1   548   PHE 549  ,0.9942028985507246,34300.0
 3     3   428   PHE 429  , 3     3   369   TRP 370  ,0.9942028985507246,34300.0
 1     1   390   TRP 391  , 1     1   369   TRP 370  ,0.9942028985507246,34300.0
 2     2   125   PHE 126  , 2     2    86   PHE 87   ,0.9942028985507246,34300.0
 3     3   516   TRP 517  , 3     3   484   TYR 485  ,0.991304347826087,34200.0
 0     0   332   ARG 333  , 0     0   329   ARG 330  ,0.9884057971014493,34100.0
 0     0   663   PHE 664  , 0     0   621   TRP 622  ,0.9884057971014493,34100.0
 3     3   212   TYR 213  , 3     3   211   HIS 212  ,0.9855072463768116,34000.0
 0     0   656   TYR 657  , 0     0   655   PHE 656  ,0.9768115942028985,33700.0
 3     3   663   PHE 664  , 3     3   554   PHE 555  ,0.9739130434782609,33600.0
 3     3   412   TRP 413  , 3     3   404   PHE 405  ,0.9739130434782609,33600.0
 2     2   338   ARG 339  , 2     2   335   ARG 336  ,0.9681159420289855,33400.0
 2     2   422   TYR 423  , 2     2   236   TYR 237  ,0.9681159420289855,33400.0
 1     1   467   PHE 468  , 1     1   463   TYR 464  ,0.9681159420289855,33400.0
 3     3   178   HIS 179  , 3     3   135   PHE 136  ,0.9623188405797102,33200.0
 1     1   428   PHE 429  , 1     1   369   TRP 370  ,0.9594202898550724,33100.0
 2     2   422   TYR 423  , 2     2   240   PHE 241  ,0.9594202898550724,33100.0
 0     0   554   PHE 555  , 0     0   548   PHE 549  ,0.9565217391304348,33000.0
 1     1   332   ARG 333  , 1     1   260   PHE 261  ,0.9565217391304348,33000.0
 4     4    20   PHE 21   , 4     4     0   ARG 1    ,0.9536231884057971,32900.0
 1     1   520   ARG 521  , 1     1   516   TRP 517  ,0.9507246376811594,32800.0
 2     2   467   PHE 468  , 2     2   463   TYR 464  ,0.9478260869565217,32700.0
 3     3   554   PHE 555  , 3     3   548   PHE 549  ,0.9478260869565217,32700.0
 1     1   545   ARG 546  , 1     1   542   HIS 543  ,0.9449275362318841,32600.0
 0     0    68   PHE 69   , 0     0    54   TYR 55   ,0.9420289855072463,32500.0
 1     1   335   ARG 336  , 1     1   260   PHE 261  ,0.9391304347826087,32400.0
 2     2   467   PHE 468  , 1     1   467   PHE 468  ,0.936231884057971,32300.0
 3     3   129   PHE 130  , 3     3    48   PHE 49   ,0.9304347826086956,32100.0
 3     3   332   ARG 333  , 3     3   260   PHE 261  ,0.927536231884058,32000.0
 1     1   582   HIS 583  , 0     0   563   ARG 564  ,0.9246376811594202,31900.0
 3     3   569   PHE 570  , 3     3   548   PHE 549  ,0.9217391304347826,31800.0
 1     1   467   PHE 468  , 0     0   467   PHE 468  ,0.9159420289855073,31600.0
 1     1   663   PHE 664  , 1     1   554   PHE 555  ,0.9159420289855073,31600.0
 0     0   332   ARG 333  , 0     0   260   PHE 261  ,0.9159420289855073,31600.0
 1     1   338   ARG 339  , 1     1   272   PHE 273  ,0.9130434782608695,31499.999999999996
 0     0   592   PHE 593  , 0     0   551   HIS 552  ,0.9130434782608695,31499.999999999996
 3     3   467   PHE 468  , 0     0   467   PHE 468  ,0.9130434782608695,31499.999999999996
 2     2   412   TRP 413  , 2     2   404   PHE 405  ,0.9101449275362319,31400.0
 1     1    68   PHE 69   , 1     1    54   TYR 55   ,0.9101449275362319,31400.0
 1     1   129   PHE 130  , 1     1    48   PHE 49   ,0.9072463768115943,31300.000000000004
 2     2   663   PHE 664  , 2     2   621   TRP 622  ,0.9043478260869565,31200.0
 2     2   212   TYR 213  , 2     2   211   HIS 212  ,0.9014492753623189,31100.0
 2     2   290   TYR 291  , 2     2   268   PHE 269  ,0.8985507246376812,31000.0
 2     2    86   PHE 87   , 2     2    39   TRP 40   ,0.8985507246376812,31000.0
 2     2   332   ARG 333  , 2     2   260   PHE 261  ,0.8956521739130435,30900.0
 3     3    68   PHE 69   , 3     3    54   TYR 55   ,0.8956521739130435,30900.0
 1     1   103   ARG 104  , 1     1    99   TYR 100  ,0.8927536231884058,30800.0
 2     2   335   ARG 336  , 2     2   260   PHE 261  ,0.8840579710144928,30500.0
 1     1   422   TYR 423  , 1     1   236   TYR 237  ,0.881159420289855,30400.0
 1     1   240   PHE 241  , 1     1   236   TYR 237  ,0.8782608695652174,30300.0
 1     1   656   TYR 657  , 1     1   655   PHE 656  ,0.8782608695652174,30300.0
 2     2   592   PHE 593  , 2     2   551   HIS 552  ,0.8724637681159421,30100.0
 0     0   269   HIS 270  , 0     0   207   HIS 208  ,0.8724637681159421,30100.0
 2     2   343   TYR 344  , 2     2   342   HIS 343  ,0.8608695652173913,29700.0
 3     3   422   TYR 423  , 3     3   240   PHE 241  ,0.855072463768116,29500.0
 1     1   569   PHE 570  , 1     1   548   PHE 549  ,0.8376811594202899,28900.0
 0     0   467   PHE 468  , 0     0   463   TYR 464  ,0.8347826086956521,28800.0
 0     0   621   TRP 622  , 0     0   620   PHE 621  ,0.8318840579710145,28700.0
 0     0   322   PHE 323  , 0     0   305   TYR 306  ,0.8318840579710145,28700.0
 3     3    86   PHE 87   , 3     3    39   TRP 40   ,0.8289855072463768,28600.0
 0     0   212   TYR 213  , 0     0   211   HIS 212  ,0.8289855072463768,28600.0
 0     0   516   TRP 517  , 0     0   484   TYR 485  ,0.8260869565217391,28500.0
 0     0   129   PHE 130  , 0     0    48   PHE 49   ,0.8144927536231884,28100.0
 1     1    86   PHE 87   , 1     1    39   TRP 40   ,0.8028985507246377,27700.0
 1     1   197   TYR 198  , 1     1    16   PHE 17   ,0.8028985507246377,27700.0
 0     0   665   ARG 666  , 0     0   661   HIS 662  ,0.8028985507246377,27700.0
 0     0   370   TYR 371  , 0     0   240   PHE 241  ,0.8,27600.0
 3     3   582   HIS 583  , 2     2   563   ARG 564  ,0.7971014492753623,27500.0
 0     0   412   TRP 413  , 0     0   404   PHE 405  ,0.7942028985507247,27400.0
 0     0   422   TYR 423  , 0     0   236   TYR 237  ,0.7942028985507247,27400.0
 1     1   412   TRP 413  , 1     1   378   PHE 379  ,0.7913043478260869,27300.0
 0     0   125   PHE 126  , 0     0    39   TRP 40   ,0.7884057971014493,27200.0
 3     3   329   ARG 330  , 3     3   305   TYR 306  ,0.782608695652174,27000.0
 1     1    56   ARG 57   , 1     1    43   TYR 44   ,0.782608695652174,27000.0
 2     2   520   ARG 521  , 2     2   484   TYR 485  ,0.7565217391304347,26100.0
 2     2   656   TYR 657  , 2     2   655   PHE 656  ,0.7565217391304347,26100.0
 4     4    35   PHE 36   , 4     4    26   ARG 27   ,0.744927536231884,25700.0
 2     2    68   PHE 69   , 2     2    54   TYR 55   ,0.7304347826086957,25200.0
 3     3   592   PHE 593  , 3     3   551   HIS 552  ,0.7304347826086957,25200.0
 2     2   295   PHE 296  , 2     2   268   PHE 269  ,0.7275362318840579,25099.999999999996
 1     1   370   TYR 371  , 1     1   240   PHE 241  ,0.7246376811594203,25000.0
 3     3   125   PHE 126  , 3     3    39   TRP 40   ,0.7014492753623188,24200.0
 2     2   125   PHE 126  , 2     2    39   TRP 40   ,0.6956521739130435,24000.0
 3     3   346   TYR 347  , 0     0   485   HIS 486  ,0.6927536231884058,23900.0
 0     0   390   TRP 391  , 0     0   369   TRP 370  ,0.6811594202898551,23500.0
 2     2   370   TYR 371  , 2     2   240   PHE 241  ,0.6753623188405797,23300.0
 0     0    86   PHE 87   , 0     0    39   TRP 40   ,0.6753623188405797,23300.0
 3     3    56   ARG 57   , 3     3    43   TYR 44   ,0.672463768115942,23200.0
 3     3   498   TYR 499  , 3     3   494   PHE 495  ,0.6695652173913044,23100.0
 1     1   125   PHE 126  , 1     1    39   TRP 40   ,0.6521739130434783,22500.0
 2     2    56   ARG 57   , 2     2    43   TYR 44   ,0.6492753623188405,22400.0
 1     1   592   PHE 593  , 1     1   551   HIS 552  ,0.6405797101449275,22100.0
 2     2   554   PHE 555  , 2     2   548   PHE 549  ,0.6376811594202898,21999.999999999996
 1     1   343   TYR 344  , 1     1   342   HIS 343  ,0.6318840579710145,21800.000000000004
 0     0   240   PHE 241  , 0     0   236   TYR 237  ,0.6260869565217392,21600.0
 1     1   343   TYR 344  , 1     1   221   TRP 222  ,0.6231884057971014,21500.0
 3     3   335   ARG 336  , 3     3   260   PHE 261  ,0.6086956521739131,21000.0
 1     1   498   TYR 499  , 1     1   494   PHE 495  ,0.6,20700.0
 3     3   573   HIS 574  , 2     2     7   ARG 8    ,0.5942028985507246,20500.0
 0     0   295   PHE 296  , 0     0   290   TYR 291  ,0.5681159420289855,19600.0
 3     3   322   PHE 323  , 3     3   305   TYR 306  ,0.5623188405797102,19400.0
 1     1   520   ARG 521  , 0     0     6   ARG 7    ,0.5594202898550724,19300.0
 0     0   103   ARG 104  , 0     0    99   TYR 100  ,0.5594202898550724,19300.0
 3     3   545   ARG 546  , 3     3   542   HIS 543  ,0.5420289855072464,18700.000000000004
 2     2   665   ARG 666  , 2     2   661   HIS 662  ,0.5333333333333333,18400.0
 2     2   129   PHE 130  , 2     2   108   PHE 109  ,0.5333333333333333,18400.0
 0     0   182   ARG 183  , 0     0   135   PHE 136  ,0.5217391304347826,18000.0
 1     1   665   ARG 666  , 1     1   661   HIS 662  ,0.5130434782608696,17700.0
 0     0   343   TYR 344  , 0     0   221   TRP 222  ,0.5072463768115942,17500.0
 2     2   485   HIS 486  , 1     1   346   TYR 347  ,0.5014492753623189,17300.0
 3     3   103   ARG 104  , 3     3    99   TYR 100  ,0.4927536231884058,17000.0
 2     2   152   ARG 153  , 2     2   147   TRP 148  ,0.48985507246376814,16900.0
 3     3   592   PHE 593  , 3     3   554   PHE 555  ,0.48985507246376814,16900.0
 3     3   422   TYR 423  , 3     3   236   TYR 237  ,0.48695652173913045,16800.0
 3     3   656   TYR 657  , 3     3   655   PHE 656  ,0.463768115942029,16000.0
 1     1   451   PHE 452  , 1     1   369   TRP 370  ,0.4579710144927536,15800.0
 2     2   103   ARG 104  , 2     2    99   TYR 100  ,0.4579710144927536,15800.0
 1     1   467   PHE 468  , 0     0   463   TYR 464  ,0.4579710144927536,15800.0
 0     0   178   HIS 179  , 0     0   135   PHE 136  ,0.45507246376811594,15700.0
 3     3   343   TYR 344  , 3     3   221   TRP 222  ,0.45217391304347826,15600.0
 3     3   370   TYR 371  , 3     3   240   PHE 241  ,0.4434782608695652,15300.0
 1     1   573   HIS 574  , 0     0     7   ARG 8    ,0.43768115942028984,15100.0
 1     1   402   TYR 403  , 1     1   378   PHE 379  ,0.43768115942028984,15100.0
 0     0   129   PHE 130  , 0     0   108   PHE 109  ,0.42318840579710143,14600.0
 2     2   342   HIS 343  , 2     2     6   ARG 7    ,0.42028985507246375,14500.0
 0     0   679   PHE 680  , 0     0   676   ARG 677  ,0.4144927536231884,14300.0
 3     3   520   ARG 521  , 3     3   516   TRP 517  ,0.4057971014492754,14000.0
 1     1    83   ARG 84   , 1     1    39   TRP 40   ,0.4057971014492754,14000.0
 3     3   711   ARG 712  , 3     3   707   HIS 708  ,0.37971014492753624,13100.0
 1     1   422   TYR 423  , 1     1   370   TYR 371  ,0.37681159420289856,13000.0
 3     3   197   TYR 198  , 3     3    16   PHE 17   ,0.3710144927536232,12800.0
 3     3   342   HIS 343  , 3     3     7   ARG 8    ,0.3652173913043478,12600.0
 0     0   343   TYR 344  , 0     0   342   HIS 343  ,0.36231884057971014,12500.0
 2     2   485   HIS 486  , 2     2   484   TYR 485  ,0.3565217391304348,12300.0
 1     1   211   HIS 212  , 1     1     6   ARG 7    ,0.3507246376811594,12100.0
 1     1   428   PHE 429  , 1     1   390   TRP 391  ,0.3507246376811594,12100.0
 2     2   498   TYR 499  , 2     2   494   PHE 495  ,0.34782608695652173,12000.0
 3     3   498   TYR 499  , 1     1     7   ARG 8    ,0.34782608695652173,12000.0
 0     0   182   ARG 183  , 0     0   109   PHE 110  ,0.34492753623188405,11900.0
 1     1   180   HIS 181  , 1     1   178   HIS 179  ,0.3333333333333333,11500.0
 0     0   290   TYR 291  , 0     0   268   PHE 269  ,0.3333333333333333,11500.0
 2     2   438   PHE 439  , 2     2   427   TYR 428  ,0.32463768115942027,11200.0
 2     2   717   ARG 718  , 2     2   713   PHE 714  ,0.3159420289855073,10900.000000000002
 3     3   516   TRP 517  , 2     2     6   ARG 7    ,0.3130434782608696,10800.0
 0     0   295   PHE 296  , 0     0   268   PHE 269  ,0.3072463768115942,10600.0
 3     3   520   ARG 521  , 2     2     6   ARG 7    ,0.30144927536231886,10400.0
 2     2   711   ARG 712  , 2     2   707   HIS 708  ,0.2985507246376812,10300.0
 0     0   663   PHE 664  , 0     0   554   PHE 555  ,0.2927536231884058,10100.0
 0     0   342   HIS 343  , 0     0     6   ARG 7    ,0.2898550724637681,10000.0
 3     3   463   TYR 464  , 2     2   463   TYR 464  ,0.2811594202898551,9700.0
 1     1   711   ARG 712  , 1     1   707   HIS 708  ,0.2782608695652174,9600.0
 1     1   422   TYR 423  , 1     1   240   PHE 241  ,0.2753623188405797,9500.0
 1     1   663   PHE 664  , 1     1   659   PHE 660  ,0.27246376811594203,9400.0
 0     0   498   TYR 499  , 0     0   494   PHE 495  ,0.26666666666666666,9200.0
 2     2   478   TYR 479  , 2     2   474   PHE 475  ,0.2608695652173913,9000.0
 0     0   545   ARG 546  , 0     0   542   HIS 543  ,0.25507246376811593,8800.0
 3     3   665   ARG 666  , 3     3   661   HIS 662  ,0.2463768115942029,8500.0
 3     3   290   TYR 291  , 3     3   268   PHE 269  ,0.2463768115942029,8500.0
 3     3   342   HIS 343  , 3     3   211   HIS 212  ,0.24347826086956523,8400.0
 3     3   129   PHE 130  , 3     3   108   PHE 109  ,0.24057971014492754,8300.0
 0     0   511   TYR 512  , 0     0   507   ARG 508  ,0.24057971014492754,8300.0
 3     3    83   ARG 84   , 3     3    39   TRP 40   ,0.24057971014492754,8300.0
 3     3   342   HIS 343  , 3     3   272   PHE 273  ,0.23768115942028986,8200.0
 1     1   182   ARG 183  , 1     1   135   PHE 136  ,0.23478260869565218,8100.0
 1     1   715   ARG 716  , 1     1   687   ARG 688  ,0.2318840579710145,8000.0
 1     1   269   HIS 270  , 1     1   207   HIS 208  ,0.2289855072463768,7900.0
 1     1   717   ARG 718  , 1     1   713   PHE 714  ,0.22028985507246376,7600.0
 3     3   150   PHE 151  , 3     3   147   TRP 148  ,0.22028985507246376,7600.0
 2     2    83   ARG 84   , 2     2    39   TRP 40   ,0.21739130434782608,7500.0
 0     0   569   PHE 570  , 0     0   548   PHE 549  ,0.21159420289855072,7300.0
 0     0   150   PHE 151  , 0     0   147   TRP 148  ,0.2,6900.0
 2     2   663   PHE 664  , 2     2   554   PHE 555  ,0.19710144927536233,6800.0
 2     2   569   PHE 570  , 2     2   548   PHE 549  ,0.19420289855072465,6700.0
 2     2   335   ARG 336  , 2     2   290   TYR 291  ,0.18840579710144928,6500.0
 1     1   290   TYR 291  , 1     1   268   PHE 269  ,0.18840579710144928,6500.0
 1     1   638   TYR 639  , 0     0     7   ARG 8    ,0.18840579710144928,6500.0
 3     3   335   ARG 336  , 3     3   290   TYR 291  ,0.17971014492753623,6200.0
 2     2   322   PHE 323  , 2     2   305   TYR 306  ,0.17681159420289855,6100.0
 3     3   295   PHE 296  , 3     3   268   PHE 269  ,0.17681159420289855,6100.0
 1     1   422   TYR 423  , 1     1   363   HIS 364  ,0.17391304347826086,6000.0
 1     1   715   ARG 716  , 1     1   711   ARG 712  ,0.17391304347826086,6000.0
 0     0    56   ARG 57   , 0     0    43   TYR 44   ,0.17101449275362318,5900.0
 0     0   711   ARG 712  , 0     0   707   HIS 708  ,0.17101449275362318,5900.0
 1     1   710   ARG 711  , 1     1   707   HIS 708  ,0.16521739130434782,5700.0
 3     3   343   TYR 344  , 3     3   342   HIS 343  ,0.16521739130434782,5700.0
 0     0   646   ARG 647  , 0     0   620   PHE 621  ,0.15942028985507245,5499.999999999999
 3     3   710   ARG 711  , 3     3   707   HIS 708  ,0.15942028985507245,5499.999999999999
 1     1   485   HIS 486  , 1     1   484   TYR 485  ,0.1565217391304348,5400.0
 1     1   155   ARG 156  , 1     1   152   ARG 153  ,0.1565217391304348,5400.0
 2     2   343   TYR 344  , 2     2   221   TRP 222  ,0.1536231884057971,5300.0
 0     0   197   TYR 198  , 0     0    16   PHE 17   ,0.15072463768115943,5200.0
 3     3   467   PHE 468  , 1     1   467   PHE 468  ,0.15072463768115943,5200.0
 1     1   554   PHE 555  , 1     1   551   HIS 552  ,0.14492753623188406,5000.0
 3     3   554   PHE 555  , 3     3   551   HIS 552  ,0.14202898550724638,4900.0
 3     3   717   ARG 718  , 3     3   713   PHE 714  ,0.14202898550724638,4900.0
 1     1   129   PHE 130  , 1     1   108   PHE 109  ,0.13333333333333333,4600.0
 2     2   219   TRP 220  , 2     2   215   PHE 216  ,0.13333333333333333,4600.0
 1     1   592   PHE 593  , 1     1   554   PHE 555  ,0.13043478260869565,4500.0
 3     3   182   ARG 183  , 3     3   161   ARG 162  ,0.13043478260869565,4500.0
 0     0   665   ARG 666  , 0     0   555   ARG 556  ,0.12753623188405797,4400.0
 0     0   642   HIS 643  , 0     0   569   PHE 570  ,0.12753623188405797,4400.0
 3     3   563   ARG 564  , 0     0   582   HIS 583  ,0.12753623188405797,4400.0
 2     2   715   ARG 716  , 2     2   711   ARG 712  ,0.1246376811594203,4300.0
 0     0   516   TRP 517  , 0     0   483   ARG 484  ,0.1246376811594203,4300.0
 1     1   485   HIS 486  , 0     0   346   TYR 347  ,0.12173913043478261,4200.0
 1     1   212   TYR 213  , 1     1   211   HIS 212  ,0.11884057971014493,4100.0
 0     0   717   ARG 718  , 0     0   716   PHE 717  ,0.11884057971014493,4100.0
 1     1   287   ARG 288  , 1     1   268   PHE 269  ,0.11884057971014493,4100.0
 2     2   621   TRP 622  , 2     2   620   PHE 621  ,0.11594202898550725,4000.0
 2     2   659   PHE 660  , 2     2   554   PHE 555  ,0.11594202898550725,4000.0
 1     1   322   PHE 323  , 1     1   305   TYR 306  ,0.11304347826086956,3900.0
 1     1   663   PHE 664  , 1     1   621   TRP 622  ,0.11304347826086956,3900.0
 0     0   485   HIS 486  , 0     0   484   TYR 485  ,0.11304347826086956,3900.0
 0     0   342   HIS 343  , 0     0   221   TRP 222  ,0.11014492753623188,3800.0
 2     2   642   HIS 643  , 2     2   569   PHE 570  ,0.10144927536231885,3500.0
 0     0   663   PHE 664  , 0     0   659   PHE 660  ,0.10144927536231885,3500.0
