 1     1   192   ASP 193  , 1     1    23   ARG 24   ,1.0,34500.0
 1     1   448   GLU 449  , 1     1   386   ARG 387  ,1.0,34500.0
 3     3   674   ARG 675  , 3     3   618   ASP 619  ,1.0,34500.0
 1     1   329   ARG 330  , 1     1   253   ASP 254  ,1.0,34500.0
 1     1   329   ARG 330  , 1     1   257   ASP 258  ,1.0,34500.0
 1     1   332   ARG 333  , 1     1   257   ASP 258  ,1.0,34500.0
 1     1   335   ARG 336  , 1     1   263   ASP 264  ,1.0,34500.0
 1     1   335   ARG 336  , 1     1   298   ASP 299  ,1.0,34500.0
 3     3   634   ARG 635  , 3     3   599   GLU 600  ,1.0,34500.0
 2     2   397   ASP 398  , 1     1   449   LYS 450  ,1.0,34500.0
 3     3   220   ASP 221  , 3     3   216   LYS 217  ,1.0,34500.0
 2     2   335   ARG 336  , 2     2   298   ASP 299  ,1.0,34500.0
 1     1   220   ASP 221  , 1     1   216   LYS 217  ,1.0,34500.0
 3     3   578   ASP 579  , 3     3   507   ARG 508  ,1.0,34500.0
 1     1   578   ASP 579  , 1     1   507   ARG 508  ,1.0,34500.0
 1     1   585   GLU 586  , 0     0   563   ARG 564  ,1.0,34500.0
 1     1   614   ASP 615  , 0     0    56   ARG 57   ,1.0,34500.0
 1     1   634   ARG 635  , 1     1   599   GLU 600  ,1.0,34500.0
 2     2   335   ARG 336  , 2     2   263   ASP 264  ,1.0,34500.0
 1     1   684   ASP 685  , 1     1   680   ARG 681  ,1.0,34500.0
 1     1   688   GLU 689  , 1     1   680   ARG 681  ,1.0,34500.0
 2     2   332   ARG 333  , 2     2   257   ASP 258  ,1.0,34500.0
 1     1   326   LYS 327  , 1     1   306   ASP 307  ,1.0,34500.0
 2     2   329   ARG 330  , 2     2   257   ASP 258  ,1.0,34500.0
 2     2   326   LYS 327  , 2     2   306   ASP 307  ,1.0,34500.0
 0     0   634   ARG 635  , 0     0   599   GLU 600  ,1.0,34500.0
 2     2   684   ASP 685  , 2     2   680   ARG 681  ,1.0,34500.0
 4     4     0   ARG 1    , 0     0   397   ASP 398  ,1.0,34500.0
 0     0   329   ARG 330  , 0     0   253   ASP 254  ,1.0,34500.0
 0     0   329   ARG 330  , 0     0   257   ASP 258  ,1.0,34500.0
 0     0   332   ARG 333  , 0     0   257   ASP 258  ,1.0,34500.0
 0     0   335   ARG 336  , 0     0   263   ASP 264  ,1.0,34500.0
 0     0   338   ARG 339  , 0     0   263   ASP 264  ,1.0,34500.0
 3     3   329   ARG 330  , 3     3   257   ASP 258  ,1.0,34500.0
 0     0   493   ASP 494  , 0     0   492   ARG 493  ,1.0,34500.0
 0     0   674   ARG 675  , 0     0   618   ASP 619  ,1.0,34500.0
 0     0   676   ARG 677  , 0     0   603   ASP 604  ,1.0,34500.0
 3     3   332   ARG 333  , 3     3   257   ASP 258  ,1.0,34500.0
 3     3   335   ARG 336  , 3     3   263   ASP 264  ,1.0,34500.0
 3     3   335   ARG 336  , 3     3   298   ASP 299  ,1.0,34500.0
 2     2   634   ARG 635  , 2     2   599   GLU 600  ,1.0,34500.0
 2     2   614   ASP 615  , 1     1    56   ARG 57   ,1.0,34500.0
 3     3   684   ASP 685  , 3     3   680   ARG 681  ,1.0,34500.0
 2     2   520   ARG 521  , 1     1   345   GLU 346  ,0.9971014492753624,34400.0
 2     2   688   GLU 689  , 2     2   680   ARG 681  ,0.9971014492753624,34400.0
 3     3   101   LYS 102  , 3     3    58   GLU 59   ,0.9971014492753624,34400.0
 4     4    35   PHE 36   , 4     4    22   LYS 23   ,0.9971014492753624,34400.0
 1     1   339   LYS 340  , 1     1   263   ASP 264  ,0.9971014492753624,34400.0
 0     0   684   ASP 685  , 0     0   680   ARG 681  ,0.9971014492753624,34400.0
 3     3   520   ARG 521  , 2     2   345   GLU 346  ,0.9971014492753624,34400.0
 0     0   220   ASP 221  , 0     0   216   LYS 217  ,0.9971014492753624,34400.0
 1     1   339   LYS 340  , 1     1   220   ASP 221  ,0.9971014492753624,34400.0
 0     0   338   ARG 339  , 0     0   298   ASP 299  ,0.9971014492753624,34400.0
 3     3   182   ARG 183  , 3     3    26   ASP 27   ,0.9942028985507246,34300.0
 0     0    83   ARG 84   , 0     0    80   GLU 81   ,0.9942028985507246,34300.0
 3     3   585   GLU 586  , 2     2   563   ARG 564  ,0.9942028985507246,34300.0
 0     0   326   LYS 327  , 0     0   306   ASP 307  ,0.9942028985507246,34300.0
 2     2   563   ARG 564  , 2     2   538   ASP 539  ,0.9942028985507246,34300.0
 2     2   674   ARG 675  , 2     2   618   ASP 619  ,0.9942028985507246,34300.0
 3     3   329   ARG 330  , 3     3   306   ASP 307  ,0.9942028985507246,34300.0
 0     0   688   GLU 689  , 0     0   680   ARG 681  ,0.9942028985507246,34300.0
 3     3   687   ARG 688  , 3     3   684   ASP 685  ,0.991304347826087,34200.0
 1     1   715   ARG 716  , 1     1   691   GLU 692  ,0.991304347826087,34200.0
 0     0   710   ARG 711  , 0     0   706   ASP 707  ,0.991304347826087,34200.0
 1     1   674   ARG 675  , 1     1   618   ASP 619  ,0.991304347826087,34200.0
 2     2   175   GLU 176  , 2     2   161   ARG 162  ,0.9884057971014493,34100.0
 0     0   698   GLU 699  , 0     0   696   LYS 697  ,0.9855072463768116,34000.0
 0     0   717   ARG 718  , 0     0   698   GLU 699  ,0.9855072463768116,34000.0
 2     2   345   GLU 346  , 2     2     6   ARG 7    ,0.9855072463768116,34000.0
 2     2   185   GLU 186  , 2     2   182   ARG 183  ,0.9855072463768116,34000.0
 3     3   688   GLU 689  , 3     3   680   ARG 681  ,0.9855072463768116,34000.0
 3     3   192   ASP 193  , 3     3    23   ARG 24   ,0.9826086956521739,33900.0
 0     0   721   GLU 722  , 0     0   696   LYS 697  ,0.9826086956521739,33900.0
 3     3    56   ARG 57   , 0     0   614   ASP 615  ,0.9826086956521739,33900.0
 1     1   563   ARG 564  , 1     1   559   ASP 560  ,0.9797101449275363,33800.0
 2     2    81   LYS 82   , 2     2    77   ASP 78   ,0.9768115942028985,33700.0
 4     4    33   ASP 34   , 4     4    26   ARG 27   ,0.9768115942028985,33700.0
 0     0   721   GLU 722  , 0     0   717   ARG 718  ,0.9768115942028985,33700.0
 1     1   676   ARG 677  , 1     1   603   ASP 604  ,0.9768115942028985,33700.0
 3     3   179   LYS 180  , 3     3    95   GLU 96   ,0.9768115942028985,33700.0
 2     2   329   ARG 330  , 2     2   253   ASP 254  ,0.9739130434782609,33600.0
 0     0   335   ARG 336  , 0     0   298   ASP 299  ,0.9710144927536232,33500.0
 3     3   691   GLU 692  , 3     3   687   ARG 688  ,0.9710144927536232,33500.0
 3     3   185   GLU 186  , 3     3   161   ARG 162  ,0.9710144927536232,33500.0
 3     3   152   ARG 153  , 3     3   142   ASP 143  ,0.9681159420289855,33400.0
 0     0   674   ARG 675  , 0     0   623   GLU 624  ,0.9681159420289855,33400.0
 3     3   676   ARG 677  , 3     3   603   ASP 604  ,0.9681159420289855,33400.0
 3     3   614   ASP 615  , 2     2    56   ARG 57   ,0.9681159420289855,33400.0
 2     2   563   ARG 564  , 2     2   534   ASP 535  ,0.9652173913043478,33300.0
 2     2   192   ASP 193  , 2     2    23   ARG 24   ,0.9652173913043478,33300.0
 0     0   141   ASP 142  , 0     0   103   ARG 104  ,0.9652173913043478,33300.0
 1     1   101   LYS 102  , 1     1    58   GLU 59   ,0.9623188405797102,33200.0
 2     2   101   LYS 102  , 2     2    58   GLU 59   ,0.9594202898550724,33100.0
 2     2   220   ASP 221  , 2     2   216   LYS 217  ,0.9594202898550724,33100.0
 0     0   101   LYS 102  , 0     0    58   GLU 59   ,0.9565217391304348,33000.0
 2     2   493   ASP 494  , 0     0     0   MET 1    ,0.9565217391304348,33000.0
 0     0    87   GLU 88   , 0     0    83   ARG 84   ,0.9536231884057971,32900.0
 2     2   136   LYS 137  , 2     2    95   GLU 96   ,0.9507246376811594,32800.0
 3     3   533   LYS 534  , 0     0   585   GLU 586  ,0.9449275362318841,32600.0
 2     2   687   ARG 688  , 2     2   684   ASP 685  ,0.9449275362318841,32600.0
 0     0   136   LYS 137  , 0     0    95   GLU 96   ,0.9420289855072463,32500.0
 1     1   563   ARG 564  , 1     1   534   ASP 535  ,0.936231884057971,32300.0
 1     1    81   LYS 82   , 1     1    77   ASP 78   ,0.936231884057971,32300.0
 2     2   411   LYS 412  , 2     2   381   ASP 382  ,0.9333333333333333,32200.0
 1     1   721   GLU 722  , 1     1   717   ARG 718  ,0.927536231884058,32000.0
 3     3   136   LYS 137  , 3     3    95   GLU 96   ,0.9188405797101449,31700.0
 2     2   152   ARG 153  , 2     2   140   GLU 141  ,0.9043478260869565,31200.0
 2     2   486   GLU 487  , 1     1   483   ARG 484  ,0.8927536231884058,30800.0
 3     3   507   ARG 508  , 2     2   534   ASP 535  ,0.8869565217391304,30600.0
 0     0   411   LYS 412  , 0     0   374   ASP 375  ,0.8869565217391304,30600.0
 0     0   563   ARG 564  , 0     0   534   ASP 535  ,0.8869565217391304,30600.0
 1     1   651   LYS 652  , 1     1   647   ASP 648  ,0.8840579710144928,30500.0
 0     0   341   ASP 342  , 0     0     6   ARG 7    ,0.8840579710144928,30500.0
 1     1   136   LYS 137  , 1     1    95   GLU 96   ,0.8782608695652174,30300.0
 2     2   507   ARG 508  , 1     1   538   ASP 539  ,0.8782608695652174,30300.0
 1     1   695   ARG 696  , 1     1   690   GLU 691  ,0.8753623188405797,30200.0
 0     0   152   ARG 153  , 0     0   140   GLU 141  ,0.8724637681159421,30100.0
 3     3   563   ARG 564  , 3     3   538   ASP 539  ,0.8695652173913043,30000.0
 1     1   520   ARG 521  , 0     0   345   GLU 346  ,0.8695652173913043,30000.0
 0     0    81   LYS 82   , 0     0    77   ASP 78   ,0.8666666666666667,29900.0
 4     4    35   PHE 36   , 4     4     0   ARG 1    ,0.8666666666666667,29900.0
 2     2   691   GLU 692  , 2     2   687   ARG 688  ,0.8579710144927536,29600.0
 2     2   692   ARG 693  , 2     2   689   GLU 690  ,0.8405797101449275,29000.0
 3     3   316   GLU 317  , 3     3   241   LYS 242  ,0.8144927536231884,28100.0
 1     1   698   GLU 699  , 1     1   687   ARG 688  ,0.8115942028985508,28000.0
 4     4    19   LYS 20   , 4     4     3   ASP 4    ,0.808695652173913,27900.0
 1     1   486   GLU 487  , 0     0   483   ARG 484  ,0.8028985507246377,27700.0
 1     1   710   ARG 711  , 1     1   706   ASP 707  ,0.7971014492753623,27500.0
 2     2   386   ARG 387  , 2     2   379   ASP 380  ,0.7884057971014493,27200.0
 0     0   720   LYS 721  , 0     0   689   GLU 690  ,0.782608695652174,27000.0
 3     3   175   GLU 176  , 3     3   136   LYS 137  ,0.7768115942028986,26800.0
 1     1   721   GLU 722  , 0     0   665   ARG 666  ,0.7739130434782608,26700.0
 3     3   486   GLU 487  , 2     2   483   ARG 484  ,0.7710144927536232,26600.0
 3     3   692   ARG 693  , 3     3   689   GLU 690  ,0.7710144927536232,26600.0
 3     3   341   ASP 342  , 3     3     7   ARG 8    ,0.7710144927536232,26600.0
 3     3    81   LYS 82   , 3     3    77   ASP 78   ,0.7623188405797101,26300.0
 3     3   710   ARG 711  , 3     3   706   ASP 707  ,0.7594202898550725,26200.0
 0     0   687   ARG 688  , 0     0   684   ASP 685  ,0.7565217391304347,26100.0
 2     2   710   ARG 711  , 2     2   706   ASP 707  ,0.7565217391304347,26100.0
 3     3   563   ARG 564  , 3     3   534   ASP 535  ,0.7565217391304347,26100.0
 0     0   692   ARG 693  , 0     0   688   GLU 689  ,0.7536231884057971,26000.0
 3     3   493   ASP 494  , 1     1     0   MET 1    ,0.7478260869565218,25800.0
 1     1   721   GLU 722  , 0     0   555   ARG 556  ,0.7420289855072464,25600.0
 1     1   203   LYS 204  , 1     1   192   ASP 193  ,0.7304347826086957,25200.0
 0     0   339   LYS 340  , 0     0   220   ASP 221  ,0.7275362318840579,25099.999999999996
 3     3   339   LYS 340  , 3     3   220   ASP 221  ,0.7275362318840579,25099.999999999996
 1     1   149   LYS 150  , 1     1   141   ASP 142  ,0.7072463768115942,24400.0
 1     1   711   ARG 712  , 1     1   691   GLU 692  ,0.7014492753623188,24200.0
 1     1   152   ARG 153  , 1     1   142   ASP 143  ,0.7014492753623188,24200.0
 0     0   675   LYS 676  , 0     0   623   GLU 624  ,0.6956521739130435,24000.0
 1     1   341   ASP 342  , 1     1   338   ARG 339  ,0.6927536231884058,23900.0
 1     1   397   ASP 398  , 0     0   386   ARG 387  ,0.6869565217391305,23700.0
 1     1   588   ASP 589  , 0     0   533   LYS 534  ,0.6840579710144927,23600.0
 3     3   326   LYS 327  , 3     3   306   ASP 307  ,0.6753623188405797,23300.0
 0     0   345   GLU 346  , 0     0     6   ARG 7    ,0.6492753623188405,22400.0
 2     2   676   ARG 677  , 2     2   603   ASP 604  ,0.6492753623188405,22400.0
 3     3   161   ARG 162  , 3     3    26   ASP 27   ,0.6434782608695652,22200.0
 1     1   411   LYS 412  , 1     1   316   GLU 317  ,0.6260869565217392,21600.0
 1     1   493   ASP 494  , 0     0   520   ARG 521  ,0.6260869565217392,21600.0
 0     0   721   GLU 722  , 0     0   692   ARG 693  ,0.6144927536231884,21200.0
 2     2   546   LYS 547  , 1     1   278   GLU 279  ,0.6028985507246377,20800.0
 3     3    50   LYS 51   , 3     3    46   ASP 47   ,0.6,20700.0
 1     1    50   LYS 51   , 1     1    46   ASP 47   ,0.5942028985507246,20500.0
 0     0   645   LYS 646  , 0     0   588   ASP 589  ,0.5884057971014492,20300.0
 3     3   674   ARG 675  , 3     3   623   GLU 624  ,0.5826086956521739,20100.0
 3     3   692   ARG 693  , 3     3   688   GLU 689  ,0.5739130434782609,19800.0
 2     2   692   ARG 693  , 2     2   688   GLU 689  ,0.5710144927536231,19700.0
 0     0   103   ARG 104  , 0     0    72   GLU 73   ,0.5681159420289855,19600.0
 1     1   284   LYS 285  , 1     1   282   ASP 283  ,0.5652173913043478,19500.0
 0     0   284   LYS 285  , 0     0   282   ASP 283  ,0.5652173913043478,19500.0
 2     2   645   LYS 646  , 2     2   588   ASP 589  ,0.5652173913043478,19500.0
 1     1   691   GLU 692  , 1     1   687   ARG 688  ,0.5420289855072464,18700.000000000004
 2     2   200   GLU 201  , 2     2   198   LYS 199  ,0.5362318840579711,18500.0
 2     2   674   ARG 675  , 2     2   623   GLU 624  ,0.5333333333333333,18400.0
 3     3   383   LYS 384  , 3     3   374   ASP 375  ,0.5246376811594203,18100.0
 2     2    83   ARG 84   , 2     2    80   GLU 81   ,0.5217391304347826,18000.0
 2     2   721   GLU 722  , 2     2   717   ARG 718  ,0.5217391304347826,18000.0
 3     3   103   ARG 104  , 3     3    72   GLU 73   ,0.5217391304347826,18000.0
 3     3   588   ASP 589  , 2     2   533   LYS 534  ,0.5217391304347826,18000.0
 0     0   563   ARG 564  , 0     0   538   ASP 539  ,0.5159420289855072,17800.0
 0     0    50   LYS 51   , 0     0    46   ASP 47   ,0.5159420289855072,17800.0
 0     0   152   ARG 153  , 0     0   142   ASP 143  ,0.5130434782608696,17700.0
 3     3   326   LYS 327  , 3     3   316   GLU 317  ,0.5101449275362319,17600.0
 3     3   179   LYS 180  , 3     3   175   GLU 176  ,0.5043478260869565,17400.0
 1     1    87   GLU 88   , 1     1    83   ARG 84   ,0.4985507246376812,17200.0
 3     3   345   GLU 346  , 3     3     7   ARG 8    ,0.48405797101449277,16700.0
 3     3   721   GLU 722  , 3     3   717   ARG 718  ,0.4753623188405797,16400.0
 2     2   145   LYS 146  , 2     2   142   ASP 143  ,0.4666666666666667,16100.0
 3     3   278   GLU 279  , 0     0   520   ARG 521  ,0.4579710144927536,15800.0
 2     2   506   GLU 507  , 2     2   502   LYS 503  ,0.4579710144927536,15800.0
 3     3   483   ARG 484  , 0     0   486   GLU 487  ,0.45217391304347826,15600.0
 3     3   647   ASP 648  , 3     3   645   LYS 646  ,0.4405797101449275,15200.0
 1     1   692   ARG 693  , 1     1   689   GLU 690  ,0.4405797101449275,15200.0
 2     2   103   ARG 104  , 2     2    72   GLU 73   ,0.4405797101449275,15200.0
 0     0    22   ARG 23   , 0     0    18   GLU 19   ,0.43768115942028984,15100.0
 1     1   345   GLU 346  , 1     1     6   ARG 7    ,0.43478260869565216,15000.0
 0     0   695   ARG 696  , 0     0   691   GLU 692  ,0.4289855072463768,14800.0
 3     3    83   ARG 84   , 3     3    80   GLU 81   ,0.4260869565217391,14700.0
 1     1   182   ARG 183  , 1     1    95   GLU 96   ,0.4260869565217391,14700.0
 1     1   507   ARG 508  , 0     0   534   ASP 535  ,0.4144927536231884,14300.0
 0     0   578   ASP 579  , 0     0   507   ARG 508  ,0.4144927536231884,14300.0
 0     0   691   GLU 692  , 0     0   687   ARG 688  ,0.4144927536231884,14300.0
 3     3   694   LYS 695  , 3     3   690   GLU 691  ,0.4115942028985507,14200.0
 3     3   523   ASP 524  , 3     3   483   ARG 484  ,0.4115942028985507,14200.0
 1     1   692   ARG 693  , 1     1   688   GLU 689  ,0.39420289855072466,13600.0
 0     0   173   LYS 174  , 0     0    26   ASP 27   ,0.39420289855072466,13600.0
 2     2   578   ASP 579  , 2     2   507   ARG 508  ,0.391304347826087,13500.0
 1     1   175   GLU 176  , 1     1   161   ARG 162  ,0.391304347826087,13500.0
 1     1   179   LYS 180  , 1     1    95   GLU 96   ,0.3884057971014493,13400.0
 1     1    22   ARG 23   , 1     1    18   GLU 19   ,0.3855072463768116,13300.0
 1     1   198   LYS 199  , 1     1   120   ASP 121  ,0.3855072463768116,13300.0
 2     2    87   GLU 88   , 2     2    83   ARG 84   ,0.3855072463768116,13300.0
 1     1   640   ASP 641  , 0     0     7   ARG 8    ,0.37971014492753624,13100.0
 1     1   695   ARG 696  , 1     1   689   GLU 690  ,0.37681159420289856,13000.0
 0     0   192   ASP 193  , 0     0   116   ARG 117  ,0.3739130434782609,12900.0
 2     2   507   ARG 508  , 1     1   534   ASP 535  ,0.3710144927536232,12800.0
 1     1   526   LYS 527  , 1     1   523   ASP 524  ,0.3681159420289855,12700.0
 1     1   506   GLU 507  , 1     1   502   LYS 503  ,0.3536231884057971,12200.0
 3     3   534   ASP 535  , 0     0   507   ARG 508  ,0.3536231884057971,12200.0
 3     3   200   GLU 201  , 3     3   198   LYS 199  ,0.3507246376811594,12100.0
 2     2   651   LYS 652  , 2     2   568   GLU 569  ,0.34492753623188405,11900.0
 3     3   695   ARG 696  , 3     3   691   GLU 692  ,0.34492753623188405,11900.0
 0     0   200   GLU 201  , 0     0   198   LYS 199  ,0.34202898550724636,11800.0
 0     0   689   GLU 690  , 0     0   686   LYS 687  ,0.3391304347826087,11700.0
 1     1   278   GLU 279  , 1     1     7   ARG 8    ,0.3333333333333333,11500.0
 2     2   695   ARG 696  , 2     2   691   GLU 692  ,0.32463768115942027,11200.0
 3     3    87   GLU 88   , 0     0   720   LYS 721  ,0.3217391304347826,11100.0
 1     1   341   ASP 342  , 1     1     6   ARG 7    ,0.3217391304347826,11100.0
 1     1   203   LYS 204  , 1     1   200   GLU 201  ,0.3159420289855073,10900.000000000002
 1     1   386   ARG 387  , 1     1   379   ASP 380  ,0.3159420289855073,10900.000000000002
 3     3   413   GLU 414  , 3     3   411   LYS 412  ,0.3159420289855073,10900.000000000002
 2     2   647   ASP 648  , 2     2   646   ARG 647  ,0.3130434782608696,10800.0
 3     3   185   GLU 186  , 3     3   182   ARG 183  ,0.3101449275362319,10700.0
 2     2   526   LYS 527  , 2     2   523   ASP 524  ,0.3101449275362319,10700.0
 0     0   506   GLU 507  , 0     0   502   LYS 503  ,0.3072463768115942,10600.0
 3     3   386   ARG 387  , 3     3   379   ASP 380  ,0.30434782608695654,10500.0
 3     3   506   GLU 507  , 3     3   502   LYS 503  ,0.30434782608695654,10500.0
 3     3   185   GLU 186  , 3     3    23   ARG 24   ,0.2956521739130435,10200.0
 3     3   203   LYS 204  , 3     3   200   GLU 201  ,0.2956521739130435,10200.0
 3     3   675   LYS 676  , 3     3   623   GLU 624  ,0.2956521739130435,10200.0
 3     3   145   LYS 146  , 3     3   141   ASP 142  ,0.2927536231884058,10100.0
 2     2   688   GLU 689  , 2     2   687   ARG 688  ,0.2811594202898551,9700.0
 3     3   546   LYS 547  , 2     2   278   GLU 279  ,0.2811594202898551,9700.0
 3     3   386   ARG 387  , 3     3   376   GLU 377  ,0.2782608695652174,9600.0
 0     0   203   LYS 204  , 0     0   200   GLU 201  ,0.27246376811594203,9400.0
 3     3   645   LYS 646  , 3     3   588   ASP 589  ,0.26956521739130435,9300.0
 0     0   651   LYS 652  , 0     0   568   GLU 569  ,0.26956521739130435,9300.0
 0     0   332   ARG 333  , 0     0   253   ASP 254  ,0.26956521739130435,9300.0
 3     3    87   GLU 88   , 3     3    83   ARG 84   ,0.26666666666666666,9200.0
 2     2   698   GLU 699  , 2     2   694   LYS 695  ,0.263768115942029,9100.0
 3     3   654   GLU 655  , 3     3   651   LYS 652  ,0.263768115942029,9100.0
 0     0   386   ARG 387  , 0     0   376   GLU 377  ,0.263768115942029,9100.0
 3     3   152   ARG 153  , 3     3   141   ASP 142  ,0.2608695652173913,9000.0
 0     0   647   ASP 648  , 0     0   646   ARG 647  ,0.2608695652173913,9000.0
 1     1    83   ARG 84   , 1     1    38   ASP 39   ,0.25217391304347825,8700.0
 3     3     6   ARG 7    , 0     0   510   ASP 511  ,0.25217391304347825,8700.0
 3     3   720   LYS 721  , 3     3   698   GLU 699  ,0.25217391304347825,8700.0
 0     0   654   GLU 655  , 0     0   651   LYS 652  ,0.24057971014492754,8300.0
 3     3    87   GLU 88   , 0     0   686   LYS 687  ,0.23768115942028986,8200.0
 0     0   646   ARG 647  , 0     0   588   ASP 589  ,0.2318840579710145,8000.0
 3     3   651   LYS 652  , 3     3   568   GLU 569  ,0.2289855072463768,7900.0
 3     3   315   ASP 316  , 3     3   243   ARG 244  ,0.22608695652173913,7800.0
 3     3   526   LYS 527  , 3     3   523   ASP 524  ,0.22318840579710145,7700.0
 1     1   550   GLU 551  , 1     1   546   LYS 547  ,0.22318840579710145,7700.0
 4     4    33   ASP 34   , 4     4     0   ARG 1    ,0.22318840579710145,7700.0
 2     2   654   GLU 655  , 2     2   651   LYS 652  ,0.22028985507246376,7600.0
 3     3   284   LYS 285  , 3     3   282   ASP 283  ,0.21739130434782608,7500.0
 0     0   316   GLU 317  , 0     0   243   ARG 244  ,0.2144927536231884,7400.0
 2     2   698   GLU 699  , 2     2   695   ARG 696  ,0.2144927536231884,7400.0
 2     2   386   ARG 387  , 2     2   376   GLU 377  ,0.21159420289855072,7300.0
 0     0   721   GLU 722  , 0     0   695   ARG 696  ,0.20869565217391303,7200.0
 2     2   694   LYS 695  , 2     2   690   GLU 691  ,0.20579710144927535,7100.0
 1     1    83   ARG 84   , 1     1    80   GLU 81   ,0.2028985507246377,7000.0
 3     3     0   MET 1    , 1     1   493   ASP 494  ,0.19710144927536233,6800.0
 3     3    22   ARG 23   , 3     3    18   GLU 19   ,0.19420289855072465,6700.0
 2     2   341   ASP 342  , 2     2     0   MET 1    ,0.19420289855072465,6700.0
 2     2   341   ASP 342  , 2     2     6   ARG 7    ,0.1855072463768116,6400.0
 2     2   681   LYS 682  , 2     2   605   GLU 606  ,0.1855072463768116,6400.0
 0     0   329   ARG 330  , 0     0   306   ASP 307  ,0.1855072463768116,6400.0
 2     2   263   ASP 264  , 2     2   216   LYS 217  ,0.1855072463768116,6400.0
 0     0   523   ASP 524  , 0     0   483   ARG 484  ,0.1855072463768116,6400.0
 1     1   645   LYS 646  , 1     1   568   GLU 569  ,0.17971014492753623,6200.0
 0     0   694   LYS 695  , 0     0   690   GLU 691  ,0.17391304347826086,6000.0
 2     2   179   LYS 180  , 2     2    95   GLU 96   ,0.17391304347826086,6000.0
 0     0   526   LYS 527  , 0     0   523   ASP 524  ,0.16521739130434782,5700.0
 0     0   681   LYS 682  , 0     0   605   GLU 606  ,0.16521739130434782,5700.0
 1     1   690   GLU 691  , 1     1   686   LYS 687  ,0.15942028985507245,5499.999999999999
 1     1   674   ARG 675  , 1     1   623   GLU 624  ,0.15942028985507245,5499.999999999999
 3     3   263   ASP 264  , 3     3   216   LYS 217  ,0.15942028985507245,5499.999999999999
 2     2   374   ASP 375  , 2     2   241   LYS 242  ,0.1565217391304348,5400.0
 2     2   647   ASP 648  , 2     2   645   LYS 646  ,0.1565217391304348,5400.0
 2     2    50   LYS 51   , 2     2    46   ASP 47   ,0.1536231884057971,5300.0
 1     1   520   ARG 521  , 0     0   341   ASP 342  ,0.1536231884057971,5300.0
 2     2   686   LYS 687  , 1     1    87   GLU 88   ,0.15072463768115943,5200.0
 3     3   341   ASP 342  , 3     3   338   ARG 339  ,0.14782608695652175,5100.0
 2     2   496   LYS 497  , 2     2   493   ASP 494  ,0.14492753623188406,5000.0
 3     3    83   ARG 84   , 3     3    38   ASP 39   ,0.14492753623188406,5000.0
 2     2    83   ARG 84   , 2     2    38   ASP 39   ,0.14202898550724638,4900.0
 3     3   316   GLU 317  , 3     3   243   ARG 244  ,0.14202898550724638,4900.0
 1     1   413   GLU 414  , 1     1   411   LYS 412  ,0.13623188405797101,4700.0
 0     0   120   ASP 121  , 0     0   116   ARG 117  ,0.13623188405797101,4700.0
 3     3   721   GLU 722  , 3     3   695   ARG 696  ,0.13333333333333333,4600.0
 3     3   698   GLU 699  , 3     3   694   LYS 695  ,0.13043478260869565,4500.0
 3     3   688   GLU 689  , 3     3   687   ARG 688  ,0.1246376811594203,4300.0
 3     3   715   ARG 716  , 3     3   698   GLU 699  ,0.1246376811594203,4300.0
 0     0   647   ASP 648  , 0     0   645   LYS 646  ,0.12173913043478261,4200.0
 2     2   152   ARG 153  , 2     2   142   ASP 143  ,0.12173913043478261,4200.0
 1     1   687   ARG 688  , 1     1   684   ASP 685  ,0.12173913043478261,4200.0
 2     2   182   ARG 183  , 2     2    26   ASP 27   ,0.11884057971014493,4100.0
 0     0   612   LYS 613  , 0     0   550   GLU 551  ,0.11594202898550725,4000.0
 2     2    22   ARG 23   , 2     2    18   GLU 19   ,0.11594202898550725,4000.0
 2     2   198   LYS 199  , 2     2   120   ASP 121  ,0.11594202898550725,4000.0
 3     3   198   LYS 199  , 3     3   118   GLU 119  ,0.11594202898550725,4000.0
 3     3   612   LYS 613  , 2     2    46   ASP 47   ,0.11304347826086956,3900.0
 2     2   585   GLU 586  , 1     1   533   LYS 534  ,0.11304347826086956,3900.0
 3     3   681   LYS 682  , 3     3   605   GLU 606  ,0.11304347826086956,3900.0
 3     3   686   LYS 687  , 2     2    87   GLU 88   ,0.10434782608695652,3600.0
 3     3   640   ASP 641  , 2     2     7   ARG 8    ,0.10434782608695652,3600.0
 2     2   339   LYS 340  , 2     2   220   ASP 221  ,0.10144927536231885,3500.0
 1     1   526   LYS 527  , 1     1   525   GLU 526  ,0.10144927536231885,3500.0
