 7     7  2061   ARG 385  , 7     7  1987   PHE 311  ,1.0,100100.0
 3     3  1035   HIS 555  , 0     0     1   ARG 4    ,1.0,100100.0
 7     7  2064   ARG 388  , 7     7  2021   TRP 345  ,1.0,100100.0
 7     7  2058   ARG 382  , 7     7  1987   PHE 311  ,1.0,100100.0
 1     1   264   ARG 382  , 1     1   193   PHE 311  ,1.0,100100.0
 7     7  2391   ARG 715  , 7     7  2340   HIS 664  ,1.0,100100.0
 7     7  2280   ARG 604  , 1     1   505   HIS 623  ,1.0,100100.0
 3     3  1103   HIS 623  , 1     1   486   ARG 604  ,1.0,100100.0
 3     3   868   ARG 388  , 3     3   821   TYR 341  ,1.0,100100.0
 3     3   865   ARG 385  , 3     3   791   PHE 311  ,1.0,100100.0
 3     3   862   ARG 382  , 3     3   791   PHE 311  ,1.0,100100.0
 5     5  1463   ARG 385  , 5     5  1389   PHE 311  ,1.0,100100.0
 5     5  1466   ARG 388  , 5     5  1423   TRP 345  ,1.0,100100.0
 5     5  1793   ARG 715  , 5     5  1742   HIS 664  ,1.0,100100.0
 1     1   270   ARG 388  , 1     1   227   TRP 345  ,1.0,100100.0
 5     5  1460   ARG 382  , 5     5  1389   PHE 311  ,0.999000999000999,100000.0
 7     7  2064   ARG 388  , 7     7  2017   TYR 341  ,0.997002997002997,99800.0
 1     1   270   ARG 388  , 1     1   223   TYR 341  ,0.997002997002997,99800.0
 7     7  1996   ARG 320  , 7     7  1923   TRP 247  ,0.997002997002997,99800.0
 3     3  1195   ARG 715  , 3     3  1144   HIS 664  ,0.997002997002997,99800.0
 7     7  2202   HIS 526  , 5     5  1595   ARG 517  ,0.995004995004995,99600.0
 5     5  1701   HIS 623  , 3     3  1084   ARG 604  ,0.995004995004995,99600.0
 7     7  2068   ARG 392  , 7     7  1927   HIS 251  ,0.993006993006993,99400.0
 7     7  2231   HIS 555  , 4     4  1197   ARG 4    ,0.9920079920079921,99300.0
 7     7  2299   HIS 623  , 5     5  1682   ARG 604  ,0.99000999000999,99100.0
 5     5  1635   TRP 557  , 5     5  1602   ARG 524  ,0.986013986013986,98700.0
 5     5  1467   LYS 389  , 5     5  1337   TRP 259  ,0.984015984015984,98500.0
 3     3   859   ARG 379  , 3     3   836   PHE 356  ,0.9820179820179821,98300.0
 2     2   651   ARG 56   , 2     2   638   TYR 43   ,0.978021978021978,97900.0
 7     7  2355   TYR 679  , 4     4  1197   ARG 4    ,0.977022977022977,97800.0
 1     1   267   ARG 385  , 1     1   193   PHE 311  ,0.975024975024975,97600.0
 5     5  1633   HIS 555  , 2     2   599   ARG 4    ,0.971028971028971,97200.0
 1     1   597   ARG 715  , 1     1   546   HIS 664  ,0.97002997002997,97100.0
 5     5  1470   ARG 392  , 5     5  1339   TRP 261  ,0.952047952047952,95300.0
 6     6  1798   HIS 7    , 6     6  1795   ARG 4    ,0.951048951048951,95200.0
 5     5  1411   HIS 333  , 5     5  1324   ARG 246  ,0.9400599400599401,94100.0
 7     7  2124   TYR 448  , 7     7  2109   LYS 433  ,0.9250749250749251,92600.0
 7     7  2065   LYS 389  , 7     7  1935   TRP 259  ,0.9240759240759241,92500.0
 5     5  1747   LYS 669  , 3     3  1177   TYR 697  ,0.9110889110889111,91200.0
 7     7  2373   TYR 697  , 1     1   551   LYS 669  ,0.9000999000999002,90100.0
 3     3  1159   TYR 679  , 0     0     1   ARG 4    ,0.8951048951048951,89600.0
 1     1   261   ARG 379  , 1     1   151   TYR 269  ,0.8801198801198801,88100.0
 3     3  1149   LYS 669  , 1     1   579   TYR 697  ,0.8791208791208791,88000.0
 7     7  2108   HIS 432  , 7     7  2103   ARG 427  ,0.8741258741258742,87500.0
 7     7  2345   LYS 669  , 5     5  1775   TYR 697  ,0.8671328671328671,86800.0
 8     8  2427   PHE 36   , 8     8  2418   ARG 27   ,0.8621378621378621,86300.0
 3     3   842   ARG 362  , 3     3   841   PHE 361  ,0.8501498501498501,85100.0
 1     1   468   ARG 586  , 1     1   465   HIS 583  ,0.8301698301698301,83100.0
 3     3  1116   ARG 636  , 3     3  1039   TYR 559  ,0.8221778221778222,82300.0
 3     3   800   ARG 320  , 3     3   727   TRP 247  ,0.8051948051948052,80600.0
 5     5  1466   ARG 388  , 5     5  1419   TYR 341  ,0.7912087912087912,79200.0
 5     5  1664   ARG 586  , 5     5  1661   HIS 583  ,0.7772227772227772,77800.0
 7     7  2068   ARG 392  , 7     7  1937   TRP 261  ,0.7632367632367633,76400.0
 7     7  1932   LYS 256  , 7     7  1927   HIS 251  ,0.7622377622377622,76300.0
 3     3  1006   HIS 526  , 1     1   399   ARG 517  ,0.7142857142857143,71500.0
 3     3   813   HIS 333  , 3     3   726   ARG 246  ,0.7062937062937062,70700.0
 1     1   594   PHE 712  , 1     1   525   ARG 643  ,0.6953046953046953,69600.0
 7     7  2233   TRP 557  , 7     7  2200   ARG 524  ,0.6933066933066933,69400.0
 3     3   876   TYR 396  , 2     2   598   VAL 3    ,0.6893106893106893,69000.0
 1     1   217   ARG 335  , 1     1   215   HIS 333  ,0.6663336663336663,66700.0
 8     8  2409   LYS 18   , 3     3   959   PHE 479  ,0.6653346653346653,66600.0
 3     3  1005   TYR 525  , 0     0     0   VAL 3    ,0.6513486513486514,65200.00000000001
 6     6  1818   ARG 27   , 6     6  1813   PHE 22   ,0.6503496503496503,65099.99999999999
 3     3   872   ARG 392  , 3     3   741   TRP 261  ,0.6493506493506493,65000.0
 1     1   141   TRP 259  , 1     1   138   LYS 256  ,0.6483516483516484,64900.0
 8     8  2402   TYR 11   , 3     3   913   LYS 433  ,0.6463536463536463,64700.0
 1     1   344   LYS 462  , 1     1   302   TYR 420  ,0.6283716283716284,62900.00000000001
 0     0    98   LYS 101  , 0     0    51   TYR 54   ,0.6233766233766234,62400.0
 5     5  1790   PHE 712  , 5     5  1721   ARG 643  ,0.6213786213786214,62200.00000000001
 1     1   177   TYR 295  , 1     1   172   ARG 290  ,0.6103896103896104,61100.0
 6     6  1897   PHE 106  , 6     6  1891   ARG 100  ,0.5964035964035964,59700.0
 1     1   439   TRP 557  , 1     1   406   ARG 524  ,0.5964035964035964,59700.0
 7     7  2299   HIS 623  , 5     5  1678   LYS 600  ,0.5874125874125874,58800.0
 7     7  2193   ARG 517  , 1     1   408   HIS 526  ,0.5844155844155844,58500.0
 8     8  2412   PHE 21   , 8     8  2411   ARG 20   ,0.5784215784215784,57899.99999999999
 2     2   696   LYS 101  , 2     2   649   TYR 54   ,0.5644355644355644,56500.0
 6     6  1795   ARG 4    , 1     1   561   TYR 679  ,0.5614385614385614,56200.0
 3     3  1192   PHE 712  , 3     3  1123   ARG 643  ,0.5574425574425574,55800.0
 3     3  1037   TRP 557  , 3     3  1004   ARG 524  ,0.5564435564435565,55700.0
 8     8  2402   TYR 11   , 3     3   927   ARG 447  ,0.5544455544455544,55500.0
 3     3  1066   ARG 586  , 3     3  1063   HIS 583  ,0.5514485514485514,55200.0
 3     3  1103   HIS 623  , 1     1   482   LYS 600  ,0.5284715284715285,52900.0
 7     7  2012   ARG 336  , 7     7  2009   HIS 333  ,0.5244755244755245,52500.0
 3     3   942   LYS 462  , 3     3   900   TYR 420  ,0.5184815184815185,51900.0
 7     7  2009   HIS 333  , 7     7  1922   ARG 246  ,0.5174825174825175,51800.0
 3     3   868   ARG 388  , 3     3   825   TRP 345  ,0.5014985014985015,50200.0
 6     6  1847   ARG 56   , 6     6  1834   TYR 43   ,0.5014985014985015,50200.0
 3     3   732   TYR 252  , 2     2   599   ARG 4    ,0.4975024975024975,49800.0
 5     5  1330   TYR 252  , 4     4  1198   ARG 5    ,0.4885114885114885,48900.0
 5     5  1334   LYS 256  , 5     5  1329   HIS 251  ,0.4695304695304695,47000.0
 5     5  1546   TYR 468  , 3     3   970   LYS 490  ,0.46853146853146854,46900.0
 5     5  1454   LYS 376  , 5     5  1351   PHE 273  ,0.46653346653346656,46700.0
 0     0   103   PHE 106  , 0     0    97   ARG 100  ,0.45354645354645357,45400.0
 4     4  1249   ARG 56   , 4     4  1236   TYR 43   ,0.45054945054945056,45100.0
 8     8  2409   LYS 18   , 1     1   361   PHE 479  ,0.44955044955044954,45000.0
 3     3   736   LYS 256  , 3     3   731   HIS 251  ,0.44955044955044954,45000.0
 4     4  1200   HIS 7    , 4     4  1198   ARG 5    ,0.44755244755244755,44800.0
 5     5  1470   ARG 392  , 5     5  1329   HIS 251  ,0.44755244755244755,44800.0
 0     0    24   ARG 27   , 0     0    19   PHE 22   ,0.43956043956043955,44000.0
 6     6  1892   LYS 101  , 6     6  1845   TYR 54   ,0.43456543456543456,43500.0
 2     2   622   ARG 27   , 2     2   617   PHE 22   ,0.4325674325674326,43300.0
 7     7  2138   LYS 462  , 7     7  2096   TYR 420  ,0.4165834165834166,41700.0
 3     3   873   TYR 393  , 3     3   872   ARG 392  ,0.4155844155844156,41600.0
 7     7  1935   TRP 259  , 7     7  1932   LYS 256  ,0.41358641358641357,41400.0
 5     5  1474   TYR 396  , 4     4  1196   VAL 3    ,0.4025974025974026,40300.0
 8     8  2423   PHE 32   , 8     8  2397   LYS 6    ,0.3956043956043956,39600.0
 4     4  1294   LYS 101  , 4     4  1247   TYR 54   ,0.3936063936063936,39400.0
 4     4  1299   PHE 106  , 4     4  1293   ARG 100  ,0.3886113886113886,38900.0
 5     5  1413   ARG 335  , 5     5  1411   HIS 333  ,0.3876123876123876,38800.0
 7     7  2105   TYR 429  , 1     1   328   LYS 446  ,0.3876123876123876,38800.0
 1     1   202   ARG 320  , 1     1   129   TRP 247  ,0.3836163836163836,38400.0
 1     1   278   TYR 396  , 0     0     2   ARG 5    ,0.37362637362637363,37400.0
 6     6  1813   PHE 22   , 6     6  1812   LYS 21   ,0.3676323676323676,36800.0
 0     0    53   ARG 56   , 0     0    40   TYR 43   ,0.3516483516483517,35200.0
 5     5  1540   LYS 462  , 5     5  1498   TYR 420  ,0.34665334665334663,34700.0
 4     4  1220   ARG 27   , 4     4  1215   PHE 22   ,0.33666333666333664,33700.0
 1     1   274   ARG 392  , 1     1   143   TRP 261  ,0.32867132867132864,32900.0
 7     7  2038   ARG 362  , 7     7  2037   PHE 361  ,0.32667332667332666,32700.0
 5     5  1414   ARG 336  , 5     5  1401   TYR 323  ,0.32167832167832167,32200.0
 3     3   815   ARG 335  , 3     3   813   HIS 333  ,0.3146853146853147,31500.0
 5     5  1783   TRP 705  , 5     5  1765   ARG 687  ,0.3126873126873127,31300.0
 5     5  1757   TYR 679  , 2     2   599   ARG 4    ,0.3096903096903097,31000.0
 2     2   602   HIS 7    , 2     2   599   ARG 4    ,0.2967032967032967,29700.0
 5     5  1701   HIS 623  , 3     3  1080   LYS 600  ,0.2827172827172827,28299.999999999996
 5     5  1510   HIS 432  , 5     5  1505   ARG 427  ,0.2827172827172827,28299.999999999996
 3     3   868   ARG 388  , 3     3   820   HIS 340  ,0.2627372627372627,26300.0
 1     1   215   HIS 333  , 1     1   128   ARG 246  ,0.2597402597402597,25999.999999999996
 3     3   942   LYS 462  , 3     3   928   TYR 448  ,0.25874125874125875,25900.0
 5     5  1398   ARG 320  , 5     5  1325   TRP 247  ,0.2547452547452547,25499.999999999996
 2     2   617   PHE 22   , 2     2   616   LYS 21   ,0.23676323676323677,23700.0
 1     1   344   LYS 462  , 1     1   330   TYR 448  ,0.23476523476523475,23500.0
 5     5  1616   PHE 538  , 5     5  1615   ARG 537  ,0.22677322677322678,22700.0
 1     1   218   ARG 336  , 1     1   205   TYR 323  ,0.22377622377622378,22400.0
 7     7  2262   ARG 586  , 7     7  2259   HIS 583  ,0.22277722277722278,22300.0
 5     5  1325   TRP 247  , 4     4  1214   LYS 21   ,0.2217782217782218,22200.0
 3     3   739   TRP 259  , 3     3   736   LYS 256  ,0.22077922077922077,22100.0
 2     2   701   PHE 106  , 2     2   695   ARG 100  ,0.21978021978021978,22000.0
 7     7  1927   HIS 251  , 6     6  1794   VAL 3    ,0.21878121878121878,21900.0
 8     8  2427   PHE 36   , 7     7  2123   ARG 447  ,0.2177822177822178,21800.0
 3     3   859   ARG 379  , 3     3   791   PHE 311  ,0.21678321678321677,21700.0
 3     3  1164   LYS 684  , 3     3  1112   TYR 632  ,0.21678321678321677,21700.0
 1     1   261   ARG 379  , 1     1   155   PHE 273  ,0.2087912087912088,20900.0
 3     3  1039   TYR 559  , 0     0     1   ARG 4    ,0.2047952047952048,20500.0
 7     7  2388   PHE 712  , 7     7  2319   ARG 643  ,0.2047952047952048,20500.0
 6     6  1798   HIS 7    , 1     1   430   ARG 548  ,0.2037962037962038,20400.0
 3     3  1005   TYR 525  , 0     0     2   ARG 5    ,0.20279720279720279,20300.0
 1     1   566   LYS 684  , 1     1   514   TYR 632  ,0.19880119880119881,19900.0
 1     1   518   ARG 636  , 1     1   496   HIS 614  ,0.1958041958041958,19600.0
 3     3   803   TYR 323  , 3     3   736   LYS 256  ,0.19080919080919082,19100.0
 1     1   561   TYR 679  , 1     1   518   ARG 636  ,0.19080919080919082,19100.0
 1     1   244   ARG 362  , 1     1   238   PHE 356  ,0.18981018981018982,19000.0
 5     5  1762   LYS 684  , 5     5  1710   TYR 632  ,0.18681318681318682,18700.0
 5     5  1626   ARG 548  , 2     2   602   HIS 7    ,0.17882117882117882,17900.0
 3     3   869   LYS 389  , 3     3   739   TRP 259  ,0.17082917082917082,17100.0
 1     1   202   ARG 320  , 1     1   201   PHE 319  ,0.16783216783216784,16800.0
 0     0     4   HIS 7    , 0     0     2   ARG 5    ,0.16783216783216784,16800.0
 3     3  1155   ARG 675  , 3     3  1103   HIS 623  ,0.16183816183816183,16199.999999999998
 1     1   518   ARG 636  , 1     1   437   HIS 555  ,0.16083916083916083,16100.0
 5     5  1330   TYR 252  , 4     4  1197   ARG 4    ,0.15784215784215785,15800.000000000002
 5     5  1337   TRP 259  , 5     5  1334   LYS 256  ,0.15584415584415584,15600.0
 1     1   129   TRP 247  , 1     1   128   ARG 246  ,0.15484515484515485,15500.0
 7     7  2011   ARG 335  , 7     7  2009   HIS 333  ,0.15284715284715283,15299.999999999998
 1     1   275   TYR 393  , 1     1   274   ARG 392  ,0.14685314685314685,14700.0
 3     3   873   TYR 393  , 3     3   869   LYS 389  ,0.14485514485514486,14500.0
 8     8  2414   LYS 23   , 8     8  2412   PHE 21   ,0.14185814185814186,14200.0
 7     7  2072   TYR 396  , 6     6  1796   ARG 5    ,0.14185814185814186,14200.0
 7     7  2235   TYR 559  , 1     1   419   ARG 537  ,0.14085914085914086,14100.0
 3     3   928   TYR 448  , 3     3   907   ARG 427  ,0.13986013986013987,14000.000000000002
 5     5  1420   PHE 342  , 5     5  1413   ARG 335  ,0.13886113886113885,13899.999999999998
 1     1   569   ARG 687  , 1     1   546   HIS 664  ,0.13886113886113885,13899.999999999998
 0     0    19   PHE 22   , 0     0    18   LYS 21   ,0.13786213786213786,13800.0
 8     8  2427   PHE 36   , 5     5  1511   LYS 433  ,0.13686313686313686,13700.0
 3     3   912   HIS 432  , 3     3   907   ARG 427  ,0.13686313686313686,13700.0
 6     6  1795   ARG 4    , 1     1   437   HIS 555  ,0.13186813186813187,13200.0
 7     7  1928   TYR 252  , 6     6  1796   ARG 5    ,0.13186813186813187,13200.0
 3     3  1026   ARG 546  , 0     0     4   HIS 7    ,0.12687312687312688,12700.0
 4     4  1215   PHE 22   , 4     4  1214   LYS 21   ,0.12487512487512488,12500.0
 5     5  1603   TYR 525  , 2     2   598   VAL 3    ,0.12487512487512488,12500.0
 3     3   727   TRP 247  , 3     3   726   ARG 246  ,0.12087912087912088,12100.0
 1     1   415   LYS 533  , 1     1   408   HIS 526  ,0.12087912087912088,12100.0
 7     7  2276   LYS 600  , 1     1   505   HIS 623  ,0.11788211788211789,11800.0
 8     8  2418   ARG 27   , 8     8  2405   PHE 14   ,0.11588411588411589,11600.0
 7     7  2235   TYR 559  , 4     4  1197   ARG 4    ,0.11288711288711288,11300.0
 1     1   518   ARG 636  , 1     1   441   TYR 559  ,0.1108891108891109,11100.0
 5     5  1414   ARG 336  , 5     5  1411   HIS 333  ,0.1108891108891109,11100.0
 5     5  1457   ARG 379  , 5     5  1434   PHE 356  ,0.10789210789210789,10800.0
 3     3  1133   LYS 653  , 3     3  1071   HIS 591  ,0.1068931068931069,10700.0
 7     7  2138   LYS 462  , 7     7  2124   TYR 448  ,0.1068931068931069,10700.0
 1     1   420   PHE 538  , 1     1   419   ARG 537  ,0.1008991008991009,10100.0
 5     5  1526   TYR 448  , 5     5  1524   LYS 446  ,0.1008991008991009,10100.0
