 7     7  2058   ARG 382  , 7     7  1984   ASP 308  ,1.0,100100.0
 5     5  1460   ARG 382  , 5     5  1386   ASP 308  ,1.0,100100.0
 3     3   868   ARG 388  , 3     3   829   ASP 349  ,1.0,100100.0
 3     3  1135   ASP 655  , 0     0    53   ARG 56   ,1.0,100100.0
 5     5  1338   ASP 260  , 5     5  1334   LYS 256  ,1.0,100100.0
 5     5  1454   LYS 376  , 5     5  1445   GLU 367  ,1.0,100100.0
 5     5  1457   ARG 379  , 5     5  1382   ASP 304  ,1.0,100100.0
 5     5  1457   ARG 379  , 5     5  1386   ASP 308  ,1.0,100100.0
 5     5  1463   ARG 385  , 5     5  1392   ASP 314  ,1.0,100100.0
 3     3   865   ARG 385  , 3     3   829   ASP 349  ,1.0,100100.0
 7     7  2061   ARG 385  , 7     7  1990   ASP 314  ,1.0,100100.0
 5     5  1753   ARG 675  , 5     5  1718   GLU 640  ,1.0,100100.0
 5     5  1793   ARG 715  , 5     5  1737   GLU 659  ,1.0,100100.0
 7     7  2038   ARG 362  , 7     7  2033   ASP 357  ,1.0,100100.0
 7     7  2055   ARG 379  , 7     7  1980   ASP 304  ,1.0,100100.0
 7     7  2065   LYS 389  , 7     7  1990   ASP 314  ,1.0,100100.0
 7     7  2055   ARG 379  , 7     7  1984   ASP 308  ,1.0,100100.0
 7     7  2065   LYS 389  , 7     7  1936   ASP 260  ,1.0,100100.0
 7     7  2351   ARG 675  , 7     7  2316   GLU 640  ,1.0,100100.0
 1     1   264   ARG 382  , 1     1   190   ASP 308  ,1.0,100100.0
 3     3   862   ARG 382  , 3     3   788   ASP 308  ,1.0,100100.0
 1     1   142   ASP 260  , 1     1   138   LYS 256  ,1.0,100100.0
 1     1   261   ARG 379  , 1     1   186   ASP 304  ,1.0,100100.0
 3     3   859   ARG 379  , 3     3   788   ASP 308  ,1.0,100100.0
 3     3   856   LYS 376  , 3     3   784   ASP 304  ,1.0,100100.0
 1     1   597   ARG 715  , 1     1   541   GLU 659  ,1.0,100100.0
 7     7  2391   ARG 715  , 7     7  2335   GLU 659  ,1.0,100100.0
 3     3   865   ARG 385  , 3     3   794   ASP 314  ,1.0,100100.0
 1     1   270   ARG 388  , 1     1   231   ASP 349  ,1.0,100100.0
 1     1   261   ARG 379  , 1     1   190   ASP 308  ,1.0,100100.0
 1     1   244   ARG 362  , 1     1   239   ASP 357  ,0.999000999000999,100000.0
 6     6  1795   ARG 4    , 1     1   433   GLU 551  ,0.999000999000999,100000.0
 1     1   274   ARG 392  , 1     1   142   ASP 260  ,0.999000999000999,100000.0
 7     7  2061   ARG 385  , 7     7  2025   ASP 349  ,0.999000999000999,100000.0
 1     1   267   ARG 385  , 1     1   196   ASP 314  ,0.999000999000999,100000.0
 7     7  2363   ARG 687  , 7     7  2335   GLU 659  ,0.999000999000999,100000.0
 7     7  2058   ARG 382  , 7     7  1980   ASP 304  ,0.999000999000999,100000.0
 7     7  2331   ASP 655  , 4     4  1249   ARG 56   ,0.998001998001998,99900.0
 3     3  1195   ARG 715  , 3     3  1139   GLU 659  ,0.997002997002997,99800.0
 5     5  1454   LYS 376  , 5     5  1382   ASP 304  ,0.996003996003996,99700.0
 5     5  1733   ASP 655  , 2     2   651   ARG 56   ,0.996003996003996,99700.0
 5     5  1467   LYS 389  , 5     5  1392   ASP 314  ,0.996003996003996,99700.0
 3     3  1011   ARG 531  , 1     1   446   ASP 564  ,0.996003996003996,99700.0
 0     0    17   ARG 20   , 0     0    13   ASP 16   ,0.996003996003996,99700.0
 1     1   563   ASP 681  , 1     1   518   ARG 636  ,0.993006993006993,99400.0
 7     7  2068   ARG 392  , 7     7  1936   ASP 260  ,0.993006993006993,99400.0
 4     4  1294   LYS 101  , 4     4  1251   GLU 58   ,0.9920079920079921,99300.0
 7     7  2213   ARG 537  , 7     7  2210   GLU 534  ,0.9920079920079921,99300.0
 6     6  1847   ARG 56   , 1     1   537   ASP 655  ,0.989010989010989,99000.0
 6     6  1892   LYS 101  , 6     6  1849   GLU 58   ,0.987012987012987,98800.0
 3     3  1161   ASP 681  , 3     3  1116   ARG 636  ,0.986013986013986,98700.0
 2     2   615   ARG 20   , 2     2   611   ASP 16   ,0.983016983016983,98400.0
 3     3   809   GLU 329  , 2     2   599   ARG 4    ,0.9820179820179821,98300.0
 1     1   267   ARG 385  , 1     1   231   ASP 349  ,0.981018981018981,98200.0
 0     0    98   LYS 101  , 0     0    55   GLU 58   ,0.98001998001998,98100.0
 1     1   218   ARG 336  , 1     1   210   ASP 328  ,0.977022977022977,97800.0
 5     5  1466   ARG 388  , 5     5  1427   ASP 349  ,0.974025974025974,97500.0
 7     7  1936   ASP 260  , 7     7  1932   LYS 256  ,0.974025974025974,97500.0
 5     5  1682   ARG 604  , 5     5  1657   ASP 579  ,0.973026973026973,97400.0
 3     3   872   ARG 392  , 3     3   740   ASP 260  ,0.9690309690309691,97000.0
 3     3  1028   ARG 548  , 1     1   461   ASP 579  ,0.968031968031968,96900.0
 5     5  1467   LYS 389  , 5     5  1338   ASP 260  ,0.968031968031968,96900.0
 6     6  1902   ASP 111  , 6     6  1818   ARG 27   ,0.9660339660339661,96700.0
 5     5  1629   GLU 551  , 2     2   599   ARG 4    ,0.965034965034965,96600.0
 1     1   419   ARG 537  , 1     1   416   GLU 534  ,0.964035964035964,96500.0
 5     5  1759   ASP 681  , 5     5  1714   ARG 636  ,0.9630369630369631,96400.0
 4     4  1323   GLU 130  , 4     4  1220   ARG 27   ,0.961038961038961,96200.0
 6     6  1811   ARG 20   , 6     6  1807   ASP 16   ,0.9600399600399601,96100.0
 4     4  1323   GLU 130  , 4     4  1221   LYS 28   ,0.9600399600399601,96100.0
 7     7  2064   ARG 388  , 7     7  2025   ASP 349  ,0.9560439560439561,95700.0
 5     5  1751   ASP 673  , 3     3  1080   LYS 600  ,0.949050949050949,95000.0
 1     1   211   GLU 329  , 0     0     1   ARG 4    ,0.9470529470529471,94800.0
 2     2   725   GLU 130  , 2     2   623   LYS 28   ,0.9460539460539461,94700.0
 5     5  1473   GLU 395  , 4     4  1196   VAL 3    ,0.9440559440559441,94500.0
 5     5  1407   GLU 329  , 4     4  1197   ARG 4    ,0.942057942057942,94300.0
 6     6  1921   GLU 130  , 6     6  1818   ARG 27   ,0.9410589410589411,94200.0
 7     7  2276   LYS 600  , 1     1   555   ASP 673  ,0.9330669330669331,93400.0
 4     4  1216   GLU 23   , 4     4  1213   ARG 20   ,0.926073926073926,92700.0
 5     5  1626   ARG 548  , 3     3  1059   ASP 579  ,0.9250749250749251,92600.0
 7     7  2368   GLU 692  , 7     7  2285   LYS 609  ,0.9210789210789211,92200.0
 1     1   569   ARG 687  , 1     1   541   GLU 659  ,0.919080919080919,92000.0
 1     1   574   GLU 692  , 1     1   491   LYS 609  ,0.916083916083916,91700.0
 3     3  1164   LYS 684  , 1     1   456   GLU 574  ,0.9120879120879121,91300.0
 2     2   697   ASP 102  , 2     2   695   ARG 100  ,0.9070929070929071,90800.0
 3     3   816   ARG 336  , 3     3   808   ASP 328  ,0.906093906093906,90700.0
 5     5  1615   ARG 537  , 5     5  1612   GLU 534  ,0.9040959040959041,90500.0
 3     3  1172   GLU 692  , 3     3  1089   LYS 609  ,0.8931068931068931,89400.0
 5     5  1609   ARG 531  , 3     3  1044   ASP 564  ,0.8931068931068931,89400.0
 5     5  1770   GLU 692  , 5     5  1687   LYS 609  ,0.8921078921078921,89300.0
 4     4  1300   ARG 107  , 4     4  1288   ASP 95   ,0.8881118881118881,88900.0
 4     4  1295   ASP 102  , 4     4  1293   ARG 100  ,0.8821178821178821,88300.0
 5     5  1628   GLU 550  , 5     5  1624   ARG 546  ,0.8781218781218781,87900.0
 3     3  1084   ARG 604  , 3     3  1059   ASP 579  ,0.8771228771228772,87800.0
 6     6  1921   GLU 130  , 6     6  1819   LYS 28   ,0.8711288711288712,87200.0
 2     2   725   GLU 130  , 2     2   622   ARG 27   ,0.8701298701298701,87100.0
 8     8  2395   ASP 4    , 1     1   329   ARG 447  ,0.8671328671328671,86800.0
 7     7  2280   ARG 604  , 7     7  2255   ASP 579  ,0.8621378621378621,86300.0
 2     2   685   GLU 90   , 2     2   676   ARG 81   ,0.8621378621378621,86300.0
 6     6  1898   ARG 107  , 6     6  1886   ASP 95   ,0.8451548451548452,84600.0
 5     5  1414   ARG 336  , 5     5  1406   ASP 328  ,0.8441558441558441,84500.0
 1     1   277   GLU 395  , 0     0     0   VAL 3    ,0.8431568431568431,84400.0
 1     1   486   ARG 604  , 1     1   461   ASP 579  ,0.8391608391608392,84000.0
 1     1   171   ARG 289  , 1     1   166   ASP 284  ,0.8371628371628371,83800.0
 1     1   557   ARG 675  , 1     1   522   GLU 640  ,0.8361638361638362,83700.0
 8     8  2418   ARG 27   , 5     5  1509   GLU 431  ,0.8341658341658341,83500.0
 1     1   258   LYS 376  , 1     1   249   GLU 367  ,0.8251748251748252,82600.0
 5     5  1765   ARG 687  , 5     5  1737   GLU 659  ,0.8171828171828172,81800.0
 0     0   104   ARG 107  , 0     0    92   ASP 95   ,0.8111888111888111,81200.0
 3     3  1099   ASP 619  , 3     3  1028   ARG 548  ,0.8031968031968032,80400.0
 5     5  1463   ARG 385  , 5     5  1427   ASP 349  ,0.7982017982017982,79900.0
 4     4  1304   ASP 111  , 4     4  1286   LYS 93   ,0.7922077922077922,79300.0
 7     7  2349   ASP 673  , 5     5  1678   LYS 600  ,0.7892107892107892,79000.0
 2     2   706   ASP 111  , 2     2   688   LYS 93   ,0.7812187812187812,78200.0
 3     3  1030   GLU 550  , 3     3  1026   ARG 546  ,0.7802197802197802,78100.0
 2     2   702   ARG 107  , 2     2   690   ASP 95   ,0.7682317682317682,76900.0
 8     8  2425   ASP 34   , 7     7  2123   ARG 447  ,0.7652347652347652,76600.0
 0     0   108   ASP 111  , 0     0    90   LYS 93   ,0.7412587412587412,74200.0
 7     7  2391   ARG 715  , 7     7  2319   ARG 643  ,0.7392607392607392,74000.0
 8     8  2427   PHE 36   , 8     8  2414   LYS 23   ,0.7242757242757243,72500.0
 7     7  2295   ASP 619  , 7     7  2224   ARG 548  ,0.7202797202797203,72100.0
 3     3   875   GLU 395  , 3     3   872   ARG 392  ,0.7182817182817183,71900.0
 3     3   869   LYS 389  , 3     3   740   ASP 260  ,0.7122877122877123,71300.0
 2     2   696   LYS 101  , 2     2   653   GLU 58   ,0.7042957042957043,70500.0
 7     7  2123   ARG 447  , 7     7  2114   ASP 438  ,0.7042957042957043,70500.0
 7     7  2004   ASP 328  , 6     6  1811   ARG 20   ,0.7012987012987013,70200.0
 6     6  1847   ARG 56   , 6     6  1837   ASP 46   ,0.7012987012987013,70200.0
 3     3  1153   ASP 673  , 1     1   482   LYS 600  ,0.6913086913086913,69200.0
 5     5  1444   ASP 366  , 5     5  1368   ARG 290  ,0.6883116883116883,68900.0
 8     8  2400   GLU 9    , 3     3   913   LYS 433  ,0.6883116883116883,68900.0
 6     6  1881   GLU 90   , 6     6  1872   ARG 81   ,0.6663336663336663,66700.0
 5     5  1470   ARG 392  , 5     5  1338   ASP 260  ,0.6623376623376623,66300.0
 7     7  2360   LYS 684  , 5     5  1652   GLU 574  ,0.6563436563436563,65700.0
 3     3  1167   ARG 687  , 3     3  1139   GLU 659  ,0.6413586413586414,64200.00000000001
 7     7  2114   ASP 438  , 7     7  2109   LYS 433  ,0.6363636363636364,63700.0
 3     3  1017   ARG 537  , 3     3  1014   GLU 534  ,0.6353646353646354,63600.0
 7     7  2226   GLU 550  , 7     7  2209   LYS 533  ,0.6273726273726273,62799.99999999999
 0     0    99   ASP 102  , 0     0    97   ARG 100  ,0.6253746253746254,62600.0
 6     6  1902   ASP 111  , 6     6  1884   LYS 93   ,0.6243756243756243,62499.99999999999
 7     7  2312   ARG 636  , 5     5  1406   ASP 328  ,0.6033966033966034,60400.0
 1     1   432   GLU 550  , 1     1   428   ARG 546  ,0.5984015984015985,59900.00000000001
 5     5  1714   ARG 636  , 3     3   808   ASP 328  ,0.5904095904095904,59100.0
 3     3   740   ASP 260  , 3     3   736   LYS 256  ,0.5684315684315684,56899.99999999999
 3     3   769   ARG 289  , 3     3   767   GLU 287  ,0.5604395604395604,56100.0
 7     7  2255   ASP 579  , 1     1   430   ARG 548  ,0.5594405594405595,56000.00000000001
 3     3  1155   ARG 675  , 3     3  1120   GLU 640  ,0.5584415584415584,55900.0
 6     6  1893   ASP 102  , 6     6  1891   ARG 100  ,0.5534465534465535,55400.0
 4     4  1213   ARG 20   , 4     4  1209   ASP 16   ,0.5494505494505495,55000.00000000001
 8     8  2411   ARG 20   , 8     8  2395   ASP 4    ,0.5484515484515484,54900.0
 5     5  1525   ARG 447  , 5     5  1509   GLU 431  ,0.5224775224775224,52299.99999999999
 1     1   501   ASP 619  , 1     1   430   ARG 548  ,0.5144855144855145,51500.0
 5     5  1697   ASP 619  , 5     5  1626   ARG 548  ,0.5104895104895105,51100.0
 5     5  1628   GLU 550  , 5     5  1611   LYS 533  ,0.5024975024975025,50300.0
 5     5  1540   LYS 462  , 5     5  1362   ASP 284  ,0.4885114885114885,48900.0
 1     1   343   ASP 461  , 1     1   328   LYS 446  ,0.4835164835164835,48400.0
 7     7  2071   GLU 395  , 6     6  1794   VAL 3    ,0.4725274725274725,47300.0
 3     3  1106   ASP 626  , 1     1   486   ARG 604  ,0.46553446553446554,46600.0
 1     1   277   GLU 395  , 0     0     2   ARG 5    ,0.45554445554445555,45600.0
 7     7  1965   ARG 289  , 7     7  1962   ASP 286  ,0.4515484515484515,45200.0
 0     0    87   GLU 90   , 0     0    78   ARG 81   ,0.44255744255744256,44300.0
 0     0   127   GLU 130  , 0     0    25   LYS 28   ,0.42157842157842157,42200.0
 5     5  1511   LYS 433  , 5     5  1509   GLU 431  ,0.41358641358641357,41400.0
 1     1   432   GLU 550  , 1     1   415   LYS 533  ,0.4085914085914086,40900.0
 7     7  2071   GLU 395  , 7     7  2068   ARG 392  ,0.4025974025974026,40300.0
 7     7  2005   GLU 329  , 6     6  1795   ARG 4    ,0.4005994005994006,40100.0
 6     6  1837   ASP 46   , 1     1   535   LYS 653  ,0.3776223776223776,37800.0
 4     4  1283   GLU 90   , 4     4  1274   ARG 81   ,0.3756243756243756,37600.0
 2     2   651   ARG 56   , 2     2   641   ASP 46   ,0.3756243756243756,37600.0
 7     7  2005   GLU 329  , 1     1   518   ARG 636  ,0.36863136863136864,36900.0
 8     8  2411   ARG 20   , 1     1   320   ASP 438  ,0.3596403596403596,36000.0
 8     8  2425   ASP 34   , 8     8  2392   GLU 1    ,0.35364635364635366,35400.0
 4     4  1249   ARG 56   , 4     4  1239   ASP 46   ,0.34465534465534464,34500.0
 1     1   271   LYS 389  , 1     1   142   ASP 260  ,0.3386613386613387,33900.0
 0     0   127   GLU 130  , 0     0    24   ARG 27   ,0.3336663336663337,33400.0
 8     8  2392   GLU 1    , 7     7  2123   ARG 447  ,0.32867132867132864,32900.0
 7     7  2042   ASP 366  , 7     7  1966   ARG 290  ,0.3206793206793207,32100.000000000004
 3     3  1155   ARG 675  , 3     3  1125   ASP 645  ,0.3096903096903097,31000.0
 5     5  1367   ARG 289  , 5     5  1364   ASP 286  ,0.30569430569430567,30599.999999999996
 5     5  1367   ARG 289  , 5     5  1362   ASP 284  ,0.3006993006993007,30099.999999999996
 5     5  1731   LYS 653  , 2     2   641   ASP 46   ,0.28771228771228774,28800.000000000004
 3     3   913   LYS 433  , 3     3   911   GLU 431  ,0.26873126873126874,26900.0
 3     3  1091   LYS 611  , 1     1   456   GLU 574  ,0.2677322677322677,26800.0
 7     7  1965   ARG 289  , 7     7  1963   GLU 287  ,0.26373626373626374,26400.0
 7     7  2109   LYS 433  , 7     7  2107   GLU 431  ,0.2627372627372627,26300.0
 5     5  1628   GLU 550  , 2     2   600   ARG 5    ,0.26073926073926074,26100.0
 1     1   273   ASP 391  , 1     1   271   LYS 389  ,0.25374625374625376,25400.0
 7     7  2043   GLU 367  , 7     7  1966   ARG 290  ,0.24375624375624375,24400.0
 3     3   869   LYS 389  , 3     3   794   ASP 314  ,0.22777222777222778,22800.0
 3     3  1133   LYS 653  , 0     0    47   GLU 50   ,0.22777222777222778,22800.0
 7     7  2052   LYS 376  , 7     7  2043   GLU 367  ,0.18181818181818182,18200.0
 7     7  2012   ARG 336  , 7     7  2004   ASP 328  ,0.17682317682317683,17700.0
 7     7  2329   LYS 653  , 4     4  1239   ASP 46   ,0.17682317682317683,17700.0
 5     5  1731   LYS 653  , 2     2   618   GLU 23   ,0.17682317682317683,17700.0
 8     8  2418   ARG 27   , 5     5  1516   ASP 438  ,0.17382617382617382,17400.0
 5     5  1516   ASP 438  , 5     5  1511   LYS 433  ,0.17382617382617382,17400.0
 3     3   875   GLU 395  , 2     2   598   VAL 3    ,0.16983016983016982,17000.0
 3     3  1155   ARG 675  , 3     3  1153   ASP 673  ,0.16883116883116883,16900.0
 7     7  2287   LYS 611  , 5     5  1652   GLU 574  ,0.16783216783216784,16800.0
 5     5  1785   LYS 707  , 5     5  1780   GLU 702  ,0.16683316683316685,16700.0
 3     3   868   ARG 388  , 3     3   794   ASP 314  ,0.16383616383616384,16400.0
 7     7  1966   ARG 290  , 7     7  1960   ASP 284  ,0.16283716283716285,16300.000000000002
 3     3   808   ASP 328  , 2     2   615   ARG 20   ,0.15684315684315683,15699.999999999998
 7     7  2226   GLU 550  , 7     7  2222   ARG 546  ,0.15584415584415584,15600.0
 3     3   846   ASP 366  , 3     3   842   ARG 362  ,0.15384615384615385,15400.0
 3     3   769   ARG 289  , 3     3   766   ASP 286  ,0.14485514485514486,14500.0
 1     1   557   ARG 675  , 1     1   527   ASP 645  ,0.14285714285714285,14300.0
 3     3  1169   ASP 689  , 3     3  1089   LYS 609  ,0.12987012987012986,12999.999999999998
 1     1   571   ASP 689  , 1     1   491   LYS 609  ,0.12787212787212787,12800.0
 1     1   597   ARG 715  , 1     1   525   ARG 643  ,0.12187812187812187,12200.0
 6     6  1814   GLU 23   , 1     1   535   LYS 653  ,0.12187812187812187,12200.0
 7     7  2320   ASP 644  , 7     7  2319   ARG 643  ,0.12187812187812187,12200.0
 5     5  1414   ARG 336  , 4     4  1216   GLU 23   ,0.11988011988011989,12000.0
 5     5  1367   ARG 289  , 5     5  1365   GLU 287  ,0.11988011988011989,12000.0
 0     0   108   ASP 111  , 0     0    24   ARG 27   ,0.10589410589410589,10600.0
 7     7  2365   ASP 689  , 7     7  2285   LYS 609  ,0.1018981018981019,10200.0
 7     7  2357   ASP 681  , 7     7  2312   ARG 636  ,0.1008991008991009,10100.0
