 7     7  2355   TYR 679  , 7     7  2231   HIS 555  ,1.0,100100.0
 3     3   862   ARG 382  , 3     3   791   PHE 311  ,1.0,100100.0
 3     3  1037   TRP 557  , 3     3  1005   TYR 525  ,1.0,100100.0
 5     5  1460   ARG 382  , 5     5  1457   ARG 379  ,1.0,100100.0
 5     5  1570   PHE 492  , 5     5  1497   TRP 419  ,0.999000999000999,100000.0
 3     3   916   TRP 436  , 3     3   899   TRP 419  ,0.999000999000999,100000.0
 7     7  2391   ARG 715  , 7     7  2340   HIS 664  ,0.998001998001998,99900.0
 3     3   868   ARG 388  , 3     3   821   TYR 341  ,0.997002997002997,99800.0
 1     1   318   TRP 436  , 1     1   301   TRP 419  ,0.997002997002997,99800.0
 7     7  2233   TRP 557  , 7     7  2201   TYR 525  ,0.996003996003996,99700.0
 5     5  1498   TYR 420  , 5     5  1358   PHE 280  ,0.995004995004995,99600.0
 3     3  1103   HIS 623  , 1     1   486   ARG 604  ,0.9920079920079921,99300.0
 3     3   865   ARG 385  , 3     3   791   PHE 311  ,0.99000999000999,99100.0
 7     7  2069   TYR 393  , 7     7  1937   TRP 261  ,0.989010989010989,99000.0
 7     7  2017   TYR 341  , 7     7  1995   PHE 319  ,0.989010989010989,99000.0
 7     7  2145   PHE 469  , 7     7  2095   TRP 419  ,0.985014985014985,98600.0
 1     1   351   PHE 469  , 1     1   301   TRP 419  ,0.975024975024975,97600.0
 5     5  1514   TRP 436  , 5     5  1498   TYR 420  ,0.974025974025974,97500.0
 5     5  1463   ARG 385  , 5     5  1389   PHE 311  ,0.973026973026973,97400.0
 7     7  2214   PHE 538  , 5     5  1637   TYR 559  ,0.972027972027972,97300.0
 7     7  2058   ARG 382  , 7     7  2055   ARG 379  ,0.97002997002997,97100.0
 3     3  1035   HIS 555  , 0     0     1   ARG 4    ,0.9660339660339661,96700.0
 3     3   943   TYR 463  , 3     3   760   PHE 280  ,0.9590409590409591,96000.0
 4     4  1322   PHE 129  , 4     4  1241   PHE 48   ,0.952047952047952,95300.0
 7     7  1996   ARG 320  , 7     7  1923   TRP 247  ,0.951048951048951,95200.0
 5     5  1466   ARG 388  , 5     5  1423   TRP 345  ,0.951048951048951,95200.0
 6     6  1920   PHE 129  , 6     6  1839   PHE 48   ,0.9440559440559441,94500.0
 3     3  1019   HIS 539  , 3     3  1018   PHE 538  ,0.9440559440559441,94500.0
 1     1   270   ARG 388  , 1     1   227   TRP 345  ,0.9340659340659341,93500.0
 5     5  1541   TYR 463  , 5     5  1358   PHE 280  ,0.9340659340659341,93500.0
 1     1   275   TYR 393  , 1     1   143   TRP 261  ,0.9300699300699301,93100.0
 5     5  1617   HIS 539  , 5     5  1616   PHE 538  ,0.9230769230769231,92400.0
 1     1   264   ARG 382  , 1     1   193   PHE 311  ,0.922077922077922,92300.0
 2     2   724   PHE 129  , 2     2   643   PHE 48   ,0.9200799200799201,92100.0
 3     3   943   TYR 463  , 3     3   756   TYR 276  ,0.919080919080919,92000.0
 7     7  2112   TRP 436  , 7     7  2095   TRP 419  ,0.916083916083916,91700.0
 3     3  1019   HIS 539  , 3     3  1015   PHE 535  ,0.9150849150849151,91600.0
 3     3   826   PHE 346  , 3     3   821   TYR 341  ,0.9140859140859141,91500.0
 7     7  2139   TYR 463  , 7     7  1952   TYR 276  ,0.9110889110889111,91200.0
 7     7  2215   HIS 539  , 7     7  2214   PHE 538  ,0.9100899100899101,91100.0
 7     7  2231   HIS 555  , 4     4  1197   ARG 4    ,0.9090909090909091,91000.0
 7     7  2064   ARG 388  , 7     7  2021   TRP 345  ,0.9070929070929071,90800.0
 3     3   949   PHE 469  , 3     3   899   TRP 419  ,0.906093906093906,90700.0
 2     2   624   PHE 29   , 2     2   617   PHE 22   ,0.9040959040959041,90500.0
 4     4  1222   PHE 29   , 4     4  1215   PHE 22   ,0.8981018981018981,89900.0
 6     6  1859   PHE 68   , 6     6  1845   TYR 54   ,0.8981018981018981,89900.0
 3     3   988   PHE 508  , 3     3   888   PHE 408  ,0.8951048951048951,89600.0
 3     3  1094   HIS 614  , 3     3  1035   HIS 555  ,0.8951048951048951,89600.0
 1     1   421   HIS 539  , 1     1   420   PHE 538  ,0.8891108891108891,89000.0
 1     1   421   HIS 539  , 1     1   417   PHE 535  ,0.8861138861138861,88700.0
 3     3   988   PHE 508  , 3     3   984   TYR 504  ,0.8801198801198801,88100.0
 1     1   302   TYR 420  , 1     1   162   PHE 280  ,0.8771228771228772,87800.0
 4     4  1261   PHE 68   , 4     4  1247   TYR 54   ,0.8761238761238761,87700.0
 5     5  1617   HIS 539  , 5     5  1613   PHE 535  ,0.8731268731268731,87400.0
 7     7  2280   ARG 604  , 1     1   505   HIS 623  ,0.8591408591408591,86000.0
 7     7  2061   ARG 385  , 7     7  1987   PHE 311  ,0.8531468531468531,85400.0
 1     1   345   TYR 463  , 1     1   162   PHE 280  ,0.8451548451548452,84600.0
 7     7  2286   PHE 610  , 7     7  2261   HIS 585  ,0.8401598401598401,84100.0
 7     7  2022   PHE 346  , 7     7  2017   TYR 341  ,0.8391608391608392,84000.0
 1     1   439   TRP 557  , 1     1   407   TYR 525  ,0.8331668331668332,83400.0
 7     7  2299   HIS 623  , 5     5  1682   ARG 604  ,0.8331668331668332,83400.0
 3     3   820   HIS 340  , 3     3   803   TYR 323  ,0.8311688311688312,83200.0
 3     3  1159   TYR 679  , 0     0     1   ARG 4    ,0.8281718281718282,82900.0
 3     3   732   TYR 252  , 3     3   731   HIS 251  ,0.8271728271728271,82800.0
 7     7  2022   PHE 346  , 7     7  2018   PHE 342  ,0.8261738261738262,82700.0
 1     1   223   TYR 341  , 1     1   201   PHE 319  ,0.8211788211788211,82200.0
 5     5  1701   HIS 623  , 3     3  1084   ARG 604  ,0.8201798201798202,82100.0
 7     7  2058   ARG 382  , 7     7  1987   PHE 311  ,0.8201798201798202,82100.0
 7     7  2184   PHE 508  , 7     7  2084   PHE 408  ,0.8181818181818182,81900.0
 5     5  1635   TRP 557  , 5     5  1603   TYR 525  ,0.8081918081918081,80900.0
 3     3   900   TYR 420  , 3     3   760   PHE 280  ,0.8031968031968032,80400.0
 4     4  1245   PHE 52   , 4     4  1241   PHE 48   ,0.8011988011988012,80200.0
 7     7  2139   TYR 463  , 7     7  1956   PHE 280  ,0.7972027972027972,79800.0
 1     1   134   TYR 252  , 1     1   133   HIS 251  ,0.7952047952047953,79600.0
 1     1   345   TYR 463  , 1     1   158   TYR 276  ,0.7922077922077922,79300.0
 6     6  1843   PHE 52   , 6     6  1839   PHE 48   ,0.7902097902097902,79100.0
 3     3   825   TRP 345  , 3     3   822   PHE 342  ,0.7892107892107892,79000.0
 7     7  2016   HIS 340  , 7     7  1999   TYR 323  ,0.7872127872127872,78800.0
 0     0    26   PHE 29   , 0     0    19   PHE 22   ,0.7702297702297702,77100.0
 7     7  2215   HIS 539  , 7     7  2211   PHE 535  ,0.7652347652347652,76600.0
 3     3  1195   ARG 715  , 3     3  1144   HIS 664  ,0.7652347652347652,76600.0
 3     3   873   TYR 393  , 3     3   741   TRP 261  ,0.7632367632367633,76400.0
 7     7  2359   HIS 683  , 7     7  2261   HIS 585  ,0.7602397602397603,76100.0
 5     5  1418   HIS 340  , 5     5  1401   TYR 323  ,0.7582417582417582,75900.0
 1     1   496   HIS 614  , 1     1   437   HIS 555  ,0.7582417582417582,75900.0
 5     5  1793   ARG 715  , 5     5  1742   HIS 664  ,0.7392607392607392,74000.0
 6     6  1820   PHE 29   , 6     6  1813   PHE 22   ,0.7372627372627373,73800.0
 5     5  1586   PHE 508  , 5     5  1582   TYR 504  ,0.7342657342657343,73500.0
 7     7  1949   PHE 273  , 7     7  1945   TYR 269  ,0.7312687312687313,73200.0
 0     0   126   PHE 129  , 0     0    49   PHE 52   ,0.7122877122877123,71300.0
 5     5  1541   TYR 463  , 5     5  1354   TYR 276  ,0.7052947052947053,70600.0
 1     1   267   ARG 385  , 1     1   193   PHE 311  ,0.6903096903096904,69100.0
 0     0   126   PHE 129  , 0     0    45   PHE 48   ,0.6873126873126874,68800.0
 0     0    49   PHE 52   , 0     0    45   PHE 48   ,0.6863136863136863,68700.0
 7     7  2018   PHE 342  , 7     7  1995   PHE 319  ,0.6803196803196803,68100.0
 5     5  1411   HIS 333  , 5     5  1324   ARG 246  ,0.6643356643356644,66500.0
 3     3  1018   PHE 538  , 1     1   441   TYR 559  ,0.6613386613386614,66200.0
 5     5  1460   ARG 382  , 5     5  1389   PHE 311  ,0.6523476523476524,65300.0
 7     7  2068   ARG 392  , 7     7  1927   HIS 251  ,0.6523476523476524,65300.0
 5     5  1586   PHE 508  , 5     5  1486   PHE 408  ,0.6413586413586414,64200.00000000001
 1     1   587   TRP 705  , 1     1   586   PHE 704  ,0.6313686313686314,63200.00000000001
 0     0    65   PHE 68   , 0     0    51   TYR 54   ,0.6253746253746254,62600.0
 7     7  2108   HIS 432  , 7     7  2103   ARG 427  ,0.6163836163836164,61700.0
 1     1   468   ARG 586  , 1     1   465   HIS 583  ,0.6103896103896104,61100.0
 7     7  2096   TYR 420  , 7     7  1956   PHE 280  ,0.6023976023976024,60300.0
 5     5  1424   PHE 346  , 5     5  1420   PHE 342  ,0.5984015984015985,59900.00000000001
 2     2   663   PHE 68   , 2     2   649   TYR 54   ,0.5934065934065934,59400.0
 3     3  1159   TYR 679  , 3     3  1035   HIS 555  ,0.5924075924075924,59300.0
 3     3   813   HIS 333  , 3     3   726   ARG 246  ,0.5814185814185814,58199.99999999999
 7     7  2037   PHE 361  , 7     7  2032   PHE 356  ,0.5614385614385614,56200.0
 5     5  1419   TYR 341  , 5     5  1397   PHE 319  ,0.5494505494505495,55000.00000000001
 1     1   597   ARG 715  , 1     1   546   HIS 664  ,0.5464535464535465,54700.00000000001
 1     1   390   PHE 508  , 1     1   386   TYR 504  ,0.5394605394605395,54000.00000000001
 3     3   842   ARG 362  , 3     3   841   PHE 361  ,0.5194805194805194,51999.99999999999
 5     5  1420   PHE 342  , 5     5  1419   TYR 341  ,0.5174825174825175,51800.0
 7     7  2155   PHE 479  , 5     5  1547   PHE 469  ,0.5114885114885115,51200.0
 1     1   390   PHE 508  , 1     1   290   PHE 408  ,0.5074925074925075,50800.0
 1     1   314   HIS 432  , 1     1   311   TYR 429  ,0.5034965034965035,50400.00000000001
 5     5  1761   HIS 683  , 5     5  1663   HIS 585  ,0.4995004995004995,50000.0
 6     6  1798   HIS 7    , 6     6  1795   ARG 4    ,0.4935064935064935,49400.0
 7     7  2184   PHE 508  , 7     7  2180   TYR 504  ,0.47652347652347654,47700.0
 1     1   228   PHE 346  , 1     1   201   PHE 319  ,0.47152847152847155,47200.0
 7     7  2271   PHE 595  , 7     7  2261   HIS 585  ,0.45754245754245754,45800.0
 5     5  1557   PHE 479  , 5     5  1546   TYR 468  ,0.43956043956043955,44000.0
 1     1   228   PHE 346  , 1     1   224   PHE 342  ,0.43356643356643354,43400.0
 7     7  2235   TYR 559  , 7     7  2231   HIS 555  ,0.42857142857142855,42900.0
 1     1   217   ARG 335  , 1     1   215   HIS 333  ,0.42357642357642356,42400.0
 3     3   872   ARG 392  , 3     3   741   TRP 261  ,0.41858141858141856,41900.0
 2     2   649   TYR 54   , 2     2   647   PHE 52   ,0.4095904095904096,41000.0
 3     3  1163   HIS 683  , 3     3  1065   HIS 585  ,0.4025974025974026,40300.0
 2     2   647   PHE 52   , 2     2   643   PHE 48   ,0.4025974025974026,40300.0
 1     1   492   PHE 610  , 1     1   467   HIS 585  ,0.3966033966033966,39700.0
 3     3   732   TYR 252  , 2     2   599   ARG 4    ,0.3936063936063936,39400.0
 7     7  2147   PHE 471  , 7     7  2084   PHE 408  ,0.3876123876123876,38800.0
 6     6  1798   HIS 7    , 1     1   561   TYR 679  ,0.3806193806193806,38100.0
 1     1   177   TYR 295  , 1     1   172   ARG 290  ,0.3776223776223776,37800.0
 5     5  1635   TRP 557  , 5     5  1602   ARG 524  ,0.37462537462537465,37500.0
 5     5  1616   PHE 538  , 3     3  1039   TYR 559  ,0.3676323676323676,36800.0
 6     6  1920   PHE 129  , 6     6  1843   PHE 52   ,0.3626373626373626,36300.0
 1     1   228   PHE 346  , 1     1   223   TYR 341  ,0.36163836163836166,36200.0
 3     3  1006   HIS 526  , 1     1   399   ARG 517  ,0.35664335664335667,35700.0
 5     5  1664   ARG 586  , 5     5  1661   HIS 583  ,0.34665334665334663,34700.0
 5     5  1470   ARG 392  , 5     5  1329   HIS 251  ,0.3436563436563437,34400.0
 6     6  1897   PHE 106  , 6     6  1891   ARG 100  ,0.34065934065934067,34100.0
 3     3  1066   ARG 586  , 3     3  1063   HIS 583  ,0.3386613386613387,33900.0
 5     5  1514   TRP 436  , 5     5  1510   HIS 432  ,0.33766233766233766,33800.0
 7     7  2309   PHE 633  , 7     7  2286   PHE 610  ,0.33666333666333664,33700.0
 3     3   800   ARG 320  , 3     3   727   TRP 247  ,0.32967032967032966,33000.0
 1     1   441   TYR 559  , 1     1   437   HIS 555  ,0.32167832167832167,32200.0
 1     1   205   TYR 323  , 1     1   133   HIS 251  ,0.31868131868131866,31899.999999999996
 0     0   103   PHE 106  , 0     0    97   ARG 100  ,0.3036963036963037,30400.0
 8     8  2427   PHE 36   , 8     8  2418   ARG 27   ,0.3006993006993007,30099.999999999996
 1     1   439   TRP 557  , 1     1   406   ARG 524  ,0.29270729270729273,29300.000000000004
 1     1   224   PHE 342  , 1     1   201   PHE 319  ,0.2857142857142857,28600.0
 7     7  2235   TYR 559  , 1     1   420   PHE 538  ,0.2837162837162837,28400.0
 7     7  2381   TRP 705  , 7     7  2380   PHE 704  ,0.2837162837162837,28400.0
 1     1   515   PHE 633  , 1     1   492   PHE 610  ,0.2827172827172827,28299.999999999996
 2     2   724   PHE 129  , 2     2   647   PHE 52   ,0.2787212787212787,27900.0
 4     4  1322   PHE 129  , 4     4  1245   PHE 52   ,0.2727272727272727,27299.999999999996
 7     7  2009   HIS 333  , 7     7  1922   ARG 246  ,0.2727272727272727,27299.999999999996
 5     5  1757   TYR 679  , 5     5  1633   HIS 555  ,0.26573426573426573,26600.0
 5     5  1582   TYR 504  , 5     5  1486   PHE 408  ,0.2647352647352647,26499.999999999996
 3     3  1090   PHE 610  , 3     3  1065   HIS 585  ,0.2627372627372627,26300.0
 1     1   222   HIS 340  , 1     1   205   TYR 323  ,0.26173826173826176,26200.000000000004
 5     5  1782   PHE 704  , 5     5  1673   PHE 595  ,0.26173826173826176,26200.000000000004
 3     3   951   PHE 471  , 3     3   888   PHE 408  ,0.25574425574425574,25600.0
 7     7  2012   ARG 336  , 7     7  2009   HIS 333  ,0.25274725274725274,25300.0
 4     4  1200   HIS 7    , 4     4  1198   ARG 5    ,0.24375624375624375,24400.0
 7     7  2355   TYR 679  , 4     4  1197   ARG 4    ,0.24175824175824176,24200.0
 7     7  2290   HIS 614  , 7     7  2231   HIS 555  ,0.24175824175824176,24200.0
 5     5  1688   PHE 610  , 5     5  1663   HIS 585  ,0.23876123876123875,23900.0
 3     3  1113   PHE 633  , 3     3  1090   PHE 610  ,0.23576423576423577,23600.0
 3     3  1015   PHE 535  , 1     1   454   PHE 572  ,0.23476523476523475,23500.0
 5     5  1330   TYR 252  , 5     5  1329   HIS 251  ,0.23076923076923078,23100.0
 7     7  2168   PHE 492  , 7     7  2095   TRP 419  ,0.22777222777222778,22800.0
 7     7  2359   HIS 683  , 7     7  2286   PHE 610  ,0.22477522477522477,22500.0
 5     5  1423   TRP 345  , 5     5  1401   TYR 323  ,0.22277722277722278,22300.0
 7     7  2022   PHE 346  , 7     7  1995   PHE 319  ,0.2217782217782218,22200.0
 5     5  1711   PHE 633  , 5     5  1688   PHE 610  ,0.2217782217782218,22200.0
 8     8  2411   ARG 20   , 1     1   329   ARG 447  ,0.22077922077922077,22100.0
 7     7  2072   TYR 396  , 1     1   408   HIS 526  ,0.21878121878121878,21900.0
 8     8  2402   TYR 11   , 3     3   927   ARG 447  ,0.21478521478521478,21500.0
 5     5  1604   HIS 526  , 5     5  1603   TYR 525  ,0.2127872127872128,21300.0
 6     6  1834   TYR 43   , 6     6  1820   PHE 29   ,0.1998001998001998,20000.0
 5     5  1624   ARG 546  , 2     2   600   ARG 5    ,0.1958041958041958,19600.0
 2     2   651   ARG 56   , 2     2   638   TYR 43   ,0.1958041958041958,19600.0
 5     5  1783   TRP 705  , 5     5  1782   PHE 704  ,0.1918081918081918,19200.0
 5     5  1782   PHE 704  , 5     5  1778   PHE 700  ,0.18681318681318682,18700.0
 1     1   586   PHE 704  , 1     1   477   PHE 595  ,0.1848151848151848,18500.0
 7     7  2380   PHE 704  , 7     7  2271   PHE 595  ,0.18081918081918083,18100.0
 1     1   515   PHE 633  , 1     1   477   PHE 595  ,0.18081918081918083,18100.0
 3     3  1184   PHE 704  , 3     3  1075   PHE 595  ,0.17882117882117882,17900.0
 1     1   565   HIS 683  , 1     1   467   HIS 585  ,0.17682317682317683,17700.0
 7     7  2333   PHE 657  , 7     7  2308   TYR 632  ,0.17482517482517482,17500.0
 1     1   353   PHE 471  , 1     1   290   PHE 408  ,0.17382617382617382,17400.0
 8     8  2418   ARG 27   , 5     5  1525   ARG 447  ,0.17382617382617382,17400.0
 3     3   739   TRP 259  , 3     3   735   PHE 255  ,0.17282717282717283,17300.0
 7     7  1971   TYR 295  , 7     7  1952   TYR 276  ,0.16683316683316685,16700.0
 3     3   826   PHE 346  , 3     3   799   PHE 319  ,0.16583416583416583,16600.0
 3     3   859   ARG 379  , 3     3   836   PHE 356  ,0.16483516483516483,16500.0
 1     1   374   PHE 492  , 1     1   301   TRP 419  ,0.16383616383616384,16400.0
 6     6  1897   PHE 106  , 6     6  1843   PHE 52   ,0.16283716283716285,16300.000000000002
 3     3  1090   PHE 610  , 3     3  1075   PHE 595  ,0.15984015984015984,16000.0
 5     5  1423   TRP 345  , 5     5  1418   HIS 340  ,0.15584415584415584,15600.0
 5     5  1470   ARG 392  , 5     5  1339   TRP 261  ,0.15384615384615385,15400.0
 3     3   882   PHE 402  , 3     3   741   TRP 261  ,0.15284715284715283,15299.999999999998
 5     5  1783   TRP 705  , 5     5  1765   ARG 687  ,0.14985014985014986,15000.0
 5     5  1414   ARG 336  , 5     5  1401   TYR 323  ,0.14885114885114886,14900.000000000002
 3     3  1185   TRP 705  , 3     3  1184   PHE 704  ,0.14585414585414586,14600.0
 0     0    24   ARG 27   , 0     0    19   PHE 22   ,0.14485514485514486,14500.0
 1     1   243   PHE 361  , 1     1   177   TYR 295  ,0.14085914085914086,14100.0
 7     7  1956   PHE 280  , 7     7  1952   TYR 276  ,0.13886113886113885,13899.999999999998
 5     5  1711   PHE 633  , 5     5  1673   PHE 595  ,0.13886113886113885,13899.999999999998
 4     4  1299   PHE 106  , 4     4  1245   PHE 52   ,0.13786213786213786,13800.0
 3     3   873   TYR 393  , 3     3   872   ARG 392  ,0.13486513486513488,13500.000000000002
 7     7  2248   PHE 572  , 1     1   417   PHE 535  ,0.13386613386613386,13400.0
 1     1   202   ARG 320  , 1     1   201   PHE 319  ,0.13286713286713286,13300.0
 0     0   103   PHE 106  , 0     0    49   PHE 52   ,0.13186813186813187,13200.0
 5     5  1688   PHE 610  , 5     5  1673   PHE 595  ,0.12987012987012986,12999.999999999998
 6     6  1795   ARG 4    , 1     1   561   TYR 679  ,0.12487512487512488,12500.0
 5     5  1351   PHE 273  , 5     5  1347   TYR 269  ,0.11888111888111888,11900.0
 5     5  1613   PHE 535  , 3     3  1052   PHE 572  ,0.11688311688311688,11700.0
 5     5  1413   ARG 335  , 5     5  1411   HIS 333  ,0.11488511488511488,11500.0
 4     4  1299   PHE 106  , 4     4  1293   ARG 100  ,0.11488511488511488,11500.0
 7     7  1935   TRP 259  , 7     7  1931   PHE 255  ,0.11388611388611389,11400.0
 7     7  2089   HIS 413  , 7     7  1952   TYR 276  ,0.11288711288711288,11300.0
 3     3   803   TYR 323  , 3     3   731   HIS 251  ,0.10989010989010989,11000.0
 5     5  1330   TYR 252  , 4     4  1198   ARG 5    ,0.10989010989010989,11000.0
 2     2   622   ARG 27   , 2     2   617   PHE 22   ,0.10589410589410589,10600.0
 3     3   815   ARG 335  , 3     3   813   HIS 333  ,0.1048951048951049,10500.0
 5     5  1510   HIS 432  , 5     5  1505   ARG 427  ,0.1038961038961039,10400.0
 0     0     4   HIS 7    , 0     0     2   ARG 5    ,0.1018981018981019,10200.0
