 3     3   332   ARG 333  , 3     3   260   PHE 261  ,1.0,34600.0
 1     1   646   ARG 647  , 1     1   620   PHE 621  ,1.0,34600.0
 0     0   679   PHE 680  , 0     0   676   ARG 677  ,1.0,34600.0
 3     3   136   LYS 137  , 3     3   107   TRP 108  ,1.0,34600.0
 1     1   418   LYS 419  , 1     1   412   TRP 413  ,1.0,34600.0
 3     3    56   ARG 57   , 3     3    43   TYR 44   ,1.0,34600.0
 3     3   545   ARG 546  , 3     3   542   HIS 543  ,1.0,34600.0
 1     1   520   ARG 521  , 1     1   516   TRP 517  ,1.0,34600.0
 3     3   329   ARG 330  , 3     3   305   TYR 306  ,1.0,34600.0
 0     0   335   ARG 336  , 0     0   260   PHE 261  ,1.0,34600.0
 0     0   332   ARG 333  , 0     0   260   PHE 261  ,1.0,34600.0
 1     1   582   HIS 583  , 0     0   563   ARG 564  ,1.0,34600.0
 1     1   332   ARG 333  , 1     1   260   PHE 261  ,1.0,34600.0
 2     2   520   ARG 521  , 2     2   484   TYR 485  ,1.0,34600.0
 3     3   335   ARG 336  , 3     3   260   PHE 261  ,1.0,34600.0
 4     4    35   PHE 36   , 4     4    22   LYS 23   ,1.0,34600.0
 4     4    20   PHE 21   , 4     4     0   ARG 1    ,1.0,34600.0
 2     2   332   ARG 333  , 2     2   260   PHE 261  ,1.0,34600.0
 2     2   335   ARG 336  , 2     2   260   PHE 261  ,1.0,34600.0
 2     2    56   ARG 57   , 2     2    43   TYR 44   ,0.9971098265895953,34500.0
 0     0   665   ARG 666  , 0     0   661   HIS 662  ,0.9971098265895953,34500.0
 1     1   335   ARG 336  , 1     1   260   PHE 261  ,0.9971098265895953,34500.0
 1     1    56   ARG 57   , 1     1    43   TYR 44   ,0.9971098265895953,34500.0
 3     3   582   HIS 583  , 2     2   563   ARG 564  ,0.9971098265895953,34500.0
 1     1   545   ARG 546  , 1     1   542   HIS 543  ,0.9971098265895953,34500.0
 0     0   342   HIS 343  , 0     0   339   LYS 340  ,0.9942196531791907,34400.0
 2     2   427   TYR 428  , 1     1   449   LYS 450  ,0.9913294797687862,34300.0
 1     1   287   ARG 288  , 1     1   268   PHE 269  ,0.9913294797687862,34300.0
 0     0   182   ARG 183  , 0     0   178   HIS 179  ,0.9884393063583815,34200.0
 3     3   342   HIS 343  , 3     3     7   ARG 8    ,0.9884393063583815,34200.0
 0     0   342   HIS 343  , 0     0     6   ARG 7    ,0.9884393063583815,34200.0
 2     2   136   LYS 137  , 2     2   107   TRP 108  ,0.9855491329479769,34100.0
 3     3   182   ARG 183  , 3     3   178   HIS 179  ,0.9826589595375722,34000.0
 3     3   339   LYS 340  , 3     3   211   HIS 212  ,0.9739884393063584,33700.0
 0     0   338   ARG 339  , 0     0   219   TRP 220  ,0.9566473988439307,33100.0
 2     2   335   ARG 336  , 2     2   294   TRP 295  ,0.9566473988439307,33100.0
 2     2   335   ARG 336  , 2     2   290   TYR 291  ,0.9450867052023122,32700.000000000004
 1     1   136   LYS 137  , 1     1   107   TRP 108  ,0.9450867052023122,32700.000000000004
 0     0   411   LYS 412  , 0     0   378   PHE 379  ,0.9421965317919075,32600.0
 0     0    56   ARG 57   , 0     0    43   TYR 44   ,0.9364161849710982,32400.0
 0     0   103   ARG 104  , 0     0    99   TYR 100  ,0.9364161849710982,32400.0
 2     2   338   ARG 339  , 2     2   219   TRP 220  ,0.9364161849710982,32400.0
 1     1   338   ARG 339  , 1     1   294   TRP 295  ,0.9335260115606936,32300.0
 2     2   103   ARG 104  , 2     2    99   TYR 100  ,0.9248554913294798,32000.0
 1     1   711   ARG 712  , 1     1   707   HIS 708  ,0.9190751445086706,31800.0
 1     1   383   LYS 384  , 1     1   378   PHE 379  ,0.9132947976878613,31600.0
 3     3   563   ARG 564  , 0     0   582   HIS 583  ,0.8583815028901735,29700.0
 0     0   339   LYS 340  , 0     0   221   TRP 222  ,0.846820809248555,29300.0
 3     3   646   ARG 647  , 3     3   620   PHE 621  ,0.8352601156069365,28900.000000000004
 3     3   638   TYR 639  , 2     2     7   ARG 8    ,0.8265895953757225,28600.0
 1     1   665   ARG 666  , 1     1   661   HIS 662  ,0.8236994219653179,28500.0
 0     0   219   TRP 220  , 0     0   216   LYS 217  ,0.8208092485549133,28400.0
 1     1   103   ARG 104  , 1     1    99   TYR 100  ,0.8208092485549133,28400.0
 0     0   516   TRP 517  , 0     0   483   ARG 484  ,0.8208092485549133,28400.0
 0     0   136   LYS 137  , 0     0   107   TRP 108  ,0.8179190751445087,28300.0
 2     2   342   HIS 343  , 2     2     6   ARG 7    ,0.7976878612716763,27600.0
 0     0   178   HIS 179  , 0     0   173   LYS 174  ,0.7947976878612717,27500.0
 1     1   573   HIS 574  , 0     0     7   ARG 8    ,0.7832369942196532,27100.0
 2     2   711   ARG 712  , 2     2   707   HIS 708  ,0.7601156069364162,26300.0
 0     0   287   ARG 288  , 0     0   269   HIS 270  ,0.7543352601156069,26100.0
 3     3   665   ARG 666  , 3     3   661   HIS 662  ,0.7456647398843931,25800.0
 0     0   101   LYS 102  , 0     0    54   TYR 55   ,0.7312138728323699,25300.0
 0     0   711   ARG 712  , 0     0   707   HIS 708  ,0.7312138728323699,25300.0
 3     3   103   ARG 104  , 3     3    99   TYR 100  ,0.7167630057803468,24800.0
 1     1   339   LYS 340  , 1     1   219   TRP 220  ,0.7138728323699421,24700.0
 0     0   326   LYS 327  , 0     0   322   PHE 323  ,0.7052023121387283,24400.0
 0     0   646   ARG 647  , 0     0   620   PHE 621  ,0.7052023121387283,24400.0
 1     1   342   HIS 343  , 1     1     6   ARG 7    ,0.7052023121387283,24400.0
 3     3   711   ARG 712  , 3     3   707   HIS 708  ,0.6965317919075145,24100.0
 3     3   418   LYS 419  , 3     3   236   TYR 237  ,0.6965317919075145,24100.0
 3     3   338   ARG 339  , 3     3   290   TYR 291  ,0.6936416184971098,24000.0
 2     2   665   ARG 666  , 2     2   661   HIS 662  ,0.6820809248554913,23600.0
 1     1   717   ARG 718  , 1     1   713   PHE 714  ,0.6820809248554913,23600.0
 1     1   219   TRP 220  , 1     1   216   LYS 217  ,0.6763005780346821,23400.0
 0     0   182   ARG 183  , 0     0   135   PHE 136  ,0.6647398843930635,22999.999999999996
 1     1   638   TYR 639  , 0     0     7   ARG 8    ,0.6445086705202312,22300.0
 1     1   101   LYS 102  , 1     1    54   TYR 55   ,0.6271676300578035,21700.0
 2     2   287   ARG 288  , 2     2   269   HIS 270  ,0.6213872832369942,21500.0
 3     3   219   TRP 220  , 3     3   216   LYS 217  ,0.6213872832369942,21500.0
 3     3   717   ARG 718  , 3     3   713   PHE 714  ,0.615606936416185,21300.000000000004
 2     2   329   ARG 330  , 2     2   305   TYR 306  ,0.6069364161849711,21000.0
 1     1   212   TYR 213  , 1     1     6   ARG 7    ,0.5982658959537572,20700.0
 0     0   720   LYS 721  , 0     0   716   PHE 717  ,0.5838150289017341,20200.0
 3     3   101   LYS 102  , 3     3    54   TYR 55   ,0.5549132947976878,19199.999999999996
 3     3   710   ARG 711  , 3     3   707   HIS 708  ,0.546242774566474,18900.0
 2     2   101   LYS 102  , 2     2    54   TYR 55   ,0.5404624277456648,18700.0
 2     2    68   PHE 69   , 2     2    62   LYS 63   ,0.5346820809248555,18500.0
 2     2   717   ARG 718  , 2     2   713   PHE 714  ,0.5115606936416185,17700.0
 1     1   720   LYS 721  , 1     1   716   PHE 717  ,0.5086705202312138,17600.0
 0     0   717   ARG 718  , 0     0   713   PHE 714  ,0.5086705202312138,17600.0
 1     1   412   TRP 413  , 1     1   383   LYS 384  ,0.49710982658959535,17200.0
 0     0   545   ARG 546  , 0     0   542   HIS 543  ,0.4913294797687861,17000.0
 3     3     0   MET 1    , 0     0   516   TRP 517  ,0.4913294797687861,17000.0
 3     3   287   ARG 288  , 3     3   269   HIS 270  ,0.48265895953757226,16700.0
 0     0   211   HIS 212  , 0     0     6   ARG 7    ,0.47109826589595377,16300.0
 2     2   338   ARG 339  , 2     2   290   TYR 291  ,0.4653179190751445,16100.0
 2     2   492   ARG 493  , 2     2   485   HIS 486  ,0.4653179190751445,16100.0
 2     2   383   LYS 384  , 2     2   378   PHE 379  ,0.45375722543352603,15700.0
 2     2   646   ARG 647  , 2     2   620   PHE 621  ,0.43641618497109824,15100.0
 2     2   582   HIS 583  , 1     1   563   ARG 564  ,0.43641618497109824,15100.0
 2     2   339   LYS 340  , 2     2   221   TRP 222  ,0.43352601156069365,15000.0
 2     2   342   HIS 343  , 2     2   339   LYS 340  ,0.430635838150289,14900.0
 4     4    17   LYS 18   , 4     4    13   PHE 14   ,0.42196531791907516,14600.0
 2     2   710   ARG 711  , 2     2   707   HIS 708  ,0.4161849710982659,14400.0
 2     2   545   ARG 546  , 2     2   542   HIS 543  ,0.4046242774566474,14000.0
 3     3   449   LYS 450  , 0     0   427   TYR 428  ,0.3930635838150289,13600.0
 4     4    31   PHE 32   , 4     4     5   LYS 6    ,0.3901734104046243,13500.0
 3     3   338   ARG 339  , 3     3   294   TRP 295  ,0.38439306358381503,13300.0
 3     3   335   ARG 336  , 3     3   290   TYR 291  ,0.3699421965317919,12800.0
 2     2   152   ARG 153  , 2     2   147   TRP 148  ,0.36416184971098264,12600.0
 3     3   216   LYS 217  , 3     3   211   HIS 212  ,0.36127167630057805,12500.0
 3     3   287   ARG 288  , 3     3   268   PHE 269  ,0.3468208092485549,12000.0
 3     3   402   TYR 403  , 3     3   383   LYS 384  ,0.3439306358381503,11900.0
 3     3   338   ARG 339  , 3     3   272   PHE 273  ,0.3352601156069364,11600.0
 4     4    35   PHE 36   , 4     4    26   LYS 27   ,0.3352601156069364,11600.0
 2     2   155   ARG 156  , 2     2   147   TRP 148  ,0.32947976878612717,11400.0
 2     2   150   PHE 151  , 2     2   149   LYS 150  ,0.3265895953757225,11300.0
 1     1   287   ARG 288  , 1     1   269   HIS 270  ,0.3236994219653179,11200.0
 0     0    68   PHE 69   , 0     0    62   LYS 63   ,0.30346820809248554,10500.0
 1     1   427   TYR 428  , 0     0   449   LYS 450  ,0.2947976878612717,10200.0
 1     1   326   LYS 327  , 1     1   322   PHE 323  ,0.29190751445086704,10100.0
 0     0   717   ARG 718  , 0     0   716   PHE 717  ,0.2861271676300578,9900.0
 1     1    68   PHE 69   , 1     1    62   LYS 63   ,0.2774566473988439,9599.999999999998
 1     1   581   TYR 582  , 0     0   533   LYS 534  ,0.2774566473988439,9599.999999999998
 1     1   103   ARG 104  , 1     1    54   TYR 55   ,0.2745664739884393,9500.0
 3     3    83   ARG 84   , 3     3    39   TRP 40   ,0.27167630057803466,9400.0
 2     2   179   LYS 180  , 2     2   135   PHE 136  ,0.2658959537572254,9200.0
 2     2   219   TRP 220  , 2     2   216   LYS 217  ,0.2630057803468208,9100.0
 3     3   720   LYS 721  , 3     3   716   PHE 717  ,0.2543352601156069,8800.0
 3     3   147   TRP 148  , 3     3   145   LYS 146  ,0.24855491329479767,8600.0
 3     3   573   HIS 574  , 2     2     7   ARG 8    ,0.24277456647398843,8400.0
 0     0    83   ARG 84   , 0     0    39   TRP 40   ,0.2398843930635838,8300.0
 3     3    68   PHE 69   , 3     3    62   LYS 63   ,0.2398843930635838,8300.0
 1     1   710   ARG 711  , 1     1   707   HIS 708  ,0.23121387283236994,8000.0
 3     3   533   LYS 534  , 0     0   582   HIS 583  ,0.22832369942196531,7900.0
 0     0   622   LYS 623  , 0     0   621   TRP 622  ,0.2254335260115607,7800.0
 3     3   339   LYS 340  , 3     3   212   TYR 213  ,0.22254335260115607,7700.0
 1     1   346   TYR 347  , 1     1     6   ARG 7    ,0.21965317919075145,7600.0
 2     2   720   LYS 721  , 2     2   716   PHE 717  ,0.21676300578034682,7500.0
 3     3   342   HIS 343  , 3     3   338   ARG 339  ,0.20520231213872833,7100.0
 1     1   418   LYS 419  , 1     1   370   TYR 371  ,0.1994219653179191,6900.0
 4     4    20   PHE 21   , 4     4    19   ARG 20   ,0.1936416184971098,6699.999999999999
 3     3   622   LYS 623  , 3     3   621   TRP 622  ,0.1936416184971098,6699.999999999999
 2     2   418   LYS 419  , 2     2   370   TYR 371  ,0.1936416184971098,6699.999999999999
 2     2   492   ARG 493  , 1     1   346   TYR 347  ,0.18208092485549132,6300.0
 1     1    83   ARG 84   , 1     1    39   TRP 40   ,0.18208092485549132,6300.0
 1     1   622   LYS 623  , 1     1   621   TRP 622  ,0.17052023121387283,5900.0
 0     0   661   HIS 662  , 0     0   555   ARG 556  ,0.1676300578034682,5800.0
 1     1   418   LYS 419  , 1     1   240   PHE 241  ,0.1676300578034682,5800.0
 3     3   533   LYS 534  , 0     0   581   TYR 582  ,0.16184971098265896,5600.0
 3     3   342   HIS 343  , 3     3   339   LYS 340  ,0.15895953757225434,5500.0
 3     3   634   ARG 635  , 2     2   197   TYR 198  ,0.15895953757225434,5500.0
 3     3   116   ARG 117  , 3     3    89   TYR 90   ,0.15606936416184972,5400.0
 2     2   717   ARG 718  , 2     2   716   PHE 717  ,0.15606936416184972,5400.0
 2     2    83   ARG 84   , 2     2    39   TRP 40   ,0.15028901734104047,5200.0
 2     2   548   PHE 549  , 2     2   545   ARG 546  ,0.15028901734104047,5200.0
 1     1   720   LYS 721  , 0     0   661   HIS 662  ,0.14739884393063585,5100.0
 2     2   516   TRP 517  , 2     2   483   ARG 484  ,0.14739884393063585,5100.0
 2     2   622   LYS 623  , 2     2   621   TRP 622  ,0.13583815028901733,4700.0
 3     3   717   ARG 718  , 3     3   716   PHE 717  ,0.1329479768786127,4600.0
 3     3   716   PHE 717  , 3     3   695   ARG 696  ,0.13005780346820808,4500.0
 3     3   581   TYR 582  , 2     2   533   LYS 534  ,0.12716763005780346,4400.0
 2     2   642   HIS 643  , 2     2   546   LYS 547  ,0.12716763005780346,4400.0
 2     2   136   LYS 137  , 2     2   135   PHE 136  ,0.12716763005780346,4400.0
 2     2    83   ARG 84   , 2     2    70   TYR 71   ,0.12716763005780346,4400.0
 0     0   338   ARG 339  , 0     0   294   TRP 295  ,0.12716763005780346,4400.0
 3     3    83   ARG 84   , 0     0   716   PHE 717  ,0.12427745664739884,4300.0
 3     3   516   TRP 517  , 2     2     6   ARG 7    ,0.11849710982658959,4100.0
 3     3    83   ARG 84   , 3     3    70   TYR 71   ,0.11560693641618497,4000.0
 1     1   182   ARG 183  , 1     1   135   PHE 136  ,0.10982658959537572,3800.0
